-- Adminer 3.3.3 MySQL dump

SET NAMES utf8;
SET foreign_key_checks = 0;
SET time_zone = 'SYSTEM';
SET sql_mode = 'NO_AUTO_VALUE_ON_ZERO';

DROP TABLE IF EXISTS `aclgroup`;
CREATE TABLE `aclgroup` (
  `id` int(11) unsigned NOT NULL auto_increment,
  `name` varchar(50) NOT NULL,
  `description` varchar(255) NOT NULL,
  `datecreated` datetime NOT NULL,
  `createdby` int(11) unsigned NOT NULL,
  `lastupdatedate` datetime default NULL,
  `lastupdatedby` int(11) unsigned default NULL,
  PRIMARY KEY  (`id`),
  UNIQUE KEY `unique_name` (`name`)
) ENGINE=InnoDB DEFAULT CHARSET=utf8;

INSERT INTO `aclgroup` (`id`, `name`, `description`, `datecreated`, `createdby`, `lastupdatedate`, `lastupdatedby`) VALUES
(1,	'Administrator',	'Overall system administrator',	'0000-00-00 00:00:00',	1,	NULL,	NULL),
(2,	'Customer Care',	'Logs new Ticket and Assigns directorate',	'0000-00-00 00:00:00',	1,	NULL,	NULL),
(3,	'Department Official',	'Receives Ticket for Assignment',	'0000-00-00 00:00:00',	1,	NULL,	NULL),
(5,	'Client',	'Reports Ticket to Customer Care',	'0000-00-00 00:00:00',	1,	NULL,	NULL),
(6,	'Accounting Official',	'Monitors Ticket progress reports',	'0000-00-00 00:00:00',	1,	NULL,	NULL),
(7,	'Management',	'Company management and reporting',	'0000-00-00 00:00:00',	1,	NULL,	NULL);

DROP TABLE IF EXISTS `aclpermission`;
CREATE TABLE `aclpermission` (
  `id` int(11) unsigned NOT NULL auto_increment,
  `groupid` int(11) unsigned default NULL,
  `resourceid` int(11) unsigned NOT NULL,
  `create` tinyint(4) unsigned NOT NULL default '0',
  `edit` tinyint(4) unsigned NOT NULL default '0',
  `view` tinyint(4) unsigned NOT NULL default '0',
  `list` tinyint(4) unsigned NOT NULL default '0',
  `delete` tinyint(4) unsigned NOT NULL default '0',
  `export` tinyint(4) unsigned NOT NULL default '0',
  `approve` tinyint(3) unsigned NOT NULL default '0',
  `datecreated` datetime NOT NULL,
  `createdby` int(11) unsigned NOT NULL,
  `lastupdatedate` datetime default NULL,
  `lastupdatedby` int(11) unsigned default NULL,
  PRIMARY KEY  (`id`),
  KEY `fk_aclpermission_groupid` (`groupid`),
  KEY `fk_aclpermission_resourceid` (`resourceid`),
  CONSTRAINT `fk_aclpermission_groupid` FOREIGN KEY (`groupid`) REFERENCES `aclgroup` (`id`) ON DELETE CASCADE ON UPDATE CASCADE,
  CONSTRAINT `fk_aclpermission_resourceid` FOREIGN KEY (`resourceid`) REFERENCES `aclresource` (`id`) ON DELETE CASCADE ON UPDATE CASCADE
) ENGINE=InnoDB DEFAULT CHARSET=utf8;

INSERT INTO `aclpermission` (`id`, `groupid`, `resourceid`, `create`, `edit`, `view`, `list`, `delete`, `export`, `approve`, `datecreated`, `createdby`, `lastupdatedate`, `lastupdatedby`) VALUES
(6,	1,	7,	1,	1,	1,	1,	0,	0,	0,	'2012-03-01 12:00:00',	1,	'2013-12-18 08:39:43',	1),
(18,	2,	6,	0,	0,	1,	0,	0,	0,	0,	'2012-03-01 12:00:00',	1,	'2014-02-13 17:36:18',	38),
(19,	3,	6,	0,	0,	1,	0,	0,	0,	0,	'2012-03-01 12:00:00',	1,	'2014-05-22 16:45:29',	1),
(21,	5,	6,	0,	0,	0,	0,	0,	0,	0,	'2012-03-01 12:00:00',	1,	'2014-02-13 17:29:08',	38),
(22,	6,	6,	0,	0,	1,	0,	0,	0,	0,	'2012-03-01 12:00:00',	1,	'2014-02-13 17:30:48',	38),
(23,	7,	6,	0,	0,	1,	0,	0,	0,	0,	'2012-03-01 12:00:00',	1,	'2014-04-24 16:01:04',	1),
(25,	2,	3,	0,	1,	1,	1,	0,	0,	0,	'0000-00-00 00:00:00',	0,	'2014-02-13 17:36:18',	38),
(28,	5,	3,	0,	0,	0,	0,	0,	0,	0,	'0000-00-00 00:00:00',	0,	'2014-02-13 17:29:08',	38),
(29,	6,	3,	0,	0,	1,	1,	0,	0,	0,	'0000-00-00 00:00:00',	1,	'2014-02-13 17:30:48',	38),
(30,	7,	3,	0,	1,	1,	1,	0,	0,	0,	'0000-00-00 00:00:00',	1,	'2014-04-24 16:01:04',	1),
(32,	2,	9,	1,	1,	1,	1,	1,	2,	0,	'0000-00-00 00:00:00',	0,	'2014-02-13 17:36:18',	38),
(35,	5,	9,	0,	0,	1,	0,	0,	0,	0,	'0000-00-00 00:00:00',	0,	'2014-02-13 17:29:08',	38),
(36,	6,	9,	0,	0,	1,	1,	2,	2,	0,	'0000-00-00 00:00:00',	1,	'2014-02-13 17:30:48',	38),
(37,	7,	9,	0,	0,	1,	1,	0,	1,	0,	'0000-00-00 00:00:00',	1,	'2014-04-24 16:01:04',	1),
(38,	2,	10,	1,	1,	1,	1,	0,	2,	0,	'0000-00-00 00:00:00',	0,	'2014-02-13 17:36:18',	38),
(39,	3,	10,	0,	0,	1,	1,	0,	0,	0,	'0000-00-00 00:00:00',	1,	'2014-05-22 16:45:29',	1),
(41,	5,	10,	0,	0,	2,	0,	0,	0,	0,	'0000-00-00 00:00:00',	0,	'2014-02-13 17:29:08',	38),
(42,	6,	10,	0,	0,	1,	1,	0,	0,	0,	'0000-00-00 00:00:00',	1,	'2014-02-13 17:30:48',	38),
(43,	7,	10,	0,	0,	1,	1,	0,	1,	0,	'0000-00-00 00:00:00',	1,	'2014-04-24 16:01:04',	1),
(44,	2,	13,	0,	0,	1,	1,	0,	0,	0,	'0000-00-00 00:00:00',	0,	'2014-02-13 17:36:18',	38),
(47,	5,	13,	0,	0,	0,	0,	0,	0,	0,	'0000-00-00 00:00:00',	0,	'2014-02-13 17:29:08',	38),
(48,	6,	13,	0,	0,	1,	1,	0,	0,	0,	'0000-00-00 00:00:00',	1,	'2014-02-13 17:30:48',	38),
(49,	7,	13,	0,	0,	1,	1,	0,	0,	0,	'0000-00-00 00:00:00',	1,	'2014-04-24 16:01:04',	1),
(50,	2,	11,	0,	0,	1,	1,	2,	2,	0,	'2012-03-01 12:00:00',	1,	'2014-02-13 17:36:18',	38),
(52,	6,	11,	0,	0,	1,	1,	0,	0,	0,	'2012-03-01 12:00:00',	1,	'2014-02-13 17:30:48',	38),
(53,	7,	11,	0,	0,	1,	1,	0,	1,	0,	'2012-03-01 12:00:00',	1,	'2014-04-24 16:01:04',	1),
(54,	6,	8,	0,	0,	1,	0,	0,	0,	0,	'2012-03-01 12:00:00',	1,	'2014-02-13 17:30:48',	38),
(55,	6,	8,	2,	2,	1,	2,	2,	2,	2,	'2012-03-01 12:00:00',	1,	NULL,	NULL),
(73,	3,	7,	0,	0,	0,	0,	0,	0,	0,	'2012-03-01 12:00:00',	1,	'2014-05-22 16:45:29',	1),
(75,	3,	14,	0,	0,	1,	1,	0,	0,	0,	'0000-00-00 00:00:00',	1,	'2014-05-22 16:45:29',	1),
(108,	1,	5,	1,	1,	1,	1,	1,	0,	0,	'2013-12-16 12:51:35',	1,	'2013-12-18 08:39:43',	1),
(112,	1,	11,	1,	1,	1,	1,	1,	1,	0,	'2013-12-16 12:42:08',	1,	'2013-12-18 08:39:43',	1),
(115,	1,	16,	1,	1,	1,	1,	1,	0,	0,	'2013-12-16 01:09:38',	1,	'2013-12-18 08:39:43',	1),
(116,	1,	8,	0,	0,	1,	0,	0,	0,	0,	'2013-12-16 01:09:38',	1,	'2013-12-18 08:39:43',	1),
(117,	1,	3,	1,	1,	1,	1,	1,	1,	0,	'2013-12-16 01:09:38',	1,	'2013-12-18 08:39:43',	1),
(118,	1,	10,	1,	1,	1,	1,	1,	1,	0,	'2013-12-16 01:14:53',	1,	'2013-12-18 08:39:43',	1),
(120,	1,	6,	0,	0,	1,	0,	0,	0,	0,	'2013-12-16 12:51:35',	1,	'2013-12-18 08:39:43',	1),
(121,	1,	14,	1,	1,	1,	1,	1,	0,	0,	'2013-12-16 01:16:20',	1,	'2013-12-18 08:39:43',	1),
(122,	1,	15,	1,	1,	1,	1,	1,	0,	0,	'2013-12-16 01:16:20',	1,	'2013-12-18 08:39:43',	1),
(123,	1,	1,	0,	0,	1,	1,	0,	0,	0,	'2013-12-16 01:16:20',	1,	'2013-12-18 08:39:43',	1),
(124,	1,	2,	1,	1,	1,	1,	1,	0,	0,	'2013-12-16 01:16:20',	1,	'2013-12-18 08:39:43',	1),
(125,	1,	13,	1,	1,	1,	1,	1,	0,	0,	'2013-12-16 01:22:26',	1,	'2013-12-18 08:39:43',	1),
(126,	1,	9,	1,	1,	1,	1,	1,	1,	0,	'2013-12-16 01:22:26',	1,	'2013-12-18 08:39:43',	1),
(127,	6,	7,	0,	0,	0,	0,	0,	0,	0,	'2013-12-16 03:21:35',	1,	'2014-02-13 17:30:48',	38),
(129,	6,	14,	0,	0,	0,	0,	0,	0,	0,	'2013-12-16 03:21:35',	1,	'2014-02-13 17:30:48',	38),
(131,	6,	15,	0,	0,	0,	0,	0,	0,	0,	'2013-12-16 03:21:35',	1,	'2014-02-13 17:30:48',	38),
(132,	6,	1,	0,	0,	0,	0,	0,	0,	0,	'2013-12-16 03:21:35',	1,	'2014-02-13 17:30:48',	38),
(133,	6,	2,	0,	0,	0,	0,	0,	0,	0,	'2013-12-16 03:21:35',	1,	'2014-02-13 17:30:48',	38),
(134,	6,	16,	0,	0,	1,	1,	0,	0,	0,	'2013-12-16 03:21:35',	1,	'2014-02-13 17:30:48',	38),
(135,	6,	5,	0,	0,	0,	0,	0,	0,	0,	'2013-12-16 03:21:35',	1,	'2014-02-13 17:30:48',	38),
(136,	1,	17,	0,	0,	1,	0,	0,	0,	0,	'2013-12-16 05:19:15',	1,	'2013-12-18 08:39:43',	1),
(137,	1,	19,	0,	0,	1,	0,	0,	0,	0,	'2013-12-18 08:39:43',	1,	NULL,	NULL),
(138,	1,	20,	0,	0,	1,	0,	0,	0,	0,	'2013-12-18 08:39:43',	1,	NULL,	NULL),
(139,	1,	18,	0,	0,	1,	0,	0,	0,	0,	'2013-12-18 08:39:43',	1,	NULL,	NULL),
(140,	1,	21,	0,	0,	1,	0,	0,	0,	0,	'2013-12-18 08:39:43',	1,	NULL,	NULL),
(141,	1,	22,	0,	0,	1,	0,	0,	0,	0,	'2013-12-18 08:39:43',	1,	NULL,	NULL),
(142,	7,	7,	0,	0,	1,	1,	0,	0,	0,	'2013-12-26 10:10:47',	1,	'2014-04-24 16:01:04',	1),
(143,	7,	14,	0,	0,	1,	1,	0,	0,	0,	'2013-12-26 10:10:47',	1,	'2014-04-24 16:01:04',	1),
(144,	7,	15,	0,	0,	1,	1,	0,	0,	0,	'2013-12-26 10:10:47',	1,	'2014-04-24 16:01:04',	1),
(145,	7,	1,	0,	0,	1,	1,	0,	0,	0,	'2013-12-26 10:10:47',	1,	'2014-04-24 16:01:04',	1),
(146,	7,	2,	0,	0,	1,	1,	0,	0,	0,	'2013-12-26 10:10:47',	1,	'2014-04-24 16:01:04',	1),
(147,	7,	19,	0,	0,	1,	0,	0,	0,	0,	'2013-12-26 10:10:47',	1,	'2014-04-24 16:01:04',	1),
(148,	7,	20,	0,	0,	1,	0,	0,	0,	0,	'2013-12-26 10:10:47',	1,	'2014-04-24 16:01:04',	1),
(149,	7,	18,	0,	0,	1,	0,	0,	0,	0,	'2013-12-26 10:10:47',	1,	'2014-04-24 16:01:04',	1),
(150,	7,	21,	0,	0,	1,	0,	0,	0,	0,	'2013-12-26 10:10:47',	1,	'2014-04-24 16:01:04',	1),
(151,	7,	17,	0,	0,	1,	0,	0,	0,	0,	'2013-12-26 10:10:47',	1,	'2014-04-24 16:01:04',	1),
(152,	7,	22,	0,	0,	1,	0,	0,	0,	0,	'2013-12-26 10:10:47',	1,	'2014-04-24 16:01:04',	1),
(153,	7,	16,	0,	0,	1,	1,	0,	0,	0,	'2013-12-26 10:10:47',	1,	'2014-04-24 16:01:04',	1),
(154,	7,	8,	0,	0,	1,	0,	0,	0,	0,	'2013-12-26 10:10:47',	1,	'2014-04-24 16:01:04',	1),
(155,	7,	5,	0,	0,	1,	1,	0,	0,	0,	'2013-12-26 10:10:47',	1,	'2014-04-24 16:01:04',	1),
(156,	2,	7,	0,	0,	0,	0,	0,	0,	0,	'2014-01-07 07:48:48',	1,	'2014-02-13 17:36:18',	38),
(157,	2,	14,	0,	0,	1,	1,	0,	0,	0,	'2014-01-07 07:48:48',	1,	'2014-02-13 17:36:18',	38),
(158,	2,	15,	0,	0,	1,	1,	0,	0,	0,	'2014-01-07 07:48:48',	1,	'2014-02-13 17:36:18',	38),
(159,	2,	1,	0,	0,	0,	0,	0,	0,	0,	'2014-01-07 07:48:48',	1,	'2014-02-13 17:36:18',	38),
(160,	2,	2,	0,	0,	0,	0,	0,	0,	0,	'2014-01-07 07:48:48',	1,	'2014-02-13 17:36:18',	38),
(161,	2,	19,	0,	0,	0,	0,	0,	0,	0,	'2014-01-07 07:48:48',	1,	'2014-02-13 17:36:18',	38),
(162,	2,	20,	0,	0,	0,	0,	0,	0,	0,	'2014-01-07 07:48:48',	1,	'2014-02-13 17:36:18',	38),
(163,	2,	18,	0,	0,	0,	0,	0,	0,	0,	'2014-01-07 07:48:48',	1,	'2014-02-13 17:36:18',	38),
(164,	2,	21,	0,	0,	0,	0,	0,	0,	0,	'2014-01-07 07:48:48',	1,	'2014-02-13 17:36:18',	38),
(165,	2,	17,	0,	0,	0,	0,	0,	0,	0,	'2014-01-07 07:48:48',	1,	'2014-02-13 17:36:18',	38),
(166,	2,	22,	0,	0,	0,	0,	0,	0,	0,	'2014-01-07 07:48:48',	1,	'2014-02-13 17:36:18',	38),
(167,	2,	16,	0,	0,	1,	1,	0,	0,	0,	'2014-01-07 07:48:48',	1,	'2014-02-13 17:36:18',	38),
(168,	2,	8,	0,	0,	1,	0,	0,	0,	0,	'2014-01-07 07:48:48',	1,	'2014-02-13 17:36:18',	38),
(169,	2,	5,	0,	0,	0,	0,	0,	0,	0,	'2014-01-07 07:48:48',	1,	'2014-02-13 17:36:18',	38),
(170,	3,	11,	0,	0,	1,	1,	0,	0,	0,	'2014-01-24 05:41:35',	1,	'2014-05-22 16:45:29',	1),
(171,	3,	15,	0,	0,	1,	1,	0,	0,	0,	'2014-01-24 05:41:35',	1,	'2014-05-22 16:45:29',	1),
(172,	3,	1,	0,	0,	0,	0,	0,	0,	0,	'2014-01-24 05:41:35',	1,	'2014-05-22 16:45:29',	1),
(173,	3,	2,	0,	0,	0,	0,	0,	0,	0,	'2014-01-24 05:41:35',	1,	'2014-05-22 16:45:29',	1),
(174,	3,	13,	0,	0,	1,	1,	0,	0,	0,	'2014-01-24 05:41:35',	1,	'2014-05-22 16:45:29',	1),
(175,	3,	19,	0,	0,	1,	0,	0,	0,	0,	'2014-01-24 05:41:35',	1,	'2014-05-22 16:45:29',	1),
(176,	3,	20,	0,	0,	1,	0,	0,	0,	0,	'2014-01-24 05:41:35',	1,	'2014-05-22 16:45:29',	1),
(177,	3,	18,	0,	0,	1,	0,	0,	0,	0,	'2014-01-24 05:41:35',	1,	'2014-05-22 16:45:29',	1),
(178,	3,	21,	0,	0,	1,	0,	0,	0,	0,	'2014-01-24 05:41:35',	1,	'2014-05-22 16:45:29',	1),
(179,	3,	17,	0,	0,	1,	0,	0,	0,	0,	'2014-01-24 05:41:35',	1,	'2014-05-22 16:45:29',	1),
(180,	3,	9,	1,	1,	1,	1,	1,	1,	0,	'2014-01-24 05:41:35',	1,	'2014-05-22 16:45:29',	1),
(181,	3,	22,	0,	0,	1,	0,	0,	0,	0,	'2014-01-24 05:41:35',	1,	'2014-05-22 16:45:29',	1),
(182,	3,	16,	1,	1,	1,	1,	1,	0,	0,	'2014-01-24 05:41:35',	1,	'2014-05-22 16:45:29',	1),
(183,	3,	8,	0,	0,	1,	0,	0,	0,	0,	'2014-01-24 05:41:35',	1,	'2014-05-22 16:45:29',	1),
(184,	3,	5,	0,	0,	0,	0,	0,	0,	0,	'2014-01-24 05:41:35',	1,	'2014-05-22 16:45:29',	1),
(185,	3,	3,	0,	1,	1,	1,	0,	0,	0,	'2014-01-24 05:41:35',	1,	'2014-05-22 16:45:29',	1),
(186,	5,	7,	0,	0,	0,	0,	0,	0,	0,	'2014-02-13 17:29:08',	38,	NULL,	NULL),
(187,	5,	14,	0,	0,	0,	0,	0,	0,	0,	'2014-02-13 17:29:08',	38,	NULL,	NULL),
(188,	5,	11,	0,	0,	0,	0,	0,	0,	0,	'2014-02-13 17:29:08',	38,	NULL,	NULL),
(189,	5,	15,	0,	0,	0,	0,	0,	0,	0,	'2014-02-13 17:29:08',	38,	NULL,	NULL),
(190,	5,	1,	0,	0,	0,	0,	0,	0,	0,	'2014-02-13 17:29:08',	38,	NULL,	NULL),
(191,	5,	2,	0,	0,	0,	0,	0,	0,	0,	'2014-02-13 17:29:08',	38,	NULL,	NULL),
(192,	5,	19,	0,	0,	0,	0,	0,	0,	0,	'2014-02-13 17:29:08',	38,	NULL,	NULL),
(193,	5,	20,	0,	0,	0,	0,	0,	0,	0,	'2014-02-13 17:29:08',	38,	NULL,	NULL),
(194,	5,	18,	0,	0,	0,	0,	0,	0,	0,	'2014-02-13 17:29:08',	38,	NULL,	NULL),
(195,	5,	21,	0,	0,	0,	0,	0,	0,	0,	'2014-02-13 17:29:08',	38,	NULL,	NULL),
(196,	5,	17,	0,	0,	0,	0,	0,	0,	0,	'2014-02-13 17:29:08',	38,	NULL,	NULL),
(197,	5,	22,	0,	0,	0,	0,	0,	0,	0,	'2014-02-13 17:29:08',	38,	NULL,	NULL),
(198,	5,	16,	1,	1,	1,	0,	0,	0,	0,	'2014-02-13 17:29:08',	38,	NULL,	NULL),
(199,	5,	8,	0,	0,	0,	0,	0,	0,	0,	'2014-02-13 17:29:08',	38,	NULL,	NULL),
(200,	5,	5,	0,	0,	0,	0,	0,	0,	0,	'2014-02-13 17:29:08',	38,	NULL,	NULL),
(201,	6,	19,	0,	0,	1,	0,	0,	0,	0,	'2014-02-13 17:30:48',	38,	NULL,	NULL),
(202,	6,	20,	0,	0,	1,	0,	0,	0,	0,	'2014-02-13 17:30:48',	38,	NULL,	NULL),
(203,	6,	18,	0,	0,	1,	0,	0,	0,	0,	'2014-02-13 17:30:48',	38,	NULL,	NULL),
(204,	6,	21,	0,	0,	1,	0,	0,	0,	0,	'2014-02-13 17:30:48',	38,	NULL,	NULL),
(205,	6,	17,	0,	0,	1,	0,	0,	0,	0,	'2014-02-13 17:30:48',	38,	NULL,	NULL),
(206,	6,	22,	0,	0,	0,	0,	0,	0,	0,	'2014-02-13 17:30:48',	38,	NULL,	NULL),
(207,	1,	23,	0,	0,	1,	0,	0,	0,	0,	'2014-04-18 22:46:46',	2,	NULL,	NULL),
(208,	7,	23,	0,	0,	1,	0,	0,	0,	0,	'2014-04-24 16:01:04',	1,	NULL,	NULL),
(209,	3,	23,	0,	0,	1,	0,	0,	0,	0,	'2014-05-22 16:45:29',	1,	NULL,	NULL);

DROP TABLE IF EXISTS `aclresource`;
CREATE TABLE `aclresource` (
  `id` int(11) unsigned NOT NULL auto_increment,
  `name` varchar(50) NOT NULL,
  `description` varchar(255) NOT NULL,
  `create` tinyint(4) NOT NULL default '0',
  `edit` tinyint(4) NOT NULL default '0',
  `view` tinyint(4) NOT NULL default '0',
  `list` tinyint(4) NOT NULL default '0',
  `delete` tinyint(4) NOT NULL default '0',
  `approve` tinyint(4) NOT NULL default '0',
  `export` tinyint(4) NOT NULL default '0',
  `datecreated` datetime NOT NULL,
  `createdby` int(11) unsigned NOT NULL,
  `lastupdatedate` datetime default NULL,
  `lastupdatedby` int(11) unsigned default NULL,
  PRIMARY KEY  (`id`)
) ENGINE=InnoDB DEFAULT CHARSET=utf8;

INSERT INTO `aclresource` (`id`, `name`, `description`, `create`, `edit`, `view`, `list`, `delete`, `approve`, `export`, `datecreated`, `createdby`, `lastupdatedate`, `lastupdatedby`) VALUES
(1,	'Lookup Type',	'Look up types',	0,	0,	1,	1,	0,	0,	0,	'2012-03-01 12:00:00',	1,	NULL,	NULL),
(2,	'Lookup Value',	'Values for the lookup type',	1,	1,	1,	1,	1,	0,	0,	'2012-03-01 12:00:00',	1,	NULL,	NULL),
(3,	'User Account',	'A user within the application',	1,	1,	1,	1,	1,	0,	1,	'2012-03-01 12:00:00',	1,	NULL,	NULL),
(5,	'Role',	'Actions a member can execute on resources',	1,	1,	1,	1,	1,	0,	0,	'2012-03-01 12:00:00',	1,	NULL,	NULL),
(6,	'Dashboard',	'user dashboard',	0,	0,	1,	0,	0,	0,	0,	'2012-03-01 12:00:00',	1,	NULL,	NULL),
(7,	'Application Settings',	'Application Administration',	1,	1,	1,	1,	0,	0,	0,	'2012-03-01 12:00:00',	1,	NULL,	NULL),
(8,	'Report Dashboard',	'The different reports in the Application',	0,	0,	1,	0,	0,	0,	0,	'2012-03-01 12:00:00',	1,	NULL,	NULL),
(9,	'Query',	'The query reported for resolution',	1,	1,	1,	1,	1,	0,	1,	'2012-03-01 12:00:00',	1,	NULL,	NULL),
(10,	'Client',	'The customer who reports a query',	1,	1,	1,	1,	1,	0,	1,	'2012-03-01 12:00:00',	1,	NULL,	NULL),
(11,	'Department',	'The group assigned or responsible for a ticket',	1,	1,	1,	1,	1,	0,	1,	'2012-03-01 12:00:00',	1,	NULL,	NULL),
(13,	'Messaging',	'Messaging functionality',	1,	1,	1,	1,	1,	0,	0,	'2012-03-01 12:00:00',	1,	NULL,	NULL),
(14,	'Category',	'Categorisation functionality',	1,	1,	1,	1,	1,	0,	0,	'2012-03-01 12:00:00',	1,	NULL,	NULL),
(15,	'Documents',	'Uploads functionality',	1,	1,	1,	1,	1,	0,	0,	'2012-03-01 12:00:00',	1,	NULL,	NULL),
(16,	'Query Feedback',	'Query Feedback Functionality',	1,	1,	1,	1,	1,	0,	0,	'2012-03-01 12:00:00',	1,	NULL,	NULL),
(17,	'Queries by Status Report',	'Queries by Status Report',	0,	0,	1,	0,	0,	0,	0,	'2012-03-01 12:00:00',	1,	NULL,	NULL),
(18,	'Queries by Department Report',	'Queries by Department Report',	0,	0,	1,	0,	0,	0,	0,	'2012-03-01 12:00:00',	1,	NULL,	NULL),
(19,	'Queries by Category Report',	'Queries by Category Report',	0,	0,	1,	0,	0,	0,	0,	'2012-03-01 12:00:00',	1,	NULL,	NULL),
(20,	'Queries by Client Report',	'Queries by Client Report',	0,	0,	1,	0,	0,	0,	0,	'2012-03-01 12:00:00',	1,	NULL,	NULL),
(21,	'Queries by Source Report',	'Queries by Source Report',	0,	0,	1,	0,	0,	0,	0,	'2012-03-01 12:00:00',	1,	NULL,	NULL),
(22,	'Query Audit Trail Report',	'Queries Audit Trail Report',	0,	0,	1,	0,	0,	0,	0,	'2012-03-01 12:00:00',	1,	NULL,	NULL),
(23,	'Queries by Town Report',	'Queries by Town Report',	0,	0,	1,	0,	0,	0,	0,	'2012-03-01 12:00:00',	1,	NULL,	NULL);

DROP TABLE IF EXISTS `aclusergroup`;
CREATE TABLE `aclusergroup` (
  `id` int(11) unsigned NOT NULL auto_increment,
  `groupid` int(11) unsigned NOT NULL,
  `userid` int(11) unsigned default NULL,
  PRIMARY KEY  (`id`),
  UNIQUE KEY `unique_user_group` (`groupid`,`userid`),
  KEY `fk_usergroup_userid` (`userid`),
  CONSTRAINT `fk_usergroup_groupid` FOREIGN KEY (`groupid`) REFERENCES `aclgroup` (`id`) ON DELETE CASCADE ON UPDATE CASCADE,
  CONSTRAINT `fk_usergroup_userid` FOREIGN KEY (`userid`) REFERENCES `useraccount` (`id`) ON DELETE CASCADE ON UPDATE CASCADE
) ENGINE=InnoDB DEFAULT CHARSET=utf8;

INSERT INTO `aclusergroup` (`id`, `groupid`, `userid`) VALUES
(1,	1,	1),
(32,	1,	39),
(63,	1,	70),
(34,	2,	41),
(38,	2,	45),
(40,	2,	47),
(41,	2,	48),
(47,	2,	54),
(49,	2,	56),
(55,	2,	62),
(60,	2,	67),
(61,	2,	68),
(65,	2,	72),
(33,	3,	40),
(36,	3,	43),
(37,	3,	44),
(39,	3,	46),
(48,	3,	55),
(50,	3,	57),
(51,	3,	58),
(52,	3,	59),
(54,	3,	61),
(56,	3,	63),
(57,	3,	64),
(58,	3,	65),
(62,	3,	69),
(46,	6,	53),
(59,	6,	66),
(64,	6,	71),
(35,	7,	42),
(42,	7,	49),
(43,	7,	50),
(44,	7,	51),
(45,	7,	52);

DROP TABLE IF EXISTS `appconfig`;
CREATE TABLE `appconfig` (
  `id` int(11) unsigned NOT NULL auto_increment,
  `section` varchar(50) NOT NULL default '',
  `sectiondisplay` varchar(50) default NULL,
  `optionname` varchar(50) NOT NULL,
  `displayname` varchar(50) default NULL,
  `description` varchar(255) NOT NULL,
  `optionvalue` varchar(255) default '',
  `optiontype` varchar(15) default '',
  `active` enum('N','Y') default 'Y',
  `editable` tinyint(4) unsigned default NULL,
  `datecreated` datetime NOT NULL,
  `createdby` int(11) unsigned NOT NULL,
  `lastupdatedate` datetime default NULL,
  `lastupdatedby` int(11) unsigned default NULL,
  PRIMARY KEY  (`id`)
) ENGINE=InnoDB DEFAULT CHARSET=utf8;

INSERT INTO `appconfig` (`id`, `section`, `sectiondisplay`, `optionname`, `displayname`, `description`, `optionvalue`, `optiontype`, `active`, `editable`, `datecreated`, `createdby`, `lastupdatedate`, `lastupdatedby`) VALUES
(1,	'backup',	'Backup Settings',	'retentionperiod',	'Backup Rentention Perid',	'Duration for which backups are kept',	'30',	'integer',	'Y',	1,	'2012-03-01 12:00:00',	1,	'2014-02-12 15:34:21',	NULL),
(2,	'backup',	'Backup Settings',	'scriptfolder',	'Folder for Backup Scripts',	'The path relative to the APPLICATION_PATH variable, use a starting / since the variable is a folder name',	'/backup/scripts',	'text',	'Y',	1,	'2012-03-01 12:00:00',	1,	'2014-02-12 15:34:21',	NULL),
(3,	'backup',	'Backup Settings',	'usegzip',	'Gzip Backups',	'Whether to use gzip compression or not, options are yes and no',	'no',	'text',	'Y',	1,	'2012-03-01 12:00:00',	1,	'2014-02-12 15:34:21',	NULL),
(4,	'backup',	'Backup Settings',	'removesqlfile',	'Sql Backups',	'Remove SQL file after processing, options are yes and no',	'no',	'text',	'Y',	1,	'2012-03-01 12:00:00',	1,	'2014-02-12 15:34:21',	NULL),
(5,	'backup',	'Backup Settings',	'sendemail',	'Send Backups to Admin Email',	'Send backup via email, options are yes and no',	'no',	'text',	'Y',	1,	'2012-03-01 12:00:00',	1,	'2014-02-12 15:34:21',	NULL),
(6,	'country',	'Country Settings',	'currencysymbol',	'Currency Symbol',	'',	'R ',	'text',	'Y',	1,	'2012-03-01 12:00:00',	1,	'2014-02-12 18:25:00',	NULL),
(7,	'country',	'Country Settings',	'currencycode',	'Currency Code',	'',	'ZAR ',	'text',	'Y',	1,	'2012-03-01 12:00:00',	1,	'2014-02-12 18:25:00',	NULL),
(8,	'country',	'Country Settings',	'currencydecimalplaces',	'Currreny decimal places',	'',	'0',	'integer',	'Y',	1,	'2012-03-01 12:00:00',	1,	'2014-02-12 18:25:00',	NULL),
(9,	'country',	'Country Settings',	'mincurrencyvalue',	'Minimum currency amount',	'',	'1',	'decimal',	'Y',	1,	'2012-03-01 12:00:00',	1,	'2014-02-12 18:25:00',	NULL),
(10,	'country',	'Country Settings',	'maxcurrencyvalue',	'Maximum currency amount',	'',	'200',	'decimal',	'Y',	1,	'2012-03-01 12:00:00',	1,	'2014-02-12 18:25:01',	NULL),
(12,	'dateandtime',	'Date and Time Settings',	'shortformat',	'Short date display format',	'',	'm/d/Y',	'text',	'Y',	1,	'2012-03-01 12:00:00',	1,	'2014-02-12 14:08:46',	NULL),
(13,	'dateandtime',	'Date and Time Settings',	'mediumformat',	'Long date display format',	'',	'M j, Y',	'text',	'Y',	1,	'2012-03-01 12:00:00',	1,	'2014-02-12 14:08:46',	NULL),
(14,	'dateandtime',	'Date and Time Settings',	'longformat',	'Long date with week day',	'',	'l, j F Y',	'text',	'Y',	1,	'2012-03-01 12:00:00',	1,	'2014-02-12 14:08:46',	NULL),
(15,	'dateandtime',	'Date and Time Settings',	'mysqlformat',	'Short date database format',	'',	'%m/%d/%Y',	'text',	'Y',	1,	'2012-03-01 12:00:00',	1,	'2014-02-12 14:08:46',	NULL),
(16,	'dateandtime',	'Date and Time Settings',	'mysqlmediumformat',	'Long date database format',	'',	'%d %b, %Y',	'text',	'Y',	1,	'2012-03-01 12:00:00',	1,	'2014-02-12 14:08:46',	NULL),
(17,	'dateandtime',	'Date and Time Settings',	'mysqldateandtimeformat',	'Long date with timestamp',	'',	'%m/%d/%Y - %H:%i:%s',	'text',	'Y',	1,	'2012-03-01 12:00:00',	1,	'2014-02-12 14:08:46',	NULL),
(19,	'password',	'User Profile Settings',	'passwordminlength',	'Minimum password length',	'The minimum length of a password',	'6',	'integer',	'Y',	1,	'2012-03-01 12:00:00',	1,	'2014-03-25 10:52:59',	NULL),
(20,	'dateandtime',	'Date and Time Settings',	'mindate',	'Date picker number of days ahead of current date',	'The minimum date for the date picker',	'2',	'integer',	'Y',	1,	'2012-03-01 12:00:00',	1,	'2014-02-12 14:08:46',	NULL),
(21,	'dateandtime',	'Date and Time Settings',	'maxdate',	'Date picker number of days before current date',	'The maximum date for the date picker',	'2',	'integer',	'Y',	1,	'2012-03-01 12:00:00',	1,	'2014-02-12 14:08:46',	NULL),
(22,	'dateandtime',	'Date and Time Settings',	'datepickerformat',	'Javascript long date',	'The format for Javascript dates',	'M dd, yy',	'text',	'Y',	1,	'2012-03-01 12:00:00',	1,	'2014-02-12 14:08:46',	NULL),
(23,	'dateandtime',	'Date and Time Settings',	'javascriptshortformat',	'Javascript short date',	'Short date for Javascript dates',	'm/dd/yy',	'text',	'Y',	1,	'2012-03-01 12:00:00',	1,	'2014-02-12 14:08:46',	NULL),
(24,	'uploads',	'File upload Options',	'docallowedformats',	'Allowed formats for document upload',	'Allowed document file formats',	'doc, docx, pdf, txt, jpg, jpeg, png, bmp',	'text',	'Y',	1,	'2012-03-01 12:00:00',	1,	'2014-02-12 14:09:02',	NULL),
(25,	'uploads',	'File upload Options',	'docmaximumfilesize',	'Maximum allowed size (bytes) for document uploads',	'Maximum size of a document in bytes',	'2000000',	'integer',	'Y',	1,	'2012-03-01 12:00:00',	1,	'2014-02-12 14:09:02',	NULL),
(26,	'password',	'User Profile Settings',	'passwordmaxlength',	'Maximum password length',	'The maximum length of a password',	'20',	'integer',	'Y',	1,	'2012-03-01 12:00:00',	1,	'2014-03-25 10:52:59',	NULL),
(30,	'notification',	'Notification and Email Options',	'emailmessagesender',	'Sender of email notifications',	'The email address the application uses to send out notifications',	'admin@bsaconsulting.co.za',	'text',	'Y',	1,	'2012-03-01 12:00:00',	1,	'2014-03-24 20:00:00',	NULL),
(31,	'uploads',	'File upload Settings',	'photoallowedformats',	'Profile photo allowed formats',	'Allowed photo file formats',	'jpg, jpeg, png',	'text',	'Y',	1,	'2012-03-01 12:00:00',	1,	'2014-02-12 14:09:02',	NULL),
(32,	'uploads',	'File upload Settings',	'photomaximumfilesize',	'Maximum allowed size (bytes) for profile photo',	'Maximum size of a profile photo in bytes',	'2000000',	'integer',	'Y',	1,	'2012-03-01 12:00:00',	1,	'2014-02-12 14:09:02',	NULL),
(35,	'notification',	'Notification and Email Options',	'supportemailaddress',	'Contact us, feedback and support email address ',	'The address to which support emails are sent',	'admin@bsaconsulting.co.za',	'text',	'Y',	1,	'2012-02-28 15:59:27',	1,	'2014-03-24 20:00:00',	NULL),
(36,	'dateandtime',	'Date and Time Settings',	'mindateofbirth',	'Date of birth number of years before today',	'The number of years before today for allowable date for the hire date',	'100',	'integer',	'Y',	1,	'2011-05-18 09:55:32',	1,	'2014-02-12 14:08:46',	NULL),
(37,	'password',	'User Profile Settings',	'usernamemaxlength',	'Minimum username length',	'',	'15',	'integer',	'Y',	1,	'2011-05-18 09:55:32',	1,	'2014-03-25 10:52:59',	NULL),
(38,	'password',	'User Profile Settings',	'usernameminlength',	'Maximum username length',	'',	'4',	'integer',	'Y',	1,	'2011-05-18 09:55:32',	1,	'2014-03-25 10:52:59',	NULL),
(39,	'country',	'Country Settings',	'countryisocode',	'Country standard iso code',	'',	'ZA',	'text',	'Y',	1,	'2011-05-18 09:55:32',	1,	'2014-02-12 18:25:01',	NULL),
(40,	'country',	'Country Settings',	'phonemaxlength',	'Maximum digits allowed for phone number',	'',	'10',	'integer',	'Y',	1,	'2011-05-18 09:55:32',	1,	'2014-02-12 18:25:01',	NULL),
(41,	'country',	'Country Settings',	'phoneminlength',	'Minimum digits allowed for phone number',	'',	'10',	'integer',	'Y',	1,	'2011-05-18 09:55:32',	1,	'2014-02-12 18:25:01',	NULL),
(42,	'country',	'Country Settings',	'nationalidminlength',	'Minimum digits allowed for National ID',	'',	'13',	'integer',	'Y',	1,	'2011-05-18 09:55:32',	1,	'2014-02-12 18:25:01',	NULL),
(43,	'country',	'Country Settings',	'nationalidmaxlength',	'Maximum digits allowed for National ID',	'',	'13',	'integer',	'Y',	1,	'2011-05-18 09:55:32',	1,	'2014-02-12 18:25:01',	NULL),
(44,	'password',	'User Profile Settings',	'activationkeylength',	'The length of random account activation key',	'',	'6',	'integer',	'Y',	1,	'2011-05-18 09:55:32',	1,	'2014-03-25 10:52:59',	NULL),
(45,	'notification',	'Notification and Email Options',	'notificationsendername',	'Name of sender for email notifications',	'',	'Q1 Team',	'text',	'Y',	1,	'2012-02-28 15:59:27',	1,	'2014-03-24 20:00:00',	NULL),
(46,	'country',	'Country Settings',	'countrycode',	'Phone number code prefix',	'',	'27',	'integer',	'Y',	1,	'2012-02-28 15:59:27',	1,	'2014-02-12 18:25:01',	NULL),
(47,	'sms',	'SMS Settings',	'serverurl',	'The server url',	'',	'http://smsplus3.routesms.com:8080/bulksms/bulksms',	'text',	'Y',	1,	'2012-02-28 15:59:27',	1,	'2014-04-19 16:19:24',	NULL),
(48,	'sms',	'SMS Settings',	'serverusername',	'The server username',	'',	'bsaconsulting00',	'text',	'Y',	1,	'2012-02-28 15:59:27',	1,	'2014-04-19 16:19:24',	NULL),
(49,	'sms',	'SMS Settings',	'serverpassword',	'The server password',	'',	'hj78dg4r',	'text',	'Y',	1,	'2012-02-28 15:59:27',	1,	'2014-04-19 16:19:24',	NULL),
(50,	'sms',	'SMS Settings',	'serverport',	'The sms server port',	'',	'8080',	'text',	'Y',	1,	'2012-02-28 15:59:27',	1,	'2014-04-19 16:19:24',	NULL),
(51,	'sms',	'SMS Settings',	'sendername',	'The default sender of sms notifications',	'',	'Q1 Team',	'text',	'Y',	1,	'2012-02-28 15:59:27',	1,	'2014-04-19 16:19:24',	NULL),
(52,	'sms',	'SMS Settings',	'testnumber',	'The test number for sms notifications',	'',	'27836246789',	'text',	'Y',	1,	'2012-02-28 15:59:27',	1,	'2014-04-19 16:19:24',	NULL),
(53,	'country',	'Country Settings',	'timezone',	'Country timezone',	'',	'UTC+02:00',	'text',	'Y',	1,	'2012-02-28 15:59:27',	1,	NULL,	NULL),
(54,	'notification',	'Notification and Email Options',	'errorlogemail',	'Email used to report errors and downtime',	'',	'admin@bsaconsulting.co.za',	'text',	'Y',	1,	'2012-02-28 15:59:27',	1,	'2014-03-24 20:00:00',	NULL),
(55,	'notification',	'Notification and Email Options',	'smtpuser',	'SMPT User email',	'',	'admin@bsaconsulting.co.za',	'text',	'Y',	1,	'2012-02-28 15:59:27',	1,	'2014-03-24 20:00:00',	NULL),
(56,	'notification',	'Notification and Email Options',	'smtphost',	'SMTP host ipaddress/domain',	'',	'admin@bsaconsulting.co.za',	'text',	'Y',	1,	'2012-02-28 15:59:27',	1,	'2014-03-24 20:00:00',	NULL),
(57,	'notification',	'Notification and Email Options',	'smtppassword',	'SMTP Password',	'',	'bsa!@#_q1',	'text',	'Y',	1,	'2012-02-28 15:59:27',	1,	'2014-03-24 20:00:00',	NULL),
(58,	'notification',	'Notification and Email Options',	'smtpport',	'SMTP Port',	'',	'587',	'integer',	'Y',	1,	'2012-02-28 15:59:27',	1,	'2014-03-24 20:00:00',	NULL),
(59,	'notification',	'Notification and Email Options',	'defaultadminemail',	'Default Admin email',	'',	'admin@bsaconsulting.co.za',	'text',	'Y',	1,	'2012-02-28 15:59:27',	1,	'2014-03-24 20:00:00',	NULL),
(60,	'notification',	'Notification and Email Options',	'defaultadminname',	'Default Admin name',	'',	'Q1 Support',	'text',	'Y',	1,	'2012-02-28 15:59:27',	1,	'2014-03-24 20:00:00',	NULL),
(61,	'system',	'System and UI Settings',	'appname',	'Application name',	'',	'Q1',	'text',	'Y',	1,	'2012-02-28 15:59:27',	1,	'2014-03-22 14:13:15',	NULL),
(62,	'system',	'System and UI Settings',	'companyname',	'Company name',	'',	'Q1',	'text',	'Y',	1,	'2012-02-28 15:59:27',	1,	'2014-03-22 14:13:15',	NULL),
(63,	'system',	'System and UI Settings',	'companysignoff',	'Company signoff',	'',	'Q1 Team',	'text',	'Y',	1,	'2012-02-28 15:59:27',	1,	'2014-03-22 14:13:15',	NULL),
(64,	'system',	'System and UI Settings',	'logotype',	'Logo Type',	'1392299606.jpg',	'1',	'text',	'Y',	1,	'2012-02-28 15:59:27',	1,	'2014-03-22 14:13:15',	NULL),
(65,	'system',	'System and UI Settings',	'copyrightinfo',	'Company Copyright',	'',	' Copyright © 2014  |  Q.1  |  All Rights Reserved',	'text',	'Y',	1,	'2012-02-28 15:59:27',	1,	'2014-03-22 14:13:15',	NULL),
(67,	'sms',	'SMS Settings',	'smsdelivery',	'Turn on/off sms sending feature',	'',	'on',	'Boolean',	'Y',	1,	'2012-02-28 15:59:27',	1,	'2014-03-28 12:40:33',	NULL);

DROP TABLE IF EXISTS `audittrail`;
CREATE TABLE `audittrail` (
  `id` int(11) unsigned NOT NULL auto_increment,
  `userid` int(11) unsigned default NULL,
  `transactiontype` varchar(50) NOT NULL,
  `transactiondetails` mediumtext,
  `transactiondate` datetime NOT NULL,
  `executedby` int(11) unsigned default NULL,
  `success` enum('N','Y') NOT NULL default 'N',
  `browserdetails` varchar(50) default NULL,
  PRIMARY KEY  (`id`),
  KEY `fk_audittrail_transactiontype` (`transactiontype`)
) ENGINE=InnoDB DEFAULT CHARSET=utf8;


DROP TABLE IF EXISTS `category`;
CREATE TABLE `category` (
  `id` int(11) unsigned NOT NULL auto_increment,
  `type` tinyint(4) unsigned default NULL,
  `name` varchar(50) default NULL,
  `description` varchar(500) default NULL,
  `alias` varchar(50) default NULL,
  `parentid` int(11) unsigned default NULL,
  `datecreated` datetime default NULL,
  `createdby` int(11) unsigned default NULL,
  `lastupdatedate` datetime default NULL,
  `lastupdatedby` int(11) unsigned default NULL,
  PRIMARY KEY  (`id`),
  KEY `fk_category_parentid` (`parentid`),
  CONSTRAINT `fk_category_parentid` FOREIGN KEY (`parentid`) REFERENCES `category` (`id`) ON DELETE CASCADE ON UPDATE CASCADE
) ENGINE=InnoDB DEFAULT CHARSET=utf8;

INSERT INTO `category` (`id`, `type`, `name`, `description`, `alias`, `parentid`, `datecreated`, `createdby`, `lastupdatedate`, `lastupdatedby`) VALUES
(1,	1,	'Electricity',	'',	NULL,	NULL,	'2013-10-30 11:29:21',	1,	NULL,	NULL),
(2,	2,	'New meter installation',	NULL,	NULL,	1,	'2013-10-30 11:29:21',	1,	NULL,	NULL),
(3,	2,	'No Meter',	NULL,	NULL,	1,	'2013-10-30 11:29:21',	1,	NULL,	NULL),
(4,	2,	'Meter not working',	NULL,	NULL,	1,	'2013-10-30 11:29:21',	1,	NULL,	NULL),
(5,	2,	'Blocked meter',	NULL,	NULL,	1,	'2013-10-30 11:29:21',	1,	NULL,	NULL),
(6,	2,	'General',	NULL,	NULL,	1,	'2013-10-30 11:29:21',	1,	NULL,	NULL),
(7,	1,	'Water',	'',	NULL,	NULL,	'2013-10-30 11:29:21',	1,	NULL,	NULL),
(8,	2,	'New meter installation',	NULL,	NULL,	7,	'2013-10-30 11:29:21',	1,	NULL,	NULL),
(9,	2,	'No Meter',	NULL,	NULL,	7,	'2013-10-30 11:29:21',	1,	NULL,	NULL),
(10,	2,	'Meter not working',	NULL,	NULL,	7,	'2013-10-30 11:29:21',	1,	NULL,	NULL),
(11,	2,	'Blocked meter',	NULL,	NULL,	7,	'2013-10-30 11:29:21',	1,	NULL,	NULL),
(12,	2,	'General',	NULL,	NULL,	7,	'2013-10-30 11:29:21',	1,	NULL,	NULL),
(13,	1,	'Billing',	'',	NULL,	NULL,	'2013-10-30 11:29:21',	1,	NULL,	NULL),
(14,	2,	'Meter not read',	NULL,	NULL,	13,	'2013-10-30 11:29:21',	1,	NULL,	NULL),
(15,	2,	'Meter inaccessible',	NULL,	NULL,	13,	'2013-10-30 11:29:21',	1,	NULL,	NULL),
(16,	2,	'Overstated bill',	NULL,	NULL,	13,	'2013-10-30 11:29:21',	1,	NULL,	NULL),
(17,	2,	'Understated bill',	NULL,	NULL,	13,	'2013-10-30 11:29:21',	1,	NULL,	NULL),
(18,	2,	'Invalid details',	NULL,	NULL,	13,	'2013-10-30 11:29:21',	1,	NULL,	NULL),
(19,	2,	'General',	NULL,	NULL,	13,	'2013-10-30 11:29:21',	1,	NULL,	NULL),
(20,	1,	'Finance',	'',	NULL,	NULL,	'2013-10-30 11:29:21',	1,	NULL,	NULL),
(21,	2,	'Invalid details',	NULL,	NULL,	20,	'2013-10-30 11:29:21',	1,	NULL,	NULL),
(22,	2,	'Payment not acceptated',	NULL,	NULL,	20,	'2013-10-30 11:29:21',	1,	NULL,	NULL),
(23,	2,	'Document submission',	NULL,	NULL,	20,	'2013-10-30 11:29:21',	1,	NULL,	NULL),
(24,	2,	'Procurement',	NULL,	NULL,	20,	'2013-10-30 11:29:21',	1,	NULL,	NULL),
(25,	2,	'Arrangements to pay',	NULL,	NULL,	20,	'2013-10-30 11:29:21',	1,	NULL,	NULL),
(26,	2,	'Refund',	NULL,	NULL,	20,	'2013-10-30 11:29:21',	1,	NULL,	NULL),
(27,	2,	'General',	NULL,	NULL,	20,	'2013-10-30 11:29:21',	1,	NULL,	NULL),
(28,	1,	'Technical',	'',	NULL,	NULL,	'2013-10-30 11:29:21',	1,	NULL,	NULL),
(29,	2,	'Brocken Infrastructure',	NULL,	NULL,	28,	'2013-10-30 11:29:21',	1,	NULL,	NULL),
(30,	2,	'No infrastructure',	NULL,	NULL,	28,	'2013-10-30 11:29:21',	1,	NULL,	NULL),
(31,	2,	'Bulding plans',	NULL,	NULL,	28,	'2013-10-30 11:29:21',	1,	NULL,	NULL),
(32,	2,	'New Developments',	NULL,	NULL,	28,	'2013-10-30 11:29:21',	1,	NULL,	NULL),
(33,	2,	'Valuations',	NULL,	NULL,	28,	'2013-10-30 11:29:21',	1,	NULL,	NULL),
(34,	2,	'Wrong Infrastracture',	NULL,	NULL,	28,	'2013-10-30 11:29:21',	1,	NULL,	NULL),
(35,	2,	'Blocked Systems',	NULL,	NULL,	28,	'2013-10-30 11:29:21',	1,	NULL,	NULL),
(36,	2,	'Malfunctioning',	NULL,	NULL,	28,	'2013-10-30 11:29:21',	1,	NULL,	NULL),
(37,	2,	'General',	NULL,	NULL,	28,	'2013-10-30 11:29:21',	1,	NULL,	NULL),
(38,	1,	'Traffic',	'',	NULL,	NULL,	'2013-10-30 11:29:21',	1,	NULL,	NULL),
(39,	2,	'Brocken Infrastructure',	NULL,	NULL,	38,	'2013-10-30 11:29:21',	1,	NULL,	NULL),
(40,	2,	'Malfunctioning',	NULL,	NULL,	38,	'2013-10-30 11:29:21',	1,	NULL,	NULL),
(41,	2,	'Updates',	NULL,	NULL,	38,	'2013-10-30 11:29:21',	1,	NULL,	NULL),
(42,	2,	'Roadside assistance',	NULL,	NULL,	38,	'2013-10-30 11:29:21',	1,	NULL,	NULL),
(43,	2,	'General',	NULL,	NULL,	38,	'2013-10-30 11:29:21',	1,	NULL,	NULL),
(44,	1,	'Health & Environment',	'',	NULL,	NULL,	'2013-10-30 11:29:21',	1,	'2014-03-25 11:09:45',	NULL),
(45,	2,	'Brocken Infrastructure',	NULL,	NULL,	44,	'2013-10-30 11:29:21',	1,	NULL,	NULL),
(46,	2,	'No infrastructure',	NULL,	NULL,	44,	'2013-10-30 11:29:21',	1,	NULL,	NULL),
(47,	2,	'Blocked Systems',	NULL,	NULL,	44,	'2013-10-30 11:29:21',	1,	NULL,	NULL),
(48,	2,	'Spillages',	NULL,	NULL,	44,	'2013-10-30 11:29:21',	1,	NULL,	NULL),
(49,	2,	'Disaster Management',	NULL,	NULL,	44,	'2013-10-30 11:29:21',	1,	NULL,	NULL),
(50,	2,	'Encroachment',	NULL,	NULL,	44,	'2013-10-30 11:29:21',	1,	NULL,	NULL),
(51,	2,	'Tresspassing',	NULL,	NULL,	44,	'2013-10-30 11:29:21',	1,	NULL,	NULL),
(52,	2,	'General',	NULL,	NULL,	44,	'2013-10-30 11:29:21',	1,	NULL,	NULL),
(53,	1,	'Community',	'',	NULL,	NULL,	'2013-10-30 11:29:21',	1,	NULL,	NULL),
(54,	2,	'Customer care',	NULL,	NULL,	53,	'2013-10-30 11:29:21',	1,	NULL,	NULL),
(55,	2,	'Bookings',	NULL,	NULL,	53,	'2013-10-30 11:29:21',	1,	NULL,	NULL),
(56,	2,	'Meetings',	NULL,	NULL,	53,	'2013-10-30 11:29:21',	1,	NULL,	NULL),
(57,	2,	'Workshops',	NULL,	NULL,	53,	'2013-10-30 11:29:21',	1,	NULL,	NULL),
(58,	2,	'Indigent',	NULL,	NULL,	53,	'2013-10-30 11:29:21',	1,	NULL,	NULL),
(59,	2,	'Awareness',	NULL,	NULL,	53,	'2013-10-30 11:29:21',	1,	NULL,	NULL),
(60,	2,	'Development',	NULL,	NULL,	53,	'2013-10-30 11:29:21',	1,	NULL,	NULL),
(61,	2,	'Consumer details',	NULL,	NULL,	53,	'2013-10-30 11:29:21',	1,	NULL,	NULL),
(62,	2,	'Business',	NULL,	NULL,	53,	'2013-10-30 11:29:21',	1,	NULL,	NULL),
(63,	2,	'Carriers',	NULL,	NULL,	53,	'2013-10-30 11:29:21',	1,	NULL,	NULL),
(64,	2,	'Employment',	NULL,	NULL,	53,	'2013-10-30 11:29:21',	1,	NULL,	NULL),
(65,	2,	'General',	NULL,	NULL,	53,	'2013-10-30 11:29:21',	1,	NULL,	NULL),
(66,	1,	'Roads',	NULL,	NULL,	NULL,	'2014-03-25 11:09:23',	1,	NULL,	NULL),
(76,	3,	'INXUBA YETHEMBA MUNICIPALITY',	NULL,	NULL,	NULL,	'2014-04-18 16:17:13',	1,	'2014-04-19 09:37:12',	NULL),
(77,	3,	'Municipal Two',	NULL,	NULL,	NULL,	'2014-04-18 16:17:13',	2,	'2014-04-18 16:47:11',	NULL),
(81,	4,	'Cradock',	NULL,	NULL,	76,	'2014-04-18 16:52:27',	1,	'2014-04-19 09:37:52',	NULL),
(82,	4,	'Lingelihle',	NULL,	NULL,	76,	'2014-04-18 16:52:58',	1,	'2014-04-19 09:38:09',	NULL),
(83,	4,	'Michausdal',	NULL,	NULL,	76,	'2014-04-18 16:53:07',	1,	'2014-04-19 09:38:30',	NULL),
(84,	4,	'Middleburg',	NULL,	NULL,	76,	'2014-04-19 09:38:46',	1,	NULL,	NULL),
(85,	4,	'Kwanonzame',	NULL,	NULL,	76,	'2014-04-19 09:39:04',	1,	NULL,	NULL),
(86,	4,	'Lusaka',	NULL,	NULL,	76,	'2014-04-19 09:39:14',	1,	NULL,	NULL),
(87,	4,	'Midros',	NULL,	NULL,	76,	'2014-04-19 09:40:39',	1,	NULL,	NULL),
(88,	3,	'Municipal Three',	NULL,	NULL,	NULL,	'2014-04-19 17:05:23',	39,	NULL,	NULL);

DROP TABLE IF EXISTS `client`;
CREATE TABLE `client` (
  `id` int(11) unsigned NOT NULL auto_increment,
  `type` tinyint(4) unsigned default NULL,
  `refno` varchar(15) default NULL,
  `nationalid` varchar(15) default NULL,
  `category` tinyint(4) unsigned default NULL,
  `companyname` varchar(255) default NULL,
  `contactperson` varchar(255) default NULL,
  `firstname` varchar(255) default NULL,
  `lastname` varchar(255) default NULL,
  `phone` varchar(15) default NULL,
  `phone2` varchar(15) default NULL,
  `email` varchar(255) default NULL,
  `country` char(2) default NULL,
  `city` varchar(255) default NULL,
  `town` varchar(255) default NULL,
  `postalcode` varchar(15) default NULL,
  `address` varchar(500) default NULL,
  `municipalityid` int(11) unsigned default NULL,
  `townid` int(11) unsigned default NULL,
  `datecreated` datetime default NULL,
  `createdby` int(11) unsigned default NULL,
  `lastupdatedate` datetime default NULL,
  `lastupdatedby` int(11) unsigned default NULL,
  `notifyemails` varchar(1000) default NULL,
  `notifyphones` varchar(1000) default NULL,
  `otherid` varchar(15) default NULL,
  PRIMARY KEY  (`id`)
) ENGINE=InnoDB DEFAULT CHARSET=utf8;

INSERT INTO `client` (`id`, `type`, `refno`, `nationalid`, `category`, `companyname`, `contactperson`, `firstname`, `lastname`, `phone`, `phone2`, `email`, `country`, `city`, `town`, `postalcode`, `address`, `municipalityid`, `townid`, `datecreated`, `createdby`, `lastupdatedate`, `lastupdatedby`, `notifyemails`, `notifyphones`, `otherid`) VALUES
(63,	2,	NULL,	'8201310365081',	1,	NULL,	NULL,	'Zinzi',	'France',	'27825153191',	NULL,	'zinziswanobutho@gmail.com',	'ZA',	'Cradock',	NULL,	'5880',	'2 Ralawe Street\r\nLingelihle\r\n5881',	76,	81,	'2014-05-14 15:20:37',	47,	NULL,	NULL,	NULL,	NULL,	NULL),
(64,	2,	NULL,	'7606200570080',	1,	NULL,	NULL,	'Thandisizwe',	'Moyi',	'27788110596',	NULL,	NULL,	'ZA',	'Middelburg',	NULL,	'5900',	'80 Gemsbok Avenue\r\nMidros\r\nMiddelburg\r\n5900',	76,	84,	'2014-05-22 12:40:26',	48,	NULL,	NULL,	NULL,	NULL,	NULL),
(65,	2,	NULL,	'8811135262089',	1,	NULL,	NULL,	'Thando',	'Bontiya',	'27840642450',	NULL,	NULL,	'ZA',	'Middelburg',	NULL,	'5900',	'19 Nqwemesha \r\nKwanonzame\r\nMiddelburg EC\r\n5900',	76,	84,	'2014-05-22 15:09:39',	48,	NULL,	NULL,	NULL,	NULL,	NULL),
(66,	2,	NULL,	'8906230441081',	1,	NULL,	NULL,	'Neliswa',	'Mbodli',	'27848773521',	NULL,	NULL,	'ZA',	'Middelburg',	NULL,	'5900',	'1810 Allan Boesak\r\nKwanonzame\r\nMiddelburg EC\r\n5900',	76,	84,	'2014-05-22 15:48:46',	48,	NULL,	NULL,	NULL,	'0837495132',	NULL),
(67,	2,	NULL,	NULL,	1,	NULL,	NULL,	'Vicey',	'Zonke',	'27745036809',	NULL,	NULL,	'ZA',	'Middelburg',	NULL,	'5900',	'7 Zintwana\r\nKwanonzame\r\nMiddelburg EC\r\n5900',	76,	84,	'2014-05-23 09:42:47',	48,	NULL,	NULL,	NULL,	NULL,	NULL),
(68,	2,	NULL,	NULL,	1,	NULL,	NULL,	'Ronel',	'Meyron',	'27845283493',	NULL,	NULL,	'ZA',	'Middelburg',	NULL,	'5900',	'9 Botterblom\r\nMiddelburg\r\n5900',	76,	84,	'2014-05-23 11:49:14',	48,	NULL,	NULL,	NULL,	NULL,	NULL),
(69,	2,	NULL,	NULL,	1,	NULL,	NULL,	'Nombulelo',	'Maki',	'27835427077',	NULL,	NULL,	'ZA',	'Middelburg',	NULL,	'5900',	'2112 Nzimeni Maseti\r\nKwanonzame\r\nMiddelburg\r\n5900',	76,	84,	'2014-05-23 11:58:46',	48,	NULL,	NULL,	NULL,	NULL,	NULL),
(70,	2,	NULL,	'7804165855089',	1,	NULL,	NULL,	'Mzukisi',	'Makeleni',	'27730829810',	NULL,	NULL,	'ZA',	'Lusaka',	NULL,	'5900',	'3326 Athenkosi\r\nLusaka\r\nMiddelburg EC\r\n5900',	76,	84,	'2014-05-23 12:24:10',	48,	NULL,	NULL,	NULL,	NULL,	NULL),
(71,	2,	NULL,	NULL,	1,	NULL,	NULL,	'Andrew',	'Belling',	'27733058581',	NULL,	NULL,	'ZA',	'Town',	NULL,	'5900',	'7 kerk Street\r\nMiddelburg\r\n5900',	76,	84,	'2014-05-23 12:48:32',	48,	NULL,	NULL,	NULL,	NULL,	NULL),
(72,	2,	NULL,	NULL,	1,	NULL,	NULL,	'Venessa',	'Stalenberg',	'27737695335',	NULL,	NULL,	'ZA',	'Midros',	NULL,	'5900',	'38 Protea Avenue\r\nMidros \r\nMiddelburg\r\n5900',	76,	84,	'2014-05-23 13:53:19',	48,	NULL,	NULL,	NULL,	NULL,	NULL),
(73,	2,	NULL,	NULL,	1,	NULL,	NULL,	'Unathi',	'Goerge',	'27736010630',	NULL,	NULL,	'ZA',	'Kwanonzame',	NULL,	'5900',	'2572 Simphiwe Bleki\r\nKwanonzame\r\nMiddelburg EC\r\n5900',	76,	84,	'2014-05-23 15:05:41',	48,	NULL,	NULL,	NULL,	NULL,	NULL),
(74,	2,	NULL,	'',	1,	NULL,	NULL,	'Popi',	'Westel',	'27849996502',	NULL,	'',	'ZA',	'Middleburg',	NULL,	'5900',	'13 Daniels\r\nMidros\r\nMiddelburg\r\n5900',	76,	87,	'2014-05-23 15:15:14',	48,	'2014-05-23 15:46:55',	1,	'',	'',	''),
(75,	1,	NULL,	NULL,	4,	'Inxuba Yethemba Municipality',	'Dean',	NULL,	NULL,	'27833557320',	NULL,	'cpw.iym@mtnloaded.co.za',	'ZA',	'Middelburg',	NULL,	'5900',	'Market Street\r\nMiddelburg\r\n5900',	76,	84,	'2014-05-23 15:32:29',	48,	'2014-05-23 15:46:03',	1,	'',	'',	NULL),
(76,	2,	NULL,	NULL,	1,	NULL,	NULL,	'Dean',	'Gedonas',	'27737540992',	NULL,	NULL,	'ZA',	'Middelburg',	NULL,	'5900',	'109 Smid \r\nMiddelburg\r\n5900',	76,	84,	'2014-05-23 15:47:07',	48,	NULL,	NULL,	NULL,	NULL,	NULL),
(77,	1,	NULL,	NULL,	4,	'Department of Health',	'Ronel',	NULL,	NULL,	'27824260685',	NULL,	NULL,	'ZA',	'Kwanonzame',	NULL,	'5900',	'2 Mjekula\r\nKwanonzame\r\nMiddelburg EC\r\n5900',	76,	84,	'2014-05-23 15:58:25',	48,	NULL,	NULL,	NULL,	NULL,	NULL),
(78,	2,	NULL,	'',	1,	NULL,	NULL,	'Lizzette',	'De Klerk',	'27248323855',	NULL,	'',	'ZA',	'Midros',	NULL,	'5900',	'4 Horbert Avenue\r\nMidros\r\nMiddelburg EC\r\n5900',	76,	87,	'2014-05-23 16:14:59',	48,	'2014-05-24 13:15:17',	39,	'',	'',	'');

DROP TABLE IF EXISTS `comment`;
CREATE TABLE `comment` (
  `id` int(11) unsigned NOT NULL auto_increment,
  `parentid` int(11) unsigned default NULL,
  `userid` int(11) unsigned default NULL,
  `ticketid` int(11) unsigned default NULL,
  `ledgerid` int(11) unsigned default NULL,
  `type` tinyint(4) unsigned default NULL,
  `content` blob NOT NULL,
  `datecreated` datetime NOT NULL,
  `createdby` int(11) unsigned NOT NULL,
  `lastupdatedate` datetime default NULL,
  `lastupdatedby` int(11) unsigned default NULL,
  PRIMARY KEY  (`id`),
  KEY `fk_comment_ticketid` (`ticketid`),
  KEY `fk_comment_ledgerid` (`ledgerid`),
  KEY `fk_comment_userid` (`userid`),
  KEY `fk_comment_parentid` (`parentid`),
  KEY `index_comment_type` (`type`),
  CONSTRAINT `fk_comment_ledgerid` FOREIGN KEY (`ledgerid`) REFERENCES `ticket_ledger` (`id`) ON DELETE CASCADE ON UPDATE CASCADE,
  CONSTRAINT `fk_comment_parentid` FOREIGN KEY (`parentid`) REFERENCES `comment` (`id`) ON DELETE CASCADE ON UPDATE CASCADE,
  CONSTRAINT `fk_comment_ticketid` FOREIGN KEY (`ticketid`) REFERENCES `ticket` (`id`) ON DELETE CASCADE ON UPDATE CASCADE,
  CONSTRAINT `fk_comment_userid` FOREIGN KEY (`userid`) REFERENCES `useraccount` (`id`) ON DELETE CASCADE ON UPDATE CASCADE
) ENGINE=InnoDB DEFAULT CHARSET=utf8;


DROP TABLE IF EXISTS `department`;
CREATE TABLE `department` (
  `id` int(11) unsigned NOT NULL auto_increment,
  `type` tinyint(4) unsigned default NULL,
  `category` tinyint(4) unsigned default NULL,
  `parentid` int(11) unsigned default NULL,
  `level` tinyint(4) unsigned default NULL,
  `name` varchar(255) default NULL,
  `headperson` varchar(255) default NULL,
  `headid` int(11) unsigned default NULL,
  `refno` varchar(15) default NULL,
  `description` varchar(500) default NULL,
  `email` varchar(255) default NULL,
  `phone` varchar(15) default NULL,
  `contactperson` varchar(255) default NULL,
  `contactid` int(11) unsigned default NULL,
  `datecreated` datetime default NULL,
  `createdby` int(11) unsigned default NULL,
  `lastupdatedate` datetime default NULL,
  `lastupdatedby` int(11) unsigned default NULL,
  `notifyuserids` varchar(255) default NULL,
  `notifyemails` varchar(1000) default NULL,
  `notifyphones` varchar(1000) default NULL,
  PRIMARY KEY  (`id`),
  KEY `fk_department_parentid` (`parentid`),
  CONSTRAINT `fk_department_parentid` FOREIGN KEY (`parentid`) REFERENCES `department` (`id`) ON DELETE CASCADE ON UPDATE CASCADE
) ENGINE=InnoDB DEFAULT CHARSET=utf8;

INSERT INTO `department` (`id`, `type`, `category`, `parentid`, `level`, `name`, `headperson`, `headid`, `refno`, `description`, `email`, `phone`, `contactperson`, `contactid`, `datecreated`, `createdby`, `lastupdatedate`, `lastupdatedby`, `notifyuserids`, `notifyemails`, `notifyphones`) VALUES
(1,	3,	2,	1,	2,	'Finance',	'Lennox Sobahle Tukwayo',	NULL,	'',	NULL,	'lennox@iym.gov.za',	'0488015000',	'Lennox Sobahle Tukwayo',	NULL,	'2013-10-01 00:00:00',	1,	'2014-04-10 11:29:12',	1,	NULL,	'lennox@iym.gov.za',	'0837579802'),
(2,	3,	1,	2,	1,	'Municipal Manager',	'Mzwandile Tantsi',	NULL,	'',	NULL,	'mzwandile@iym.gov.za',	'0488015000',	'Mzwandile Tantsi',	NULL,	'2013-10-01 00:00:00',	1,	'2014-04-10 17:25:05',	1,	NULL,	'mzwandile@iym.gov.za',	''),
(5,	3,	3,	9,	3,	'Human Resource',	'',	NULL,	'',	NULL,	'',	'',	'',	NULL,	'2013-10-01 00:00:00',	1,	'2014-03-31 19:10:31',	1,	NULL,	'',	''),
(6,	3,	3,	1,	3,	'Accountant: Revenue',	'Lennox Sobahle Tukwayo',	NULL,	'',	NULL,	'frieda@iym.gov.za',	'0488015117',	'Frieda De Jager',	NULL,	'2013-10-01 00:00:00',	1,	'2014-04-11 16:19:23',	1,	'61',	'lennox@iym.gov.za',	'0847101133'),
(8,	3,	3,	29,	3,	'Health & Environment',	'',	NULL,	'',	NULL,	'',	'',	'',	NULL,	'2013-10-01 00:00:00',	1,	'2014-03-31 19:12:39',	1,	NULL,	'',	''),
(9,	3,	2,	9,	2,	'Corporate Services',	'Bafo Thanduxolo Sigenu',	NULL,	'',	NULL,	'thanduxolo@iym.gov.za',	'0488015000',	'Bafo Thanduxolo Sigenu',	NULL,	'2013-10-01 00:00:00',	1,	'2014-04-10 17:16:12',	1,	NULL,	'thanduxolo@iym.gov.za',	''),
(10,	3,	3,	11,	3,	'SMME Development',	'Lulamile Jojiyasi',	NULL,	'',	NULL,	'zola@iym.gov.za',	'0488015089',	'Nokuzola James',	NULL,	'2013-10-01 00:00:00',	1,	'2014-04-11 10:50:49',	1,	'59',	'lulamile@iym.gov.za',	''),
(11,	3,	2,	11,	2,	'Local Economic Development',	'Lulamile Jojiyasi',	NULL,	'',	NULL,	'lulamile@iym.gov.za',	'0488015000',	'Lulamile Jojiyasi',	NULL,	'2013-10-01 00:00:00',	1,	'2014-04-10 17:20:29',	1,	NULL,	'lulamile@iym.gov.za',	''),
(14,	3,	3,	1,	3,	'Budget Office',	'Lennox Sobahle Tukwayo',	NULL,	'',	NULL,	'ludwe@iym.gov.za',	'0488015015',	'Ludwe Hanana',	NULL,	'2013-10-01 00:00:00',	1,	'2014-04-11 16:38:16',	1,	NULL,	'lennox@iym.gov.za',	'0835468723'),
(15,	3,	3,	11,	3,	'Agricultural Development',	'Lulamile Jojiyasi',	NULL,	'',	NULL,	'siyabulela@iym.gov.za',	'0488015094',	'Siyabulela Salman',	NULL,	'2013-10-01 00:00:00',	1,	'2014-04-11 10:30:41',	1,	'57',	'lulamile@iym.gov.za',	''),
(22,	3,	3,	26,	3,	'Electrical Services Cradock',	'Amos Saleni',	NULL,	'',	NULL,	'mteza@iym.gov.za',	'0488015000',	'',	43,	'2013-10-31 00:00:00',	1,	'2014-05-22 13:32:04',	1,	'43',	'amos@iym.gov.za',	''),
(23,	3,	3,	26,	3,	'Water Services',	'Amos Saleni',	NULL,	'',	NULL,	'mashiyald@gmail.com',	'0488015000',	'',	44,	'2013-10-31 00:00:00',	1,	'2014-04-07 18:04:09',	1,	'44',	'amos@iym.gov.za',	''),
(24,	3,	3,	1,	3,	'Accountant: Internal Services',	'Lennox Sobahle Tukwayo',	NULL,	'',	NULL,	'rentia@iym.gov.za',	'0488015029',	'Rentia Crouse',	NULL,	'2013-10-31 00:00:00',	1,	'2014-04-11 16:11:42',	1,	'60',	'lennox@iym.gov.za',	''),
(26,	3,	2,	26,	2,	'Technical',	'Amos Saleni',	NULL,	'',	NULL,	'amos@iym.gov.za',	'0488015000',	'Amos Saleni',	NULL,	'2013-10-31 00:00:00',	1,	'2014-04-07 17:57:27',	1,	NULL,	'amos@iym.gov.za',	''),
(27,	3,	3,	11,	3,	'Tourism Development',	'Lulamile Jojiyasi',	NULL,	'',	NULL,	'lineobebeza@gmail.com',	'0488811113',	'Lineo Bebeza',	NULL,	'2013-10-31 00:00:00',	1,	'2014-04-11 16:49:18',	1,	NULL,	'lulamile@iym.gov.za',	''),
(29,	3,	2,	29,	2,	'Community Services',	'Noluthando Majiba',	NULL,	'',	NULL,	'majiba@iym.gov.za',	'0488015000',	'Noluthando Majiba',	NULL,	'2013-10-31 00:00:00',	1,	'2014-04-10 17:22:00',	1,	NULL,	'noluthando@iym.gov.za',	''),
(31,	3,	3,	26,	3,	'Public Works',	'',	NULL,	'',	NULL,	'',	'',	'',	NULL,	'2014-03-31 18:59:17',	1,	'2014-04-04 16:47:24',	1,	NULL,	'',	''),
(33,	3,	3,	26,	3,	'Planning, Building and Land Use',	'Amos Saleni',	NULL,	'',	NULL,	'avelamashaba@yahoo.com',	'0488015000',	'Avela Mashaba',	NULL,	'2014-04-07 17:45:30',	1,	'2014-04-07 17:49:28',	1,	'46',	'',	''),
(34,	3,	3,	1,	3,	'Supply Chain Management',	'Lennox Sobahle Tukwayo',	NULL,	'',	NULL,	'alda@iym.gov.za',	'0488015031',	'Alda-Lea Hukfie',	NULL,	'2014-04-11 16:44:22',	1,	'2014-04-11 16:47:33',	1,	'65',	'lennox@iym.gov.za',	'0737372654'),
(35,	3,	1,	NULL,	1,	'Mayor\'s Office',	'Nyameka Goniwe',	NULL,	'',	NULL,	'nyameka@iym.gov.za',	'0488015000',	'Nyameka Goniwe',	NULL,	'2014-04-11 16:52:32',	1,	NULL,	NULL,	NULL,	'nyameka@iym.gov.za',	''),
(38,	3,	3,	26,	3,	'Electrical Services Middleburg',	'Amos Saleni',	NULL,	'',	NULL,	'francois.iym@mymtnmail.co.za',	'0498021380',	'',	55,	'2014-05-22 13:03:35',	1,	NULL,	NULL,	'55',	'',	'');

DROP TABLE IF EXISTS `department_category`;
CREATE TABLE `department_category` (
  `id` int(11) unsigned NOT NULL auto_increment,
  `departmentid` int(11) unsigned default NULL,
  `categoryid` int(11) unsigned default NULL,
  PRIMARY KEY  (`id`),
  KEY `fk_departmentcategory_departmentid` (`departmentid`),
  KEY `fk_departmentcategory_categoryid` (`categoryid`),
  CONSTRAINT `fk_departmentcategory_categoryid` FOREIGN KEY (`categoryid`) REFERENCES `category` (`id`) ON DELETE CASCADE ON UPDATE CASCADE,
  CONSTRAINT `fk_departmentcategory_departmentid` FOREIGN KEY (`departmentid`) REFERENCES `department` (`id`) ON DELETE CASCADE ON UPDATE CASCADE
) ENGINE=InnoDB DEFAULT CHARSET=utf8;


DROP TABLE IF EXISTS `document`;
CREATE TABLE `document` (
  `id` int(11) unsigned NOT NULL auto_increment,
  `type` tinyint(4) NOT NULL,
  `filename` varchar(255) NOT NULL,
  `title` varchar(255) default NULL,
  `description` varchar(500) default NULL,
  `filepath` varchar(255) default NULL,
  `filesize` bigint(20) unsigned default NULL,
  `extension` varchar(6) default NULL,
  `mimetype` varchar(50) default '',
  `dateuploaded` datetime default NULL,
  `notes` blob,
  `uploadedbyid` int(11) unsigned default NULL,
  `ticketid` int(11) unsigned default NULL,
  `commentid` int(11) unsigned default NULL,
  `ledgerid` int(11) unsigned default NULL,
  PRIMARY KEY  (`id`),
  KEY `fk_document_ticketid` (`ticketid`),
  KEY `fk_document_commentid` (`commentid`),
  KEY `fk_document_ledgerid` (`ledgerid`),
  KEY `fk_document_uploadedbyid` (`uploadedbyid`),
  KEY `fk_document_type` (`type`),
  CONSTRAINT `fk_document_commentid` FOREIGN KEY (`commentid`) REFERENCES `comment` (`id`) ON DELETE CASCADE ON UPDATE CASCADE,
  CONSTRAINT `fk_document_ledgerid` FOREIGN KEY (`ledgerid`) REFERENCES `ticket_ledger` (`id`) ON DELETE CASCADE ON UPDATE CASCADE,
  CONSTRAINT `fk_document_ticketid` FOREIGN KEY (`ticketid`) REFERENCES `ticket` (`id`) ON DELETE CASCADE ON UPDATE CASCADE,
  CONSTRAINT `fk_document_uploadedbyid` FOREIGN KEY (`uploadedbyid`) REFERENCES `useraccount` (`id`) ON DELETE CASCADE ON UPDATE CASCADE
) ENGINE=InnoDB DEFAULT CHARSET=utf8;


DROP TABLE IF EXISTS `lookupquery`;
CREATE TABLE `lookupquery` (
  `id` int(10) unsigned NOT NULL auto_increment,
  `name` varchar(50) NOT NULL,
  `description` varchar(255) default NULL,
  `querystring` varchar(500) NOT NULL,
  PRIMARY KEY  (`id`)
) ENGINE=InnoDB DEFAULT CHARSET=utf8;

INSERT INTO `lookupquery` (`id`, `name`, `description`, `querystring`) VALUES
(1,	'ALL_USERS',	'Returns the list of all Users in the system',	'SELECT u.id as optionvalue, concat(u.firstname,\' \',u.lastname) as optiontext FROM useraccount u ORDER BY optiontext'),
(2,	'ALL_ACL_GROUPS',	'All defined ACL groups',	'SELECT id as optionvalue, name as optiontext FROM aclgroup'),
(3,	'ALL_RESOURCES',	'The resources that are secured within the application',	'SELECT r.name AS optiontext, r.id AS optionvalue FROM aclresource AS r ORDER BY optiontext');

DROP TABLE IF EXISTS `lookuptype`;
CREATE TABLE `lookuptype` (
  `id` int(11) unsigned NOT NULL auto_increment,
  `name` varchar(50) NOT NULL,
  `displayname` varchar(50) NOT NULL,
  `listable` tinyint(4) unsigned default '1',
  `updatable` tinyint(4) unsigned default NULL,
  `description` varchar(255) NOT NULL,
  `datecreated` datetime NOT NULL,
  `createdby` int(11) unsigned NOT NULL,
  `lastupdatedate` datetime default NULL,
  `lastupdatedby` int(11) unsigned default NULL,
  PRIMARY KEY  (`id`)
) ENGINE=InnoDB DEFAULT CHARSET=utf8;

INSERT INTO `lookuptype` (`id`, `name`, `displayname`, `listable`, `updatable`, `description`, `datecreated`, `createdby`, `lastupdatedate`, `lastupdatedby`) VALUES
(1,	'YES_NO',	'Yes No Boolean ',	1,	0,	'Yes, No value options.',	'2012-03-01 12:00:00',	1,	NULL,	NULL),
(2,	'TRANSACTION_TYPES',	'Transaction Types',	1,	0,	'System Audit Trail transaction types.',	'2012-03-01 12:00:00',	1,	NULL,	NULL),
(3,	'LIST_ITEM_COUNT_OPTIONS',	'Listing Items Per Page Values',	1,	0,	'Available number of items per page on lists',	'2012-03-01 12:00:00',	1,	NULL,	NULL),
(4,	'ACTIVE_STATUS',	'Active Status Boolean',	1,	0,	'Whether a user is active or not',	'2012-03-01 12:00:00',	1,	NULL,	NULL),
(5,	'GENDER',	'Gender Values',	1,	0,	'The different gender values',	'2012-03-19 18:50:51',	1,	NULL,	NULL),
(6,	'ACTION_STATUS',	'Activity Statuses',	1,	1,	'The progress status values',	'2012-03-01 12:00:00',	1,	NULL,	NULL),
(7,	'CONTACTUS_CATEGORIES',	'Contact Us Form Categories',	1,	1,	'The contactus form categories',	'2012-03-01 12:00:00',	1,	NULL,	NULL),
(8,	'SALUTATION',	'Salutations',	1,	1,	'The different salutations Mr, Mrs, Dr, etc',	'2009-05-12 19:18:15',	2012,	'0000-00-00 00:00:00',	NULL),
(9,	'TICKET_SOURCES',	'Query Sources',	1,	1,	'The methods used to report customer queries',	'0000-00-00 00:00:00',	0,	NULL,	NULL),
(10,	'TICKET_STATUS',	'Query Status Values',	1,	0,	'The statuses through which a ticket runs through',	'0000-00-00 00:00:00',	0,	NULL,	NULL),
(11,	'TICKET_PRIORITIES',	'Query Priority',	1,	1,	'The priority assigned to a Query',	'2013-12-06 19:18:15',	1,	NULL,	NULL),
(12,	'TICKET_FEEDBACK_VALUES',	'Query Feeback Parameters',	1,	1,	'The rating values for Query feedback',	'2013-12-06 19:18:15',	1,	NULL,	NULL),
(13,	'DEPARTMENT_TYPES',	'Department types',	1,	1,	'The types of departments',	'2013-12-06 19:18:15',	1,	NULL,	NULL),
(14,	'DEPARTMENT_CATEGORIES',	'Department Categories',	1,	1,	'The categories assigned to departments',	'2013-12-06 19:18:15',	1,	NULL,	NULL),
(15,	'CLIENT_CATEGORIES',	'Client Categories',	1,	1,	'The categories of clients available',	'2013-12-06 19:18:15',	1,	NULL,	NULL),
(16,	'CLIENT_TYPES',	'Client Types',	1,	0,	'The type of customer.',	'2013-12-06 19:18:15',	1,	NULL,	NULL),
(17,	'USER_STATUS',	'User Status Values',	1,	0,	'The user status flags.',	'2013-12-06 19:18:15',	1,	NULL,	NULL),
(18,	'TOGGLE_ENABLED',	'Toggle Enable/Disable',	1,	0,	'Enabled or disabled',	'2013-12-06 22:23:55',	1,	NULL,	NULL),
(19,	'QUERY_CATEGORIES',	'Query Categories',	1,	1,	'The query categories',	'2013-12-06 22:23:55',	1,	NULL,	NULL),
(20,	'SYSTEM_MUNICIPALITIES',	'Municipalities and Towns',	1,	1,	'The municipalities and towns for querying clients',	'2013-12-06 22:23:55',	1,	NULL,	NULL);

DROP TABLE IF EXISTS `lookuptypevalue`;
CREATE TABLE `lookuptypevalue` (
  `id` int(11) unsigned NOT NULL auto_increment,
  `lookuptypeid` int(11) unsigned NOT NULL,
  `lookuptypevalue` varchar(50) NOT NULL,
  `lookupvaluedescription` varchar(255) default NULL,
  `info` varchar(1000) default NULL,
  `createdby` int(11) unsigned NOT NULL,
  `datecreated` datetime NOT NULL,
  `lastupdatedate` datetime default NULL,
  `lastupdatedby` int(11) unsigned default NULL,
  PRIMARY KEY  (`id`),
  KEY `fk_lookuptypevalue_lookuptypeid` (`lookuptypeid`),
  KEY `index_lookuptypevalue_lookuptypevalue` (`lookuptypevalue`),
  KEY `index_lookuptypevalue_lookupvaluedescription` (`lookupvaluedescription`),
  CONSTRAINT `fk_lookuptypevalue_lookuptypeid` FOREIGN KEY (`lookuptypeid`) REFERENCES `lookuptype` (`id`) ON DELETE CASCADE ON UPDATE CASCADE
) ENGINE=InnoDB DEFAULT CHARSET=utf8;

INSERT INTO `lookuptypevalue` (`id`, `lookuptypeid`, `lookuptypevalue`, `lookupvaluedescription`, `info`, `createdby`, `datecreated`, `lastupdatedate`, `lastupdatedby`) VALUES
(1,	1,	'1',	'Yes',	NULL,	1,	'2012-03-01 12:00:00',	NULL,	NULL),
(2,	1,	'0',	'No',	NULL,	1,	'2012-03-01 12:00:00',	NULL,	NULL),
(3,	2,	'Login',	'User login transaction',	NULL,	1,	'2012-03-01 12:00:00',	NULL,	NULL),
(4,	2,	'Logout',	'User logout transaction',	NULL,	1,	'2012-03-01 12:00:00',	NULL,	NULL),
(5,	2,	'Recover Password',	'User password recovery transaction',	NULL,	1,	'2012-03-01 12:00:00',	'2013-12-23 14:14:55',	NULL),
(6,	3,	'10',	'10',	NULL,	1,	'2012-03-01 12:00:00',	NULL,	NULL),
(7,	3,	'25',	'25',	NULL,	1,	'2012-03-01 12:00:00',	NULL,	NULL),
(8,	3,	'50',	'50',	NULL,	1,	'2012-03-01 12:00:00',	NULL,	NULL),
(9,	3,	'100',	'100',	NULL,	1,	'2012-03-01 12:00:00',	NULL,	NULL),
(10,	4,	'Active',	'Active',	NULL,	1,	'2012-03-01 12:00:00',	NULL,	NULL),
(11,	4,	'In Active',	'In Active',	NULL,	1,	'2012-03-01 12:00:00',	NULL,	NULL),
(12,	3,	'250',	'100',	NULL,	1,	'2012-03-01 12:00:00',	NULL,	NULL),
(13,	3,	'500',	'100',	NULL,	1,	'2012-03-01 12:00:00',	NULL,	NULL),
(14,	3,	'All',	'100',	NULL,	1,	'2012-03-01 12:00:00',	NULL,	NULL),
(19,	5,	'1',	'Male',	NULL,	1,	'2012-03-22 12:06:17',	NULL,	NULL),
(20,	5,	'2',	'Female',	NULL,	1,	'2012-03-22 12:06:28',	NULL,	NULL),
(21,	6,	'1',	'Not Started',	NULL,	1,	'2012-03-01 12:00:00',	NULL,	NULL),
(22,	6,	'2',	'In Progress',	NULL,	1,	'2012-03-01 12:00:00',	NULL,	NULL),
(23,	6,	'3',	'Completed',	NULL,	1,	'2012-03-01 12:00:00',	NULL,	NULL),
(24,	7,	'1',	'Feedback',	NULL,	1,	'2012-03-01 12:00:00',	NULL,	NULL),
(25,	7,	'2',	'Ask a Question',	NULL,	1,	'2012-03-01 12:00:00',	NULL,	NULL),
(26,	7,	'3',	'Submit a Bug',	NULL,	1,	'2012-03-01 12:00:00',	NULL,	NULL),
(27,	7,	'4',	'Sign up Problems',	NULL,	1,	'2012-03-01 12:00:00',	NULL,	NULL),
(28,	7,	'5',	'Account compromised',	NULL,	1,	'2012-03-01 12:00:00',	NULL,	NULL),
(29,	7,	'6',	'Failed to Login',	NULL,	1,	'2012-03-01 12:00:00',	NULL,	NULL),
(30,	7,	'7',	'Suggestion',	NULL,	1,	'2012-03-01 12:00:00',	NULL,	NULL),
(31,	7,	'8',	'Need Help',	NULL,	1,	'2012-03-01 12:00:00',	NULL,	NULL),
(32,	7,	'9',	'Other',	NULL,	1,	'2012-03-01 12:00:00',	NULL,	NULL),
(33,	8,	'1',	'Dr',	NULL,	1,	'2011-10-01 12:00:00',	'0000-00-00 00:00:00',	NULL),
(34,	8,	'2',	'Ms',	NULL,	1,	'2011-10-01 12:00:00',	'0000-00-00 00:00:00',	NULL),
(35,	8,	'3',	'Mr',	NULL,	1,	'2011-10-01 12:00:00',	'0000-00-00 00:00:00',	NULL),
(36,	8,	'4',	'Mrs',	NULL,	1,	'2011-10-01 12:00:00',	'0000-00-00 00:00:00',	NULL),
(37,	8,	'5',	'Eng',	NULL,	1,	'2011-10-01 12:00:00',	'0000-00-00 00:00:00',	NULL),
(38,	8,	'6',	'Prof',	NULL,	1,	'2011-10-01 12:00:00',	'0000-00-00 00:00:00',	NULL),
(39,	9,	'1',	'Physical Delivery',	NULL,	1,	'0000-00-00 00:00:00',	NULL,	NULL),
(40,	9,	'2',	'Phone',	NULL,	1,	'0000-00-00 00:00:00',	NULL,	NULL),
(41,	9,	'3',	'Email',	NULL,	1,	'0000-00-00 00:00:00',	NULL,	NULL),
(42,	9,	'4',	'Fax',	NULL,	1,	'0000-00-00 00:00:00',	NULL,	NULL),
(43,	10,	'1',	'Logged',	'Ticket received at CSR',	1,	'0000-00-00 00:00:00',	NULL,	NULL),
(44,	10,	'2',	'Assigned',	'Ticket assigned to relevant directorate',	1,	'0000-00-00 00:00:00',	NULL,	NULL),
(48,	10,	'3',	'Received',	'Ticket received at the assigned directorate',	1,	'0000-00-00 00:00:00',	NULL,	NULL),
(49,	10,	'4',	'In Progress',	'Ticket allocated to a technician for resolution',	1,	'0000-00-00 00:00:00',	NULL,	NULL),
(50,	10,	'5',	'Resolved',	'Ticket resolved by technician',	1,	'0000-00-00 00:00:00',	NULL,	NULL),
(51,	10,	'6',	'Failed',	'Ticket has no resolution for query',	1,	'0000-00-00 00:00:00',	NULL,	NULL),
(52,	10,	'7',	'Overdue',	'Ticket delivery delayed',	1,	'0000-00-00 00:00:00',	NULL,	NULL),
(53,	10,	'8',	'Archived',	'Ticket has been archived',	1,	'0000-00-00 00:00:00',	NULL,	NULL),
(54,	10,	'9',	'Technician Allocated',	'Technician has been assigned',	1,	'0000-00-00 00:00:00',	NULL,	NULL),
(55,	11,	'1',	'Low',	NULL,	0,	'0000-00-00 00:00:00',	NULL,	NULL),
(56,	11,	'2',	'Moderate',	NULL,	1,	'2013-12-06 19:34:07',	NULL,	NULL),
(57,	11,	'3',	'Normal',	NULL,	1,	'2013-12-06 19:36:11',	NULL,	NULL),
(58,	11,	'4',	'High',	NULL,	1,	'2013-12-06 19:36:47',	NULL,	NULL),
(59,	11,	'5',	'Critical',	NULL,	1,	'2013-12-06 19:36:59',	NULL,	NULL),
(60,	12,	'1',	'Poor',	NULL,	1,	'2013-12-06 19:37:33',	NULL,	NULL),
(61,	12,	'2',	'Fair',	NULL,	1,	'2013-12-06 19:37:43',	NULL,	NULL),
(62,	12,	'3',	'Good',	NULL,	1,	'2013-12-06 19:37:50',	NULL,	NULL),
(63,	12,	'4',	'Very Good',	NULL,	1,	'2013-12-06 19:38:01',	NULL,	NULL),
(64,	12,	'5',	'Excellent',	NULL,	1,	'2013-12-06 19:38:15',	NULL,	NULL),
(68,	14,	'1',	'Level 01',	NULL,	1,	'2013-12-06 21:59:27',	'2014-01-07 19:51:49',	NULL),
(69,	14,	'2',	'Level 02',	NULL,	1,	'2013-12-06 21:59:38',	'2014-01-07 19:51:49',	NULL),
(70,	14,	'3',	'Level 3',	NULL,	1,	'2013-12-06 21:59:50',	NULL,	NULL),
(71,	13,	'1',	'Metropolitan',	NULL,	1,	'2013-12-06 22:04:45',	NULL,	NULL),
(72,	13,	'2',	'District',	NULL,	1,	'2013-12-06 22:04:54',	NULL,	NULL),
(73,	13,	'3',	'Local',	NULL,	1,	'2013-12-06 22:05:05',	NULL,	NULL),
(74,	16,	'1',	'Company',	NULL,	1,	'2013-12-06 22:08:22',	NULL,	NULL),
(75,	16,	'2',	'Individual',	NULL,	1,	'2013-12-06 22:08:52',	NULL,	NULL),
(76,	15,	'1',	'Community',	NULL,	1,	'2013-12-06 22:11:37',	NULL,	NULL),
(77,	15,	'2',	'External',	NULL,	1,	'2013-12-06 22:11:48',	NULL,	NULL),
(78,	17,	'0',	'Pending Activation',	NULL,	1,	'2013-12-06 22:16:10',	NULL,	NULL),
(79,	17,	'1',	'Active',	NULL,	1,	'2013-12-06 22:16:24',	NULL,	NULL),
(80,	17,	'2',	'Deactivated',	NULL,	1,	'2013-12-06 22:16:40',	NULL,	NULL),
(81,	18,	'1',	'Enabled',	NULL,	1,	'2013-12-06 22:25:40',	NULL,	NULL),
(82,	18,	'2',	'Disabled',	NULL,	1,	'2013-12-06 22:25:48',	NULL,	NULL),
(84,	15,	'3',	'Service Provider',	NULL,	1,	'2013-12-07 16:33:06',	NULL,	NULL),
(85,	15,	'4',	'Government',	NULL,	1,	'2014-01-07 19:50:10',	NULL,	NULL),
(86,	9,	'5',	'Other',	NULL,	1,	'2014-03-25 11:11:03',	NULL,	NULL);

DROP TABLE IF EXISTS `message`;
CREATE TABLE `message` (
  `id` int(11) unsigned NOT NULL auto_increment,
  `senderid` int(11) unsigned NOT NULL,
  `parentid` int(11) unsigned default NULL,
  `subject` varchar(255) NOT NULL,
  `contents` blob NOT NULL,
  `datecreated` datetime NOT NULL,
  `commentid` int(11) unsigned default NULL,
  `ledgerid` int(11) unsigned default NULL,
  PRIMARY KEY  (`id`),
  KEY `fk_message_senderid` (`senderid`),
  KEY `fk_message_parentid` (`parentid`),
  KEY `fk_message_commentid` (`commentid`),
  KEY `fk_message_ledgerid` (`ledgerid`),
  CONSTRAINT `fk_message_commentid` FOREIGN KEY (`commentid`) REFERENCES `comment` (`id`) ON DELETE CASCADE ON UPDATE CASCADE,
  CONSTRAINT `fk_message_ledgerid` FOREIGN KEY (`ledgerid`) REFERENCES `ticket_ledger` (`id`) ON DELETE CASCADE ON UPDATE CASCADE,
  CONSTRAINT `fk_message_parentid` FOREIGN KEY (`parentid`) REFERENCES `message` (`id`) ON DELETE CASCADE ON UPDATE CASCADE,
  CONSTRAINT `fk_message_senderid` FOREIGN KEY (`senderid`) REFERENCES `useraccount` (`id`) ON DELETE CASCADE ON UPDATE CASCADE
) ENGINE=InnoDB DEFAULT CHARSET=utf8;

INSERT INTO `message` (`id`, `senderid`, `parentid`, `subject`, `contents`, `datecreated`, `commentid`, `ledgerid`) VALUES
(41,	48,	NULL,	'Electrical Services Department allocated to Query Ref No# AA0056',	'<table style=\"width:700px; margin:0; position:relative;\">	\n    <tr>\n    	<td style=\"padding:20px 25px; margin:0; background-color:#797b79;\"><span style=\"color: #6f6f6f; font-size: 25px; font-weight: bold; height:30px; padding:10px 30px; background-color:#dddddd; display:inline-block; width:auto;\">Q1</span></td>\n    </tr>\n</table>\n<table style=\"width:700px; margin:0; padding:25px 25px 25px 15px; background-color:#fafdff; font-family: Arial, Helvetica, Tahoma, sans-serif; font-size:15px; line-height: 1.2em;\">    \n    <tr>\n    	<td>\n    Attn Electrical Services,<br /><br />\n    \n    A new Query has been allocated to this Department with details below:<br /><br />\n    \n    <b style=\"color:#42B521;\">Summary</b><br />\n    <b>Reference No: </b>AA0056<br />\n    <b>Issue: </b>Electricity meter faulty<br />\n    <b>Synopsis: </b><br />\n	meter burned<br /><br />\n	\n    <b style=\"color:#42B521;\">Client Details</b><br />\n    <b>Client: </b>Thandisizwe Moyi<br />\n    <b>Email: </b><br />\n    <b>Phone: </b>27788110596<br /><br />\n    \n    <b style=\"color:#42B521;\">Query Details</b><br />\n    <b>Date Received: </b>05/22/2014<br />\n    <b>Date Due: </b>05/26/2014<br />\n    <b>Category: </b>Electricity<br />\n    <b>Type: </b>Meter not working<br />\n    <b>Source: </b>Phone<br />\n    <b>Receieved By: </b>Linda Diena<br /><br />\n    \n	To view more details about this query click on the link below:<br />\n	http://q1.bsaconsulting.co.za/public/query/view/id/NTY=/<br /><br />\n	\n	If the page fails to open, copy the activation link and paste it in the address window of the browser.<br />\n    \n 			\n            <br />Q1 Support<br />admin@bsaconsulting.co.za        </td>\n    </tr>\n</table>\n<table style=\"width:700px; margin:0;\">	\n    <tr>\n    	<td style=\"padding:0; margin:0; background-color:#797b79; color:#ffffff; padding-top:10px; padding-bottom:10px; padding-left:10px; font-family: Arial, Helvetica, Tahoma, sans-serif; font-size:15px;\"><a style=\"color:#ffffff;\" href=\"http://q1.bsaconsulting.co.za/public\">http://q1.bsaconsulting.co.za/public</a></td>\n    </tr>\n</table>',	'2014-05-22 12:46:37',	NULL,	585),
(42,	1,	NULL,	'Electrical Services Middleburg Department allocated to Query Ref No# AA0056',	'<table style=\"width:700px; margin:0; position:relative;\">	\n    <tr>\n    	<td style=\"padding:20px 25px; margin:0; background-color:#797b79;\"><span style=\"color: #6f6f6f; font-size: 25px; font-weight: bold; height:30px; padding:10px 30px; background-color:#dddddd; display:inline-block; width:auto;\">Q1</span></td>\n    </tr>\n</table>\n<table style=\"width:700px; margin:0; padding:25px 25px 25px 15px; background-color:#fafdff; font-family: Arial, Helvetica, Tahoma, sans-serif; font-size:15px; line-height: 1.2em;\">    \n    <tr>\n    	<td>\n    Attn Electrical Services Middleburg,<br /><br />\n    \n    A new Query has been allocated to this Department with details below:<br /><br />\n    \n    <b style=\"color:#42B521;\">Summary</b><br />\n    <b>Reference No: </b>AA0056<br />\n    <b>Issue: </b>Electricity meter faulty<br />\n    <b>Synopsis: </b><br />\n	meter burned<br /><br />\n	\n    <b style=\"color:#42B521;\">Client Details</b><br />\n    <b>Client: </b>Thandisizwe Moyi<br />\n    <b>Email: </b><br />\n    <b>Phone: </b>27788110596<br /><br />\n    \n    <b style=\"color:#42B521;\">Query Details</b><br />\n    <b>Date Received: </b>05/22/2014<br />\n    <b>Date Due: </b>05/26/2014<br />\n    <b>Category: </b>Electricity<br />\n    <b>Type: </b>Meter not working<br />\n    <b>Source: </b>Phone<br />\n    <b>Receieved By: </b>Linda Diena<br /><br />\n    \n	To view more details about this query click on the link below:<br />\n	http://q1.bsaconsulting.co.za/public/query/view/id/NTY=/<br /><br />\n	\n	If the page fails to open, copy the activation link and paste it in the address window of the browser.<br />\n    \n 			\n            <br />Q1 Support<br />admin@bsaconsulting.co.za        </td>\n    </tr>\n</table>\n<table style=\"width:700px; margin:0;\">	\n    <tr>\n    	<td style=\"padding:0; margin:0; background-color:#797b79; color:#ffffff; padding-top:10px; padding-bottom:10px; padding-left:10px; font-family: Arial, Helvetica, Tahoma, sans-serif; font-size:15px;\"><a style=\"color:#ffffff;\" href=\"http://q1.bsaconsulting.co.za/public\">http://q1.bsaconsulting.co.za/public</a></td>\n    </tr>\n</table>',	'2014-05-22 13:04:52',	NULL,	588),
(43,	48,	NULL,	'Water Services Department allocated to Query Ref No# AA0057',	'<table style=\"width:700px; margin:0; position:relative;\">	\n    <tr>\n    	<td style=\"padding:20px 25px; margin:0; background-color:#797b79;\"><span style=\"color: #6f6f6f; font-size: 25px; font-weight: bold; height:30px; padding:10px 30px; background-color:#dddddd; display:inline-block; width:auto;\">Q1</span></td>\n    </tr>\n</table>\n<table style=\"width:700px; margin:0; padding:25px 25px 25px 15px; background-color:#fafdff; font-family: Arial, Helvetica, Tahoma, sans-serif; font-size:15px; line-height: 1.2em;\">    \n    <tr>\n    	<td>\n    Attn Water Services,<br /><br />\n    \n    A new Query has been allocated to this Department with details below:<br /><br />\n    \n    <b style=\"color:#42B521;\">Summary</b><br />\n    <b>Reference No: </b>AA0057<br />\n    <b>Issue: </b>Drain blocked <br />\n    <b>Synopsis: </b><br />\n	Sewerage drain is blocked<br /><br />\n	\n    <b style=\"color:#42B521;\">Client Details</b><br />\n    <b>Client: </b>Thando Bontiya<br />\n    <b>Email: </b><br />\n    <b>Phone: </b>27840642450<br /><br />\n    \n    <b style=\"color:#42B521;\">Query Details</b><br />\n    <b>Date Received: </b>05/22/2014<br />\n    <b>Date Due: </b>05/23/2014<br />\n    <b>Category: </b>Water<br />\n    <b>Type: </b>Blocked meter<br />\n    <b>Source: </b>Phone<br />\n    <b>Receieved By: </b>Linda Diena<br /><br />\n    \n	To view more details about this query click on the link below:<br />\n	http://q1.bsaconsulting.co.za/public/query/view/id/NTc=/<br /><br />\n	\n	If the page fails to open, copy the activation link and paste it in the address window of the browser.<br />\n    \n 			\n            <br />Q1 Support<br />admin@bsaconsulting.co.za        </td>\n    </tr>\n</table>\n<table style=\"width:700px; margin:0;\">	\n    <tr>\n    	<td style=\"padding:0; margin:0; background-color:#797b79; color:#ffffff; padding-top:10px; padding-bottom:10px; padding-left:10px; font-family: Arial, Helvetica, Tahoma, sans-serif; font-size:15px;\"><a style=\"color:#ffffff;\" href=\"http://q1.bsaconsulting.co.za/public\">http://q1.bsaconsulting.co.za/public</a></td>\n    </tr>\n</table>',	'2014-05-22 15:13:00',	NULL,	593),
(44,	48,	NULL,	'Electrical Services Middleburg Department allocated to Query Ref No# AA0058',	'<table style=\"width:700px; margin:0; position:relative;\">	\n    <tr>\n    	<td style=\"padding:20px 25px; margin:0; background-color:#797b79;\"><span style=\"color: #6f6f6f; font-size: 25px; font-weight: bold; height:30px; padding:10px 30px; background-color:#dddddd; display:inline-block; width:auto;\">Q1</span></td>\n    </tr>\n</table>\n<table style=\"width:700px; margin:0; padding:25px 25px 25px 15px; background-color:#fafdff; font-family: Arial, Helvetica, Tahoma, sans-serif; font-size:15px; line-height: 1.2em;\">    \n    <tr>\n    	<td>\n    Attn Electrical Services Middleburg,<br /><br />\n    \n    A new Query has been allocated to this Department with details below:<br /><br />\n    \n    <b style=\"color:#42B521;\">Summary</b><br />\n    <b>Reference No: </b>AA0058<br />\n    <b>Issue: </b>Electricity meter faulty<br />\n    <b>Synopsis: </b><br />\n	Electricity meter is blank<br /><br />\n	\n    <b style=\"color:#42B521;\">Client Details</b><br />\n    <b>Client: </b>Neliswa Mbodli<br />\n    <b>Email: </b><br />\n    <b>Phone: </b>27848773521<br /><br />\n    \n    <b style=\"color:#42B521;\">Query Details</b><br />\n    <b>Date Received: </b>05/22/2014<br />\n    <b>Date Due: </b>05/23/2014<br />\n    <b>Category: </b>Electricity<br />\n    <b>Type: </b>General<br />\n    <b>Source: </b>Phone<br />\n    <b>Receieved By: </b>Linda Diena<br /><br />\n    \n	To view more details about this query click on the link below:<br />\n	http://q1.bsaconsulting.co.za/public/query/view/id/NTg=/<br /><br />\n	\n	If the page fails to open, copy the activation link and paste it in the address window of the browser.<br />\n    \n 			\n            <br />Q1 Support<br />admin@bsaconsulting.co.za        </td>\n    </tr>\n</table>\n<table style=\"width:700px; margin:0;\">	\n    <tr>\n    	<td style=\"padding:0; margin:0; background-color:#797b79; color:#ffffff; padding-top:10px; padding-bottom:10px; padding-left:10px; font-family: Arial, Helvetica, Tahoma, sans-serif; font-size:15px;\"><a style=\"color:#ffffff;\" href=\"http://q1.bsaconsulting.co.za/public\">http://q1.bsaconsulting.co.za/public</a></td>\n    </tr>\n</table>',	'2014-05-22 15:49:44',	NULL,	598),
(45,	48,	NULL,	'Electrical Services Middleburg Department allocated to Query Ref No# AA0059',	'<table style=\"width:700px; margin:0; position:relative;\">	\n    <tr>\n    	<td style=\"padding:20px 25px; margin:0; background-color:#797b79;\"><span style=\"color: #6f6f6f; font-size: 25px; font-weight: bold; height:30px; padding:10px 30px; background-color:#dddddd; display:inline-block; width:auto;\">Q1</span></td>\n    </tr>\n</table>\n<table style=\"width:700px; margin:0; padding:25px 25px 25px 15px; background-color:#fafdff; font-family: Arial, Helvetica, Tahoma, sans-serif; font-size:15px; line-height: 1.2em;\">    \n    <tr>\n    	<td>\n    Attn Electrical Services Middleburg,<br /><br />\n    \n    A new Query has been allocated to this Department with details below:<br /><br />\n    \n    <b style=\"color:#42B521;\">Summary</b><br />\n    <b>Reference No: </b>AA0059<br />\n    <b>Issue: </b>Drain blocked<br />\n    <b>Synopsis: </b><br />\n	The drain is blocked<br /><br />\n	\n    <b style=\"color:#42B521;\">Client Details</b><br />\n    <b>Client: </b>Vicey Zonke<br />\n    <b>Email: </b><br />\n    <b>Phone: </b>27745036809<br /><br />\n    \n    <b style=\"color:#42B521;\">Query Details</b><br />\n    <b>Date Received: </b>05/23/2014<br />\n    <b>Date Due: </b>05/23/2014<br />\n    <b>Category: </b>Water<br />\n    <b>Type: </b>General<br />\n    <b>Source: </b>Phone<br />\n    <b>Receieved By: </b>Linda Diena<br /><br />\n    \n	To view more details about this query click on the link below:<br />\n	http://q1.bsaconsulting.co.za/public/query/view/id/NTk=/<br /><br />\n	\n	If the page fails to open, copy the activation link and paste it in the address window of the browser.<br />\n    \n 			\n            <br />Q1 Support<br />admin@bsaconsulting.co.za        </td>\n    </tr>\n</table>\n<table style=\"width:700px; margin:0;\">	\n    <tr>\n    	<td style=\"padding:0; margin:0; background-color:#797b79; color:#ffffff; padding-top:10px; padding-bottom:10px; padding-left:10px; font-family: Arial, Helvetica, Tahoma, sans-serif; font-size:15px;\"><a style=\"color:#ffffff;\" href=\"http://q1.bsaconsulting.co.za/public\">http://q1.bsaconsulting.co.za/public</a></td>\n    </tr>\n</table>',	'2014-05-23 09:45:07',	NULL,	605),
(46,	48,	NULL,	'Water Services Department allocated to Query Ref No# AA0059',	'<table style=\"width:700px; margin:0; position:relative;\">	\n    <tr>\n    	<td style=\"padding:20px 25px; margin:0; background-color:#797b79;\"><span style=\"color: #6f6f6f; font-size: 25px; font-weight: bold; height:30px; padding:10px 30px; background-color:#dddddd; display:inline-block; width:auto;\">Q1</span></td>\n    </tr>\n</table>\n<table style=\"width:700px; margin:0; padding:25px 25px 25px 15px; background-color:#fafdff; font-family: Arial, Helvetica, Tahoma, sans-serif; font-size:15px; line-height: 1.2em;\">    \n    <tr>\n    	<td>\n    Attn Water Services,<br /><br />\n    \n    A new Query has been allocated to this Department with details below:<br /><br />\n    \n    <b style=\"color:#42B521;\">Summary</b><br />\n    <b>Reference No: </b>AA0059<br />\n    <b>Issue: </b>Drain blocked<br />\n    <b>Synopsis: </b><br />\n	The drain is blocked<br /><br />\n	\n    <b style=\"color:#42B521;\">Client Details</b><br />\n    <b>Client: </b>Vicey Zonke<br />\n    <b>Email: </b><br />\n    <b>Phone: </b>27745036809<br /><br />\n    \n    <b style=\"color:#42B521;\">Query Details</b><br />\n    <b>Date Received: </b>05/23/2014<br />\n    <b>Date Due: </b>05/23/2014<br />\n    <b>Category: </b>Water<br />\n    <b>Type: </b>General<br />\n    <b>Source: </b>Phone<br />\n    <b>Receieved By: </b>Linda Diena<br /><br />\n    \n	To view more details about this query click on the link below:<br />\n	http://q1.bsaconsulting.co.za/public/query/view/id/NTk=/<br /><br />\n	\n	If the page fails to open, copy the activation link and paste it in the address window of the browser.<br />\n    \n 			\n            <br />Q1 Support<br />admin@bsaconsulting.co.za        </td>\n    </tr>\n</table>\n<table style=\"width:700px; margin:0;\">	\n    <tr>\n    	<td style=\"padding:0; margin:0; background-color:#797b79; color:#ffffff; padding-top:10px; padding-bottom:10px; padding-left:10px; font-family: Arial, Helvetica, Tahoma, sans-serif; font-size:15px;\"><a style=\"color:#ffffff;\" href=\"http://q1.bsaconsulting.co.za/public\">http://q1.bsaconsulting.co.za/public</a></td>\n    </tr>\n</table>',	'2014-05-23 09:49:23',	NULL,	608),
(47,	48,	NULL,	'Water Services Department allocated to Query Ref No# AA0060',	'<table style=\"width:700px; margin:0; position:relative;\">	\n    <tr>\n    	<td style=\"padding:20px 25px; margin:0; background-color:#797b79;\"><span style=\"color: #6f6f6f; font-size: 25px; font-weight: bold; height:30px; padding:10px 30px; background-color:#dddddd; display:inline-block; width:auto;\">Q1</span></td>\n    </tr>\n</table>\n<table style=\"width:700px; margin:0; padding:25px 25px 25px 15px; background-color:#fafdff; font-family: Arial, Helvetica, Tahoma, sans-serif; font-size:15px; line-height: 1.2em;\">    \n    <tr>\n    	<td>\n    Attn Water Services,<br /><br />\n    \n    A new Query has been allocated to this Department with details below:<br /><br />\n    \n    <b style=\"color:#42B521;\">Summary</b><br />\n    <b>Reference No: </b>AA0060<br />\n    <b>Issue: </b>Drain blocked<br />\n    <b>Synopsis: </b><br />\n	The drain is blocked <br /><br />\n	\n    <b style=\"color:#42B521;\">Client Details</b><br />\n    <b>Client: </b>Ronel Meyron<br />\n    <b>Email: </b><br />\n    <b>Phone: </b>27845283493<br /><br />\n    \n    <b style=\"color:#42B521;\">Query Details</b><br />\n    <b>Date Received: </b>05/23/2014<br />\n    <b>Date Due: </b>05/23/2014<br />\n    <b>Category: </b>Water<br />\n    <b>Type: </b>General<br />\n    <b>Source: </b>Phone<br />\n    <b>Receieved By: </b>Linda Diena<br /><br />\n    \n	To view more details about this query click on the link below:<br />\n	http://q1.bsaconsulting.co.za/public/query/view/id/NjA=/<br /><br />\n	\n	If the page fails to open, copy the activation link and paste it in the address window of the browser.<br />\n    \n 			\n            <br />Q1 Support<br />admin@bsaconsulting.co.za        </td>\n    </tr>\n</table>\n<table style=\"width:700px; margin:0;\">	\n    <tr>\n    	<td style=\"padding:0; margin:0; background-color:#797b79; color:#ffffff; padding-top:10px; padding-bottom:10px; padding-left:10px; font-family: Arial, Helvetica, Tahoma, sans-serif; font-size:15px;\"><a style=\"color:#ffffff;\" href=\"http://q1.bsaconsulting.co.za/public\">http://q1.bsaconsulting.co.za/public</a></td>\n    </tr>\n</table>',	'2014-05-23 11:51:40',	NULL,	617),
(48,	48,	NULL,	'Water Services Department allocated to Query Ref No# AA0061',	'<table style=\"width:700px; margin:0; position:relative;\">	\n    <tr>\n    	<td style=\"padding:20px 25px; margin:0; background-color:#797b79;\"><span style=\"color: #6f6f6f; font-size: 25px; font-weight: bold; height:30px; padding:10px 30px; background-color:#dddddd; display:inline-block; width:auto;\">Q1</span></td>\n    </tr>\n</table>\n<table style=\"width:700px; margin:0; padding:25px 25px 25px 15px; background-color:#fafdff; font-family: Arial, Helvetica, Tahoma, sans-serif; font-size:15px; line-height: 1.2em;\">    \n    <tr>\n    	<td>\n    Attn Water Services,<br /><br />\n    \n    A new Query has been allocated to this Department with details below:<br /><br />\n    \n    <b style=\"color:#42B521;\">Summary</b><br />\n    <b>Reference No: </b>AA0061<br />\n    <b>Issue: </b>Drain blocked<br />\n    <b>Synopsis: </b><br />\n	The drain is blocked <br /><br />\n	\n    <b style=\"color:#42B521;\">Client Details</b><br />\n    <b>Client: </b>Nombulelo Maki<br />\n    <b>Email: </b><br />\n    <b>Phone: </b>27835427077<br /><br />\n    \n    <b style=\"color:#42B521;\">Query Details</b><br />\n    <b>Date Received: </b>05/23/2014<br />\n    <b>Date Due: </b>05/23/2014<br />\n    <b>Category: </b>Water<br />\n    <b>Type: </b>General<br />\n    <b>Source: </b>Phone<br />\n    <b>Receieved By: </b>Linda Diena<br /><br />\n    \n	To view more details about this query click on the link below:<br />\n	http://q1.bsaconsulting.co.za/public/query/view/id/NjE=/<br /><br />\n	\n	If the page fails to open, copy the activation link and paste it in the address window of the browser.<br />\n    \n 			\n            <br />Q1 Support<br />admin@bsaconsulting.co.za        </td>\n    </tr>\n</table>\n<table style=\"width:700px; margin:0;\">	\n    <tr>\n    	<td style=\"padding:0; margin:0; background-color:#797b79; color:#ffffff; padding-top:10px; padding-bottom:10px; padding-left:10px; font-family: Arial, Helvetica, Tahoma, sans-serif; font-size:15px;\"><a style=\"color:#ffffff;\" href=\"http://q1.bsaconsulting.co.za/public\">http://q1.bsaconsulting.co.za/public</a></td>\n    </tr>\n</table>',	'2014-05-23 12:07:10',	NULL,	624),
(49,	48,	NULL,	'Water Services Department allocated to Query Ref No# AA0062',	'<table style=\"width:700px; margin:0; position:relative;\">	\n    <tr>\n    	<td style=\"padding:20px 25px; margin:0; background-color:#797b79;\"><span style=\"color: #6f6f6f; font-size: 25px; font-weight: bold; height:30px; padding:10px 30px; background-color:#dddddd; display:inline-block; width:auto;\">Q1</span></td>\n    </tr>\n</table>\n<table style=\"width:700px; margin:0; padding:25px 25px 25px 15px; background-color:#fafdff; font-family: Arial, Helvetica, Tahoma, sans-serif; font-size:15px; line-height: 1.2em;\">    \n    <tr>\n    	<td>\n    Attn Water Services,<br /><br />\n    \n    A new Query has been allocated to this Department with details below:<br /><br />\n    \n    <b style=\"color:#42B521;\">Summary</b><br />\n    <b>Reference No: </b>AA0062<br />\n    <b>Issue: </b>Leakage<br />\n    <b>Synopsis: </b><br />\n	Pipe leaks<br /><br />\n	\n    <b style=\"color:#42B521;\">Client Details</b><br />\n    <b>Client: </b>Mzukisi Makeleni<br />\n    <b>Email: </b><br />\n    <b>Phone: </b>27730829810<br /><br />\n    \n    <b style=\"color:#42B521;\">Query Details</b><br />\n    <b>Date Received: </b>05/23/2014<br />\n    <b>Date Due: </b>05/27/2014<br />\n    <b>Category: </b>Water<br />\n    <b>Type: </b>General<br />\n    <b>Source: </b>Physical Delivery<br />\n    <b>Receieved By: </b>Linda Diena<br /><br />\n    \n	To view more details about this query click on the link below:<br />\n	http://q1.bsaconsulting.co.za/public/query/view/id/NjI=/<br /><br />\n	\n	If the page fails to open, copy the activation link and paste it in the address window of the browser.<br />\n    \n 			\n            <br />Q1 Support<br />admin@bsaconsulting.co.za        </td>\n    </tr>\n</table>\n<table style=\"width:700px; margin:0;\">	\n    <tr>\n    	<td style=\"padding:0; margin:0; background-color:#797b79; color:#ffffff; padding-top:10px; padding-bottom:10px; padding-left:10px; font-family: Arial, Helvetica, Tahoma, sans-serif; font-size:15px;\"><a style=\"color:#ffffff;\" href=\"http://q1.bsaconsulting.co.za/public\">http://q1.bsaconsulting.co.za/public</a></td>\n    </tr>\n</table>',	'2014-05-23 12:25:42',	NULL,	631),
(50,	48,	NULL,	'Electrical Services Middleburg Department allocated to Query Ref No# AA0063',	'<table style=\"width:700px; margin:0; position:relative;\">	\n    <tr>\n    	<td style=\"padding:20px 25px; margin:0; background-color:#797b79;\"><span style=\"color: #6f6f6f; font-size: 25px; font-weight: bold; height:30px; padding:10px 30px; background-color:#dddddd; display:inline-block; width:auto;\">Q1</span></td>\n    </tr>\n</table>\n<table style=\"width:700px; margin:0; padding:25px 25px 25px 15px; background-color:#fafdff; font-family: Arial, Helvetica, Tahoma, sans-serif; font-size:15px; line-height: 1.2em;\">    \n    <tr>\n    	<td>\n    Attn Electrical Services Middleburg,<br /><br />\n    \n    A new Query has been allocated to this Department with details below:<br /><br />\n    \n    <b style=\"color:#42B521;\">Summary</b><br />\n    <b>Reference No: </b>AA0063<br />\n    <b>Issue: </b>Street light Faulty<br />\n    <b>Synopsis: </b><br />\n	The whole area is dark<br /><br />\n	\n    <b style=\"color:#42B521;\">Client Details</b><br />\n    <b>Client: </b>Andrew Belling<br />\n    <b>Email: </b><br />\n    <b>Phone: </b>27733058581<br /><br />\n    \n    <b style=\"color:#42B521;\">Query Details</b><br />\n    <b>Date Received: </b>05/23/2014<br />\n    <b>Date Due: </b>05/27/2014<br />\n    <b>Category: </b>Electricity<br />\n    <b>Type: </b>General<br />\n    <b>Source: </b>Physical Delivery<br />\n    <b>Receieved By: </b>Linda Diena<br /><br />\n    \n	To view more details about this query click on the link below:<br />\n	http://q1.bsaconsulting.co.za/public/query/view/id/NjM=/<br /><br />\n	\n	If the page fails to open, copy the activation link and paste it in the address window of the browser.<br />\n    \n 			\n            <br />Q1 Support<br />admin@bsaconsulting.co.za        </td>\n    </tr>\n</table>\n<table style=\"width:700px; margin:0;\">	\n    <tr>\n    	<td style=\"padding:0; margin:0; background-color:#797b79; color:#ffffff; padding-top:10px; padding-bottom:10px; padding-left:10px; font-family: Arial, Helvetica, Tahoma, sans-serif; font-size:15px;\"><a style=\"color:#ffffff;\" href=\"http://q1.bsaconsulting.co.za/public\">http://q1.bsaconsulting.co.za/public</a></td>\n    </tr>\n</table>',	'2014-05-23 12:49:17',	NULL,	638),
(51,	48,	NULL,	'Electrical Services Middleburg Department allocated to Query Ref No# AA0064',	'<table style=\"width:700px; margin:0; position:relative;\">	\n    <tr>\n    	<td style=\"padding:20px 25px; margin:0; background-color:#797b79;\"><span style=\"color: #6f6f6f; font-size: 25px; font-weight: bold; height:30px; padding:10px 30px; background-color:#dddddd; display:inline-block; width:auto;\">Q1</span></td>\n    </tr>\n</table>\n<table style=\"width:700px; margin:0; padding:25px 25px 25px 15px; background-color:#fafdff; font-family: Arial, Helvetica, Tahoma, sans-serif; font-size:15px; line-height: 1.2em;\">    \n    <tr>\n    	<td>\n    Attn Electrical Services Middleburg,<br /><br />\n    \n    A new Query has been allocated to this Department with details below:<br /><br />\n    \n    <b style=\"color:#42B521;\">Summary</b><br />\n    <b>Reference No: </b>AA0064<br />\n    <b>Issue: </b>Electricity meter faulty<br />\n    <b>Synopsis: </b><br />\n	The electricity meter is blank<br /><br />\n	\n    <b style=\"color:#42B521;\">Client Details</b><br />\n    <b>Client: </b>Venessa Stalenberg<br />\n    <b>Email: </b><br />\n    <b>Phone: </b>27737695335<br /><br />\n    \n    <b style=\"color:#42B521;\">Query Details</b><br />\n    <b>Date Received: </b>05/23/2014<br />\n    <b>Date Due: </b>05/26/2014<br />\n    <b>Category: </b>Electricity<br />\n    <b>Type: </b>General<br />\n    <b>Source: </b>Phone<br />\n    <b>Receieved By: </b>Linda Diena<br /><br />\n    \n	To view more details about this query click on the link below:<br />\n	http://q1.bsaconsulting.co.za/public/query/view/id/NjQ=/<br /><br />\n	\n	If the page fails to open, copy the activation link and paste it in the address window of the browser.<br />\n    \n 			\n            <br />Q1 Support<br />admin@bsaconsulting.co.za        </td>\n    </tr>\n</table>\n<table style=\"width:700px; margin:0;\">	\n    <tr>\n    	<td style=\"padding:0; margin:0; background-color:#797b79; color:#ffffff; padding-top:10px; padding-bottom:10px; padding-left:10px; font-family: Arial, Helvetica, Tahoma, sans-serif; font-size:15px;\"><a style=\"color:#ffffff;\" href=\"http://q1.bsaconsulting.co.za/public\">http://q1.bsaconsulting.co.za/public</a></td>\n    </tr>\n</table>',	'2014-05-23 13:54:39',	NULL,	645),
(52,	48,	NULL,	'Water Services Department allocated to Query Ref No# AA0065',	'<table style=\"width:700px; margin:0; position:relative;\">	\n    <tr>\n    	<td style=\"padding:20px 25px; margin:0; background-color:#797b79;\"><span style=\"color: #6f6f6f; font-size: 25px; font-weight: bold; height:30px; padding:10px 30px; background-color:#dddddd; display:inline-block; width:auto;\">Q1</span></td>\n    </tr>\n</table>\n<table style=\"width:700px; margin:0; padding:25px 25px 25px 15px; background-color:#fafdff; font-family: Arial, Helvetica, Tahoma, sans-serif; font-size:15px; line-height: 1.2em;\">    \n    <tr>\n    	<td>\n    Attn Water Services,<br /><br />\n    \n    A new Query has been allocated to this Department with details below:<br /><br />\n    \n    <b style=\"color:#42B521;\">Summary</b><br />\n    <b>Reference No: </b>AA0065<br />\n    <b>Issue: </b>Water meter leaks<br />\n    <b>Synopsis: </b><br />\n	water meter leaks<br /><br />\n	\n    <b style=\"color:#42B521;\">Client Details</b><br />\n    <b>Client: </b>Unathi Goerge<br />\n    <b>Email: </b><br />\n    <b>Phone: </b>27736010630<br /><br />\n    \n    <b style=\"color:#42B521;\">Query Details</b><br />\n    <b>Date Received: </b>05/23/2014<br />\n    <b>Date Due: </b>05/26/2014<br />\n    <b>Category: </b>Water<br />\n    <b>Type: </b>General<br />\n    <b>Source: </b>Phone<br />\n    <b>Receieved By: </b>Linda Diena<br /><br />\n    \n	To view more details about this query click on the link below:<br />\n	http://q1.bsaconsulting.co.za/public/query/view/id/NjU=/<br /><br />\n	\n	If the page fails to open, copy the activation link and paste it in the address window of the browser.<br />\n    \n 			\n            <br />Q1 Support<br />admin@bsaconsulting.co.za        </td>\n    </tr>\n</table>\n<table style=\"width:700px; margin:0;\">	\n    <tr>\n    	<td style=\"padding:0; margin:0; background-color:#797b79; color:#ffffff; padding-top:10px; padding-bottom:10px; padding-left:10px; font-family: Arial, Helvetica, Tahoma, sans-serif; font-size:15px;\"><a style=\"color:#ffffff;\" href=\"http://q1.bsaconsulting.co.za/public\">http://q1.bsaconsulting.co.za/public</a></td>\n    </tr>\n</table>',	'2014-05-23 15:06:32',	NULL,	652),
(53,	48,	NULL,	'Electrical Services Middleburg Department allocated to Query Ref No# AA0066',	'<table style=\"width:700px; margin:0; position:relative;\">	\n    <tr>\n    	<td style=\"padding:20px 25px; margin:0; background-color:#797b79;\"><span style=\"color: #6f6f6f; font-size: 25px; font-weight: bold; height:30px; padding:10px 30px; background-color:#dddddd; display:inline-block; width:auto;\">Q1</span></td>\n    </tr>\n</table>\n<table style=\"width:700px; margin:0; padding:25px 25px 25px 15px; background-color:#fafdff; font-family: Arial, Helvetica, Tahoma, sans-serif; font-size:15px; line-height: 1.2em;\">    \n    <tr>\n    	<td>\n    Attn Electrical Services Middleburg,<br /><br />\n    \n    A new Query has been allocated to this Department with details below:<br /><br />\n    \n    <b style=\"color:#42B521;\">Summary</b><br />\n    <b>Reference No: </b>AA0066<br />\n    <b>Issue: </b>Electricity meter faulty<br />\n    <b>Synopsis: </b><br />\n	Meter is blank<br /><br />\n	\n    <b style=\"color:#42B521;\">Client Details</b><br />\n    <b>Client: </b>Popi Westel<br />\n    <b>Email: </b><br />\n    <b>Phone: </b>27849996502<br /><br />\n    \n    <b style=\"color:#42B521;\">Query Details</b><br />\n    <b>Date Received: </b>05/23/2014<br />\n    <b>Date Due: </b>05/26/2014<br />\n    <b>Category: </b>Electricity<br />\n    <b>Type: </b>Meter not working<br />\n    <b>Source: </b>Phone<br />\n    <b>Receieved By: </b>Linda Diena<br /><br />\n    \n	To view more details about this query click on the link below:<br />\n	http://q1.bsaconsulting.co.za/public/query/view/id/NjY=/<br /><br />\n	\n	If the page fails to open, copy the activation link and paste it in the address window of the browser.<br />\n    \n 			\n            <br />Q1 Support<br />admin@bsaconsulting.co.za        </td>\n    </tr>\n</table>\n<table style=\"width:700px; margin:0;\">	\n    <tr>\n    	<td style=\"padding:0; margin:0; background-color:#797b79; color:#ffffff; padding-top:10px; padding-bottom:10px; padding-left:10px; font-family: Arial, Helvetica, Tahoma, sans-serif; font-size:15px;\"><a style=\"color:#ffffff;\" href=\"http://q1.bsaconsulting.co.za/public\">http://q1.bsaconsulting.co.za/public</a></td>\n    </tr>\n</table>',	'2014-05-23 15:16:15',	NULL,	659),
(54,	48,	NULL,	'Water Services Department allocated to Query Ref No# AA0067',	'<table style=\"width:700px; margin:0; position:relative;\">	\n    <tr>\n    	<td style=\"padding:20px 25px; margin:0; background-color:#797b79;\"><span style=\"color: #6f6f6f; font-size: 25px; font-weight: bold; height:30px; padding:10px 30px; background-color:#dddddd; display:inline-block; width:auto;\">Q1</span></td>\n    </tr>\n</table>\n<table style=\"width:700px; margin:0; padding:25px 25px 25px 15px; background-color:#fafdff; font-family: Arial, Helvetica, Tahoma, sans-serif; font-size:15px; line-height: 1.2em;\">    \n    <tr>\n    	<td>\n    Attn Water Services,<br /><br />\n    \n    A new Query has been allocated to this Department with details below:<br /><br />\n    \n    <b style=\"color:#42B521;\">Summary</b><br />\n    <b>Reference No: </b>AA0067<br />\n    <b>Issue: </b>Toilet blocked <br />\n    <b>Synopsis: </b><br />\n	Toilet is blocked<br /><br />\n	\n    <b style=\"color:#42B521;\">Client Details</b><br />\n    <b>Client: </b>Inxuba Yethemba Municipality<br />\n    <b>Email: </b>cpw.iym@mtnloaded.co.za<br />\n    <b>Phone: </b>27833557320<br /><br />\n    \n    <b style=\"color:#42B521;\">Query Details</b><br />\n    <b>Date Received: </b>05/23/2014<br />\n    <b>Date Due: </b>05/26/2014<br />\n    <b>Category: </b>Water<br />\n    <b>Type: </b>General<br />\n    <b>Source: </b>Phone<br />\n    <b>Receieved By: </b>Linda Diena<br /><br />\n    \n	To view more details about this query click on the link below:<br />\n	http://q1.bsaconsulting.co.za/public/query/view/id/Njc=/<br /><br />\n	\n	If the page fails to open, copy the activation link and paste it in the address window of the browser.<br />\n    \n 			\n            <br />Q1 Support<br />admin@bsaconsulting.co.za        </td>\n    </tr>\n</table>\n<table style=\"width:700px; margin:0;\">	\n    <tr>\n    	<td style=\"padding:0; margin:0; background-color:#797b79; color:#ffffff; padding-top:10px; padding-bottom:10px; padding-left:10px; font-family: Arial, Helvetica, Tahoma, sans-serif; font-size:15px;\"><a style=\"color:#ffffff;\" href=\"http://q1.bsaconsulting.co.za/public\">http://q1.bsaconsulting.co.za/public</a></td>\n    </tr>\n</table>',	'2014-05-23 15:33:44',	NULL,	667),
(55,	48,	NULL,	'Status Update on Query Ref No# AA0067',	'<table style=\"width:700px; margin:0; position:relative;\">	\n    <tr>\n    	<td style=\"padding:20px 25px; margin:0; background-color:#797b79;\"><span style=\"color: #6f6f6f; font-size: 25px; font-weight: bold; height:30px; padding:10px 30px; background-color:#dddddd; display:inline-block; width:auto;\">Q1</span></td>\n    </tr>\n</table>\n<table style=\"width:700px; margin:0; padding:25px 25px 25px 15px; background-color:#fafdff; font-family: Arial, Helvetica, Tahoma, sans-serif; font-size:15px; line-height: 1.2em;\">    \n    <tr>\n    	<td>\n   	Hello Inxuba Yethemba Municipality, <br />\r\n<br />\r\nThis is an automated notification to inform you of the status of your Query with the update below;<br />\r\n<br />\r\nStatus of Query No# AA0067 updated to <b>Logged</b> <br />\r\n<br />\r\nThe plumber Carel Erasmus will attend your query<br />\r\n<br />\r\nIf you have any further questions or inquiries please do not hesitate to contact us. <br />\r\n<br />\r\n    \n 			\n            <br />Q1 Support<br />admin@bsaconsulting.co.za        </td>\n    </tr>\n</table>\n<table style=\"width:700px; margin:0;\">	\n    <tr>\n    	<td style=\"padding:0; margin:0; background-color:#797b79; color:#ffffff; padding-top:10px; padding-bottom:10px; padding-left:10px; font-family: Arial, Helvetica, Tahoma, sans-serif; font-size:15px;\"><a style=\"color:#ffffff;\" href=\"http://q1.bsaconsulting.co.za/public\">http://q1.bsaconsulting.co.za/public</a></td>\n    </tr>\n</table>',	'2014-05-23 15:36:43',	NULL,	671),
(56,	48,	NULL,	'Water Services Department allocated to Query Ref No# AA0068',	'<table style=\"width:700px; margin:0; position:relative;\">	\n    <tr>\n    	<td style=\"padding:20px 25px; margin:0; background-color:#797b79;\"><span style=\"color: #6f6f6f; font-size: 25px; font-weight: bold; height:30px; padding:10px 30px; background-color:#dddddd; display:inline-block; width:auto;\">Q1</span></td>\n    </tr>\n</table>\n<table style=\"width:700px; margin:0; padding:25px 25px 25px 15px; background-color:#fafdff; font-family: Arial, Helvetica, Tahoma, sans-serif; font-size:15px; line-height: 1.2em;\">    \n    <tr>\n    	<td>\n    Attn Water Services,<br /><br />\n    \n    A new Query has been allocated to this Department with details below:<br /><br />\n    \n    <b style=\"color:#42B521;\">Summary</b><br />\n    <b>Reference No: </b>AA0068<br />\n    <b>Issue: </b>Drain blocked<br />\n    <b>Synopsis: </b><br />\n	The drain is blocked <br /><br />\n	\n    <b style=\"color:#42B521;\">Client Details</b><br />\n    <b>Client: </b>Dean Gedonas<br />\n    <b>Email: </b><br />\n    <b>Phone: </b>27737540992<br /><br />\n    \n    <b style=\"color:#42B521;\">Query Details</b><br />\n    <b>Date Received: </b>05/23/2014<br />\n    <b>Date Due: </b>05/23/2014<br />\n    <b>Category: </b>Water<br />\n    <b>Type: </b>General<br />\n    <b>Source: </b>Phone<br />\n    <b>Receieved By: </b>Linda Diena<br /><br />\n    \n	To view more details about this query click on the link below:<br />\n	http://q1.bsaconsulting.co.za/public/query/view/id/Njg=/<br /><br />\n	\n	If the page fails to open, copy the activation link and paste it in the address window of the browser.<br />\n    \n 			\n            <br />Q1 Support<br />admin@bsaconsulting.co.za        </td>\n    </tr>\n</table>\n<table style=\"width:700px; margin:0;\">	\n    <tr>\n    	<td style=\"padding:0; margin:0; background-color:#797b79; color:#ffffff; padding-top:10px; padding-bottom:10px; padding-left:10px; font-family: Arial, Helvetica, Tahoma, sans-serif; font-size:15px;\"><a style=\"color:#ffffff;\" href=\"http://q1.bsaconsulting.co.za/public\">http://q1.bsaconsulting.co.za/public</a></td>\n    </tr>\n</table>',	'2014-05-23 15:48:15',	NULL,	675),
(57,	48,	NULL,	'Status Update on Query Ref No# AA0067',	'<table style=\"width:700px; margin:0; position:relative;\">	\n    <tr>\n    	<td style=\"padding:20px 25px; margin:0; background-color:#797b79;\"><span style=\"color: #6f6f6f; font-size: 25px; font-weight: bold; height:30px; padding:10px 30px; background-color:#dddddd; display:inline-block; width:auto;\">Q1</span></td>\n    </tr>\n</table>\n<table style=\"width:700px; margin:0; padding:25px 25px 25px 15px; background-color:#fafdff; font-family: Arial, Helvetica, Tahoma, sans-serif; font-size:15px; line-height: 1.2em;\">    \n    <tr>\n    	<td>\n   	Hello Inxuba Yethemba Municipality, <br />\r\n<br />\r\nThis is an automated notification to inform you of the status of your Query with the update below;<br />\r\n<br />\r\nStatus of Query No# AA0067 updated to <b>Logged</b> <br />\r\n<br />\r\nThe plumber Carel Erasmus will attend your query<br />\r\n<br />\r\nIf you have any further questions or inquiries please do not hesitate to contact us. <br />\r\n<br />\r\n    \n 			\n            <br />Q1 Support<br />admin@bsaconsulting.co.za        </td>\n    </tr>\n</table>\n<table style=\"width:700px; margin:0;\">	\n    <tr>\n    	<td style=\"padding:0; margin:0; background-color:#797b79; color:#ffffff; padding-top:10px; padding-bottom:10px; padding-left:10px; font-family: Arial, Helvetica, Tahoma, sans-serif; font-size:15px;\"><a style=\"color:#ffffff;\" href=\"http://q1.bsaconsulting.co.za/public\">http://q1.bsaconsulting.co.za/public</a></td>\n    </tr>\n</table>',	'2014-05-23 15:52:48',	NULL,	680),
(58,	48,	NULL,	'Electrical Services Middleburg Department allocated to Query Ref No# AA0069',	'<table style=\"width:700px; margin:0; position:relative;\">	\n    <tr>\n    	<td style=\"padding:20px 25px; margin:0; background-color:#797b79;\"><span style=\"color: #6f6f6f; font-size: 25px; font-weight: bold; height:30px; padding:10px 30px; background-color:#dddddd; display:inline-block; width:auto;\">Q1</span></td>\n    </tr>\n</table>\n<table style=\"width:700px; margin:0; padding:25px 25px 25px 15px; background-color:#fafdff; font-family: Arial, Helvetica, Tahoma, sans-serif; font-size:15px; line-height: 1.2em;\">    \n    <tr>\n    	<td>\n    Attn Electrical Services Middleburg,<br /><br />\n    \n    A new Query has been allocated to this Department with details below:<br /><br />\n    \n    <b style=\"color:#42B521;\">Summary</b><br />\n    <b>Reference No: </b>AA0069<br />\n    <b>Issue: </b>Power failure<br />\n    <b>Synopsis: </b><br />\n	The Kwanonzame Old Clinic dont have electricity<br /><br />\n	\n    <b style=\"color:#42B521;\">Client Details</b><br />\n    <b>Client: </b>Department of Health<br />\n    <b>Email: </b><br />\n    <b>Phone: </b>27824260685<br /><br />\n    \n    <b style=\"color:#42B521;\">Query Details</b><br />\n    <b>Date Received: </b>05/23/2014<br />\n    <b>Date Due: </b>05/23/2014<br />\n    <b>Category: </b>Electricity<br />\n    <b>Type: </b>General<br />\n    <b>Source: </b>Phone<br />\n    <b>Receieved By: </b>Linda Diena<br /><br />\n    \n	To view more details about this query click on the link below:<br />\n	http://q1.bsaconsulting.co.za/public/query/view/id/Njk=/<br /><br />\n	\n	If the page fails to open, copy the activation link and paste it in the address window of the browser.<br />\n    \n 			\n            <br />Q1 Support<br />admin@bsaconsulting.co.za        </td>\n    </tr>\n</table>\n<table style=\"width:700px; margin:0;\">	\n    <tr>\n    	<td style=\"padding:0; margin:0; background-color:#797b79; color:#ffffff; padding-top:10px; padding-bottom:10px; padding-left:10px; font-family: Arial, Helvetica, Tahoma, sans-serif; font-size:15px;\"><a style=\"color:#ffffff;\" href=\"http://q1.bsaconsulting.co.za/public\">http://q1.bsaconsulting.co.za/public</a></td>\n    </tr>\n</table>',	'2014-05-23 15:59:39',	NULL,	685),
(59,	48,	NULL,	'Electrical Services Middleburg Department allocated to Query Ref No# AA0070',	'<table style=\"width:700px; margin:0; position:relative;\">	\n    <tr>\n    	<td style=\"padding:20px 25px; margin:0; background-color:#797b79;\"><span style=\"color: #6f6f6f; font-size: 25px; font-weight: bold; height:30px; padding:10px 30px; background-color:#dddddd; display:inline-block; width:auto;\">Q1</span></td>\n    </tr>\n</table>\n<table style=\"width:700px; margin:0; padding:25px 25px 25px 15px; background-color:#fafdff; font-family: Arial, Helvetica, Tahoma, sans-serif; font-size:15px; line-height: 1.2em;\">    \n    <tr>\n    	<td>\n    Attn Electrical Services Middleburg,<br /><br />\n    \n    A new Query has been allocated to this Department with details below:<br /><br />\n    \n    <b style=\"color:#42B521;\">Summary</b><br />\n    <b>Reference No: </b>AA0070<br />\n    <b>Issue: </b>Connection<br />\n    <b>Synopsis: </b><br />\n	Connect the electricity<br /><br />\n	\n    <b style=\"color:#42B521;\">Client Details</b><br />\n    <b>Client: </b>Lizzette De Klerk<br />\n    <b>Email: </b><br />\n    <b>Phone: </b>27748323855<br /><br />\n    \n    <b style=\"color:#42B521;\">Query Details</b><br />\n    <b>Date Received: </b>05/23/2014<br />\n    <b>Date Due: </b>05/23/2014<br />\n    <b>Category: </b>Electricity<br />\n    <b>Type: </b>General<br />\n    <b>Source: </b>Phone<br />\n    <b>Receieved By: </b>Linda Diena<br /><br />\n    \n	To view more details about this query click on the link below:<br />\n	http://q1.bsaconsulting.co.za/public/query/view/id/NzA=/<br /><br />\n	\n	If the page fails to open, copy the activation link and paste it in the address window of the browser.<br />\n    \n 			\n            <br />Q1 Support<br />admin@bsaconsulting.co.za        </td>\n    </tr>\n</table>\n<table style=\"width:700px; margin:0;\">	\n    <tr>\n    	<td style=\"padding:0; margin:0; background-color:#797b79; color:#ffffff; padding-top:10px; padding-bottom:10px; padding-left:10px; font-family: Arial, Helvetica, Tahoma, sans-serif; font-size:15px;\"><a style=\"color:#ffffff;\" href=\"http://q1.bsaconsulting.co.za/public\">http://q1.bsaconsulting.co.za/public</a></td>\n    </tr>\n</table>',	'2014-05-23 16:15:44',	NULL,	691);

DROP TABLE IF EXISTS `messagerecipient`;
CREATE TABLE `messagerecipient` (
  `id` int(11) unsigned NOT NULL auto_increment,
  `messageid` int(11) unsigned NOT NULL,
  `recipientid` int(11) unsigned NOT NULL,
  `isread` tinyint(3) unsigned default NULL,
  PRIMARY KEY  (`id`),
  UNIQUE KEY `unique_messagerecipient` (`recipientid`,`messageid`),
  KEY `fk_recipient_messageid` (`messageid`),
  KEY `fk_recipient_recipientid` (`recipientid`),
  CONSTRAINT `fk_messagerecipienet_messageid` FOREIGN KEY (`messageid`) REFERENCES `message` (`id`) ON DELETE CASCADE ON UPDATE CASCADE,
  CONSTRAINT `fk_messagerecipienet_senderid` FOREIGN KEY (`recipientid`) REFERENCES `useraccount` (`id`) ON DELETE CASCADE ON UPDATE CASCADE
) ENGINE=InnoDB DEFAULT CHARSET=utf8;

INSERT INTO `messagerecipient` (`id`, `messageid`, `recipientid`, `isread`) VALUES
(55,	41,	43,	0),
(56,	42,	55,	1),
(57,	43,	44,	0),
(58,	44,	55,	0),
(59,	45,	55,	0),
(60,	46,	44,	0),
(61,	47,	44,	0),
(62,	48,	44,	0),
(63,	49,	44,	0),
(64,	50,	55,	0),
(65,	51,	55,	0),
(66,	52,	44,	0),
(67,	53,	55,	0),
(68,	54,	44,	0),
(69,	55,	44,	0),
(70,	55,	48,	0),
(71,	56,	44,	0),
(72,	57,	44,	0),
(73,	57,	48,	0),
(74,	58,	55,	0),
(75,	59,	55,	0);

DROP TABLE IF EXISTS `session`;
CREATE TABLE `session` (
  `id` char(32) NOT NULL default '',
  `modified` int(11) default NULL,
  `lifetime` int(11) default NULL,
  `data` mediumtext,
  PRIMARY KEY  (`id`)
) ENGINE=InnoDB DEFAULT CHARSET=utf8;

INSERT INTO `session` (`id`, `modified`, `lifetime`, `data`) VALUES
('03sbt6tmngf0hqgind53adoec7',	1397551772,	10800,	'Default|a:11:{s:11:\"initialized\";b:1;s:6:\"errors\";s:0:\"\";s:14:\"successmessage\";s:0:\"\";s:10:\"formvalues\";a:0:{}s:13:\"invitesuccess\";s:0:\"\";s:13:\"custommessage\";s:0:\"\";s:14:\"custommessage1\";s:0:\"\";s:14:\"custommessage2\";s:0:\"\";s:14:\"custommessage3\";s:0:\"\";s:14:\"custommessage4\";s:0:\"\";s:14:\"custommessage5\";s:0:\"\";}'),
('0g2h5ak0fhabe85iopj15dboc6',	1398914828,	10800,	'Default|a:11:{s:11:\"initialized\";b:1;s:6:\"errors\";s:0:\"\";s:14:\"successmessage\";s:0:\"\";s:10:\"formvalues\";a:0:{}s:13:\"invitesuccess\";s:0:\"\";s:13:\"custommessage\";s:0:\"\";s:14:\"custommessage1\";s:0:\"\";s:14:\"custommessage2\";s:0:\"\";s:14:\"custommessage3\";s:0:\"\";s:14:\"custommessage4\";s:0:\"\";s:14:\"custommessage5\";s:0:\"\";}'),
('0mnn7b14r12hcfh7nh8ilibc06',	1398882900,	10800,	'Default|a:11:{s:11:\"initialized\";b:1;s:6:\"errors\";s:0:\"\";s:14:\"successmessage\";s:0:\"\";s:10:\"formvalues\";a:0:{}s:13:\"invitesuccess\";s:0:\"\";s:13:\"custommessage\";s:0:\"\";s:14:\"custommessage1\";s:0:\"\";s:14:\"custommessage2\";s:0:\"\";s:14:\"custommessage3\";s:0:\"\";s:14:\"custommessage4\";s:0:\"\";s:14:\"custommessage5\";s:0:\"\";}'),
('0o6uec9521favqlg8ve87vsjn6',	1400486562,	10800,	'Default|a:14:{s:11:\"initialized\";b:1;s:6:\"errors\";s:0:\"\";s:14:\"successmessage\";s:0:\"\";s:10:\"formvalues\";a:0:{}s:13:\"invitesuccess\";s:0:\"\";s:13:\"custommessage\";s:0:\"\";s:14:\"custommessage1\";s:0:\"\";s:14:\"custommessage2\";s:0:\"\";s:14:\"custommessage3\";s:0:\"\";s:14:\"custommessage4\";s:0:\"\";s:14:\"custommessage5\";s:0:\"\";s:6:\"userid\";s:2:\"45\";s:5:\"phone\";s:10:\"0822964667\";s:4:\"type\";s:1:\"2\";}'),
('0p1solfosdv6fk6ibl46sv46t7',	1399013677,	10800,	'Default|a:11:{s:11:\"initialized\";b:1;s:6:\"errors\";s:0:\"\";s:14:\"successmessage\";s:0:\"\";s:10:\"formvalues\";a:0:{}s:13:\"invitesuccess\";s:0:\"\";s:13:\"custommessage\";s:0:\"\";s:14:\"custommessage1\";s:0:\"\";s:14:\"custommessage2\";s:0:\"\";s:14:\"custommessage3\";s:0:\"\";s:14:\"custommessage4\";s:0:\"\";s:14:\"custommessage5\";s:0:\"\";}'),
('13f4jv41art3keohlu2q8j1qt1',	1397549834,	10800,	'Default|a:11:{s:11:\"initialized\";b:1;s:6:\"errors\";s:0:\"\";s:14:\"successmessage\";s:0:\"\";s:10:\"formvalues\";a:0:{}s:13:\"invitesuccess\";s:0:\"\";s:13:\"custommessage\";s:0:\"\";s:14:\"custommessage1\";s:0:\"\";s:14:\"custommessage2\";s:0:\"\";s:14:\"custommessage3\";s:0:\"\";s:14:\"custommessage4\";s:0:\"\";s:14:\"custommessage5\";s:0:\"\";}'),
('1s17ucnentghcsf9e4ct2rr787',	1398994193,	10800,	'Default|a:11:{s:11:\"initialized\";b:1;s:6:\"errors\";s:0:\"\";s:14:\"successmessage\";s:0:\"\";s:10:\"formvalues\";a:0:{}s:13:\"invitesuccess\";s:0:\"\";s:13:\"custommessage\";s:0:\"\";s:14:\"custommessage1\";s:0:\"\";s:14:\"custommessage2\";s:0:\"\";s:14:\"custommessage3\";s:0:\"\";s:14:\"custommessage4\";s:0:\"\";s:14:\"custommessage5\";s:0:\"\";}'),
('1ukeppciuae741vm1346htljk6',	1397634789,	10800,	'Default|a:11:{s:11:\"initialized\";b:1;s:6:\"errors\";s:0:\"\";s:14:\"successmessage\";s:0:\"\";s:10:\"formvalues\";a:0:{}s:13:\"invitesuccess\";s:0:\"\";s:13:\"custommessage\";s:0:\"\";s:14:\"custommessage1\";s:0:\"\";s:14:\"custommessage2\";s:0:\"\";s:14:\"custommessage3\";s:0:\"\";s:14:\"custommessage4\";s:0:\"\";s:14:\"custommessage5\";s:0:\"\";}'),
('20gqo4i4k3ku9vic7scks68q96',	1398158419,	10800,	'Default|a:11:{s:11:\"initialized\";b:1;s:6:\"errors\";s:0:\"\";s:14:\"successmessage\";s:0:\"\";s:10:\"formvalues\";a:0:{}s:13:\"invitesuccess\";s:0:\"\";s:13:\"custommessage\";s:0:\"\";s:14:\"custommessage1\";s:0:\"\";s:14:\"custommessage2\";s:0:\"\";s:14:\"custommessage3\";s:0:\"\";s:14:\"custommessage4\";s:0:\"\";s:14:\"custommessage5\";s:0:\"\";}'),
('268rsl0uu12j9s72j1pv24if40',	1397202859,	10800,	'Default|a:11:{s:11:\"initialized\";b:1;s:6:\"errors\";s:0:\"\";s:14:\"successmessage\";s:0:\"\";s:10:\"formvalues\";a:0:{}s:13:\"invitesuccess\";s:0:\"\";s:13:\"custommessage\";s:0:\"\";s:14:\"custommessage1\";s:0:\"\";s:14:\"custommessage2\";s:0:\"\";s:14:\"custommessage3\";s:0:\"\";s:14:\"custommessage4\";s:0:\"\";s:14:\"custommessage5\";s:0:\"\";}'),
('2896mt5g0f574hvut247fne9q7',	1398991378,	10800,	'Default|a:11:{s:11:\"initialized\";b:1;s:6:\"errors\";s:0:\"\";s:14:\"successmessage\";s:0:\"\";s:10:\"formvalues\";a:0:{}s:13:\"invitesuccess\";s:0:\"\";s:13:\"custommessage\";s:0:\"\";s:14:\"custommessage1\";s:0:\"\";s:14:\"custommessage2\";s:0:\"\";s:14:\"custommessage3\";s:0:\"\";s:14:\"custommessage4\";s:0:\"\";s:14:\"custommessage5\";s:0:\"\";}'),
('2ig1kak4lcdcqg5jthaoaml6t6',	1400411032,	10800,	'Default|a:11:{s:11:\"initialized\";b:1;s:6:\"errors\";s:0:\"\";s:14:\"successmessage\";s:0:\"\";s:10:\"formvalues\";a:0:{}s:13:\"invitesuccess\";s:0:\"\";s:13:\"custommessage\";s:0:\"\";s:14:\"custommessage1\";s:0:\"\";s:14:\"custommessage2\";s:0:\"\";s:14:\"custommessage3\";s:0:\"\";s:14:\"custommessage4\";s:0:\"\";s:14:\"custommessage5\";s:0:\"\";}'),
('2kscvl5jb3vsqaomr9spajjf55',	1398848062,	10800,	'Default|a:11:{s:11:\"initialized\";b:1;s:6:\"errors\";s:0:\"\";s:14:\"successmessage\";s:0:\"\";s:10:\"formvalues\";a:0:{}s:13:\"invitesuccess\";s:0:\"\";s:13:\"custommessage\";s:0:\"\";s:14:\"custommessage1\";s:0:\"\";s:14:\"custommessage2\";s:0:\"\";s:14:\"custommessage3\";s:0:\"\";s:14:\"custommessage4\";s:0:\"\";s:14:\"custommessage5\";s:0:\"\";}'),
('2msrtv0qk64vm4i6658svggn20',	1398349727,	10800,	'Default|a:11:{s:11:\"initialized\";b:1;s:6:\"errors\";s:0:\"\";s:14:\"successmessage\";s:0:\"\";s:10:\"formvalues\";a:0:{}s:13:\"invitesuccess\";s:0:\"\";s:13:\"custommessage\";s:0:\"\";s:14:\"custommessage1\";s:0:\"\";s:14:\"custommessage2\";s:0:\"\";s:14:\"custommessage3\";s:0:\"\";s:14:\"custommessage4\";s:0:\"\";s:14:\"custommessage5\";s:0:\"\";}'),
('32m2sd2ej1bhitli8cpcj6ugc6',	1398348804,	10800,	'Default|a:11:{s:11:\"initialized\";b:1;s:6:\"errors\";s:0:\"\";s:14:\"successmessage\";s:0:\"\";s:10:\"formvalues\";a:0:{}s:13:\"invitesuccess\";s:0:\"\";s:13:\"custommessage\";s:0:\"\";s:14:\"custommessage1\";s:0:\"\";s:14:\"custommessage2\";s:0:\"\";s:14:\"custommessage3\";s:0:\"\";s:14:\"custommessage4\";s:0:\"\";s:14:\"custommessage5\";s:0:\"\";}'),
('33456afpt9mjpe4qdulr5oh1f0',	1398233713,	10800,	'Default|a:11:{s:11:\"initialized\";b:1;s:6:\"errors\";s:0:\"\";s:14:\"successmessage\";s:0:\"\";s:10:\"formvalues\";a:0:{}s:13:\"invitesuccess\";s:0:\"\";s:13:\"custommessage\";s:0:\"\";s:14:\"custommessage1\";s:0:\"\";s:14:\"custommessage2\";s:0:\"\";s:14:\"custommessage3\";s:0:\"\";s:14:\"custommessage4\";s:0:\"\";s:14:\"custommessage5\";s:0:\"\";}'),
('33aljlj1p67gls1sd180rheah2',	1397548532,	10800,	'Default|a:11:{s:11:\"initialized\";b:1;s:6:\"errors\";s:0:\"\";s:14:\"successmessage\";s:0:\"\";s:10:\"formvalues\";a:0:{}s:13:\"invitesuccess\";s:0:\"\";s:13:\"custommessage\";s:0:\"\";s:14:\"custommessage1\";s:0:\"\";s:14:\"custommessage2\";s:0:\"\";s:14:\"custommessage3\";s:0:\"\";s:14:\"custommessage4\";s:0:\"\";s:14:\"custommessage5\";s:0:\"\";}'),
('34fk4nvmc3bvciu04b5k6312k4',	1398847288,	10800,	'Default|a:11:{s:11:\"initialized\";b:1;s:6:\"errors\";s:0:\"\";s:14:\"successmessage\";s:0:\"\";s:10:\"formvalues\";a:0:{}s:13:\"invitesuccess\";s:0:\"\";s:13:\"custommessage\";s:0:\"\";s:14:\"custommessage1\";s:0:\"\";s:14:\"custommessage2\";s:0:\"\";s:14:\"custommessage3\";s:0:\"\";s:14:\"custommessage4\";s:0:\"\";s:14:\"custommessage5\";s:0:\"\";}'),
('34nenqk2kgab3e8ssmsolkma60',	1399015058,	10800,	'Default|a:11:{s:11:\"initialized\";b:1;s:6:\"errors\";s:0:\"\";s:14:\"successmessage\";s:0:\"\";s:10:\"formvalues\";a:0:{}s:13:\"invitesuccess\";s:0:\"\";s:13:\"custommessage\";s:0:\"\";s:14:\"custommessage1\";s:0:\"\";s:14:\"custommessage2\";s:0:\"\";s:14:\"custommessage3\";s:0:\"\";s:14:\"custommessage4\";s:0:\"\";s:14:\"custommessage5\";s:0:\"\";}'),
('3b9mago87t9fv84n17lvtsmdk6',	1397228902,	10800,	'Default|a:11:{s:11:\"initialized\";b:1;s:6:\"errors\";s:0:\"\";s:14:\"successmessage\";s:0:\"\";s:10:\"formvalues\";a:0:{}s:13:\"invitesuccess\";s:0:\"\";s:13:\"custommessage\";s:0:\"\";s:14:\"custommessage1\";s:0:\"\";s:14:\"custommessage2\";s:0:\"\";s:14:\"custommessage3\";s:0:\"\";s:14:\"custommessage4\";s:0:\"\";s:14:\"custommessage5\";s:0:\"\";}'),
('3c8uuuh3hs09ird98dkjigc0a6',	1398845857,	10800,	'Default|a:11:{s:11:\"initialized\";b:1;s:6:\"errors\";s:0:\"\";s:14:\"successmessage\";s:0:\"\";s:10:\"formvalues\";a:0:{}s:13:\"invitesuccess\";s:0:\"\";s:13:\"custommessage\";s:0:\"\";s:14:\"custommessage1\";s:0:\"\";s:14:\"custommessage2\";s:0:\"\";s:14:\"custommessage3\";s:0:\"\";s:14:\"custommessage4\";s:0:\"\";s:14:\"custommessage5\";s:0:\"\";}'),
('3eltglv8su4se1tki9mi2tfbk4',	1397636128,	10800,	'Default|a:11:{s:11:\"initialized\";b:1;s:6:\"errors\";s:0:\"\";s:14:\"successmessage\";s:0:\"\";s:10:\"formvalues\";a:0:{}s:13:\"invitesuccess\";s:0:\"\";s:13:\"custommessage\";s:0:\"\";s:14:\"custommessage1\";s:0:\"\";s:14:\"custommessage2\";s:0:\"\";s:14:\"custommessage3\";s:0:\"\";s:14:\"custommessage4\";s:0:\"\";s:14:\"custommessage5\";s:0:\"\";}'),
('3evk2o7h3e24r2gvflon896u60',	1398761783,	10800,	'Default|a:1:{s:11:\"initialized\";b:1;}'),
('3ga9hv1lldfb4lqujrf7k0jca4',	1398853244,	10800,	'Default|a:11:{s:11:\"initialized\";b:1;s:6:\"errors\";s:0:\"\";s:14:\"successmessage\";s:0:\"\";s:10:\"formvalues\";a:0:{}s:13:\"invitesuccess\";s:0:\"\";s:13:\"custommessage\";s:0:\"\";s:14:\"custommessage1\";s:0:\"\";s:14:\"custommessage2\";s:0:\"\";s:14:\"custommessage3\";s:0:\"\";s:14:\"custommessage4\";s:0:\"\";s:14:\"custommessage5\";s:0:\"\";}'),
('3gn39td0d5651dh2v8no5kdau4',	1400064392,	10800,	'Default|a:11:{s:11:\"initialized\";b:1;s:6:\"errors\";s:0:\"\";s:14:\"successmessage\";s:0:\"\";s:10:\"formvalues\";a:0:{}s:13:\"invitesuccess\";s:0:\"\";s:13:\"custommessage\";s:0:\"\";s:14:\"custommessage1\";s:0:\"\";s:14:\"custommessage2\";s:0:\"\";s:14:\"custommessage3\";s:0:\"\";s:14:\"custommessage4\";s:0:\"\";s:14:\"custommessage5\";s:0:\"\";}'),
('3mk9quu7pb75771ihf4bo9lcr4',	1398238333,	10800,	'Default|a:11:{s:11:\"initialized\";b:1;s:6:\"errors\";s:0:\"\";s:14:\"successmessage\";s:0:\"\";s:10:\"formvalues\";a:0:{}s:13:\"invitesuccess\";s:0:\"\";s:13:\"custommessage\";s:0:\"\";s:14:\"custommessage1\";s:0:\"\";s:14:\"custommessage2\";s:0:\"\";s:14:\"custommessage3\";s:0:\"\";s:14:\"custommessage4\";s:0:\"\";s:14:\"custommessage5\";s:0:\"\";}'),
('3n2n1kg8585gu26s3js9b607g5',	1398882901,	10800,	'Default|a:11:{s:11:\"initialized\";b:1;s:6:\"errors\";s:0:\"\";s:14:\"successmessage\";s:0:\"\";s:10:\"formvalues\";a:0:{}s:13:\"invitesuccess\";s:0:\"\";s:13:\"custommessage\";s:0:\"\";s:14:\"custommessage1\";s:0:\"\";s:14:\"custommessage2\";s:0:\"\";s:14:\"custommessage3\";s:0:\"\";s:14:\"custommessage4\";s:0:\"\";s:14:\"custommessage5\";s:0:\"\";}'),
('3nosdcpetm4ra0crqtdu1ud6l1',	1400141266,	10800,	'Default|a:11:{s:11:\"initialized\";b:1;s:6:\"errors\";s:0:\"\";s:14:\"successmessage\";s:0:\"\";s:10:\"formvalues\";a:0:{}s:13:\"invitesuccess\";s:0:\"\";s:13:\"custommessage\";s:0:\"\";s:14:\"custommessage1\";s:0:\"\";s:14:\"custommessage2\";s:0:\"\";s:14:\"custommessage3\";s:0:\"\";s:14:\"custommessage4\";s:0:\"\";s:14:\"custommessage5\";s:0:\"\";}'),
('3rn1itnq3dh1t8pnstoru2bjj7',	1398947849,	10800,	'Default|a:11:{s:11:\"initialized\";b:1;s:6:\"errors\";s:0:\"\";s:14:\"successmessage\";s:0:\"\";s:10:\"formvalues\";a:0:{}s:13:\"invitesuccess\";s:0:\"\";s:13:\"custommessage\";s:0:\"\";s:14:\"custommessage1\";s:0:\"\";s:14:\"custommessage2\";s:0:\"\";s:14:\"custommessage3\";s:0:\"\";s:14:\"custommessage4\";s:0:\"\";s:14:\"custommessage5\";s:0:\"\";}'),
('474aqj4c6famjd593fl8od7f33',	1397643851,	10800,	'Default|a:11:{s:11:\"initialized\";b:1;s:6:\"errors\";s:0:\"\";s:14:\"successmessage\";s:0:\"\";s:10:\"formvalues\";a:0:{}s:13:\"invitesuccess\";s:0:\"\";s:13:\"custommessage\";s:0:\"\";s:14:\"custommessage1\";s:0:\"\";s:14:\"custommessage2\";s:0:\"\";s:14:\"custommessage3\";s:0:\"\";s:14:\"custommessage4\";s:0:\"\";s:14:\"custommessage5\";s:0:\"\";}'),
('493hnl2t1sovpd6si6is7d48s5',	1400763220,	10800,	'Default|a:11:{s:11:\"initialized\";b:1;s:6:\"errors\";s:0:\"\";s:14:\"successmessage\";s:0:\"\";s:10:\"formvalues\";a:0:{}s:13:\"invitesuccess\";s:0:\"\";s:13:\"custommessage\";s:0:\"\";s:14:\"custommessage1\";s:0:\"\";s:14:\"custommessage2\";s:0:\"\";s:14:\"custommessage3\";s:0:\"\";s:14:\"custommessage4\";s:0:\"\";s:14:\"custommessage5\";s:0:\"\";}'),
('49ml59rtu3k1g5lpnc1db174a2',	1397203716,	10800,	'Default|a:14:{s:14:\"successmessage\";s:0:\"\";s:11:\"initialized\";b:1;s:6:\"errors\";s:0:\"\";s:10:\"formvalues\";a:0:{}s:13:\"invitesuccess\";s:0:\"\";s:13:\"custommessage\";s:0:\"\";s:14:\"custommessage1\";s:0:\"\";s:14:\"custommessage2\";s:0:\"\";s:14:\"custommessage3\";s:0:\"\";s:14:\"custommessage4\";s:0:\"\";s:14:\"custommessage5\";s:0:\"\";s:6:\"userid\";s:2:\"48\";s:5:\"phone\";s:10:\"0787758486\";s:4:\"type\";s:1:\"2\";}'),
('4c3bucbn5jf7rhjueddhemm0r3',	1400096300,	10800,	'Default|a:11:{s:11:\"initialized\";b:1;s:6:\"errors\";s:0:\"\";s:14:\"successmessage\";s:0:\"\";s:10:\"formvalues\";a:0:{}s:13:\"invitesuccess\";s:0:\"\";s:13:\"custommessage\";s:0:\"\";s:14:\"custommessage1\";s:0:\"\";s:14:\"custommessage2\";s:0:\"\";s:14:\"custommessage3\";s:0:\"\";s:14:\"custommessage4\";s:0:\"\";s:14:\"custommessage5\";s:0:\"\";}'),
('4cfnpf1v3badrikulch2jh0hf5',	1398947736,	10800,	'Default|a:11:{s:11:\"initialized\";b:1;s:6:\"errors\";s:0:\"\";s:14:\"successmessage\";s:0:\"\";s:10:\"formvalues\";a:0:{}s:13:\"invitesuccess\";s:0:\"\";s:13:\"custommessage\";s:0:\"\";s:14:\"custommessage1\";s:0:\"\";s:14:\"custommessage2\";s:0:\"\";s:14:\"custommessage3\";s:0:\"\";s:14:\"custommessage4\";s:0:\"\";s:14:\"custommessage5\";s:0:\"\";}'),
('4f1g39e1hqag4ecplbrn9agf92',	1398938084,	10800,	'Default|a:14:{s:11:\"initialized\";b:1;s:6:\"errors\";s:0:\"\";s:14:\"successmessage\";s:0:\"\";s:10:\"formvalues\";a:0:{}s:13:\"invitesuccess\";s:0:\"\";s:13:\"custommessage\";s:0:\"\";s:14:\"custommessage1\";s:0:\"\";s:14:\"custommessage2\";s:0:\"\";s:14:\"custommessage3\";s:0:\"\";s:14:\"custommessage4\";s:0:\"\";s:14:\"custommessage5\";s:0:\"\";s:6:\"userid\";s:1:\"1\";s:5:\"phone\";s:10:\"0836246789\";s:4:\"type\";s:1:\"1\";}'),
('4hsb39o0gqrq70edneda3mhqg0',	1397200355,	10800,	'Default|a:11:{s:11:\"initialized\";b:1;s:6:\"errors\";s:0:\"\";s:14:\"successmessage\";s:0:\"\";s:10:\"formvalues\";a:0:{}s:13:\"invitesuccess\";s:0:\"\";s:13:\"custommessage\";s:0:\"\";s:14:\"custommessage1\";s:0:\"\";s:14:\"custommessage2\";s:0:\"\";s:14:\"custommessage3\";s:0:\"\";s:14:\"custommessage4\";s:0:\"\";s:14:\"custommessage5\";s:0:\"\";}'),
('4jp9hfke3jv9hlhcsghrdkvn15',	1398170014,	10800,	'Default|a:11:{s:14:\"successmessage\";s:0:\"\";s:11:\"initialized\";b:1;s:6:\"errors\";s:0:\"\";s:10:\"formvalues\";a:0:{}s:13:\"invitesuccess\";s:0:\"\";s:13:\"custommessage\";s:0:\"\";s:14:\"custommessage1\";s:0:\"\";s:14:\"custommessage2\";s:0:\"\";s:14:\"custommessage3\";s:0:\"\";s:14:\"custommessage4\";s:0:\"\";s:14:\"custommessage5\";s:0:\"\";}'),
('4ls0dkmeigi8ssdpnsu4lnlan4',	1398993648,	10800,	'Default|a:11:{s:11:\"initialized\";b:1;s:6:\"errors\";s:0:\"\";s:14:\"successmessage\";s:0:\"\";s:10:\"formvalues\";a:0:{}s:13:\"invitesuccess\";s:0:\"\";s:13:\"custommessage\";s:0:\"\";s:14:\"custommessage1\";s:0:\"\";s:14:\"custommessage2\";s:0:\"\";s:14:\"custommessage3\";s:0:\"\";s:14:\"custommessage4\";s:0:\"\";s:14:\"custommessage5\";s:0:\"\";}'),
('4tu4hrrt95o8ds9td9fjhf2ai5',	1398845219,	10800,	'Default|a:11:{s:11:\"initialized\";b:1;s:6:\"errors\";s:0:\"\";s:14:\"successmessage\";s:0:\"\";s:10:\"formvalues\";a:0:{}s:13:\"invitesuccess\";s:0:\"\";s:13:\"custommessage\";s:0:\"\";s:14:\"custommessage1\";s:0:\"\";s:14:\"custommessage2\";s:0:\"\";s:14:\"custommessage3\";s:0:\"\";s:14:\"custommessage4\";s:0:\"\";s:14:\"custommessage5\";s:0:\"\";}'),
('55e92hmmq930huoj3edau46m60',	1400073568,	10800,	'Default|a:14:{s:11:\"initialized\";b:1;s:6:\"errors\";s:0:\"\";s:14:\"successmessage\";s:0:\"\";s:10:\"formvalues\";a:0:{}s:13:\"invitesuccess\";s:0:\"\";s:13:\"custommessage\";s:0:\"\";s:14:\"custommessage1\";s:0:\"\";s:14:\"custommessage2\";s:0:\"\";s:14:\"custommessage3\";s:0:\"\";s:14:\"custommessage4\";s:0:\"\";s:14:\"custommessage5\";s:0:\"\";s:6:\"userid\";s:2:\"67\";s:5:\"phone\";s:10:\"0488015119\";s:4:\"type\";s:1:\"2\";}'),
('576sicupd3f4labdg8d6evhcp4',	1398850460,	10800,	'Default|a:11:{s:11:\"initialized\";b:1;s:6:\"errors\";s:0:\"\";s:14:\"successmessage\";s:0:\"\";s:10:\"formvalues\";a:0:{}s:13:\"invitesuccess\";s:0:\"\";s:13:\"custommessage\";s:0:\"\";s:14:\"custommessage1\";s:0:\"\";s:14:\"custommessage2\";s:0:\"\";s:14:\"custommessage3\";s:0:\"\";s:14:\"custommessage4\";s:0:\"\";s:14:\"custommessage5\";s:0:\"\";}'),
('5b6jpjd4go0dj669eo7mlqden3',	1398759353,	10800,	'Default|a:11:{s:11:\"initialized\";b:1;s:6:\"errors\";s:0:\"\";s:14:\"successmessage\";s:0:\"\";s:10:\"formvalues\";a:0:{}s:13:\"invitesuccess\";s:0:\"\";s:13:\"custommessage\";s:0:\"\";s:14:\"custommessage1\";s:0:\"\";s:14:\"custommessage2\";s:0:\"\";s:14:\"custommessage3\";s:0:\"\";s:14:\"custommessage4\";s:0:\"\";s:14:\"custommessage5\";s:0:\"\";}'),
('5c2prl8pn32hdm6ujnhqhoave4',	1398844543,	10800,	'Default|a:11:{s:11:\"initialized\";b:1;s:6:\"errors\";s:0:\"\";s:14:\"successmessage\";s:0:\"\";s:10:\"formvalues\";a:0:{}s:13:\"invitesuccess\";s:0:\"\";s:13:\"custommessage\";s:0:\"\";s:14:\"custommessage1\";s:0:\"\";s:14:\"custommessage2\";s:0:\"\";s:14:\"custommessage3\";s:0:\"\";s:14:\"custommessage4\";s:0:\"\";s:14:\"custommessage5\";s:0:\"\";}'),
('5fgnbtnk0q5viap9c9bnphds61',	1398754075,	10800,	'Default|a:11:{s:11:\"initialized\";b:1;s:6:\"errors\";s:0:\"\";s:14:\"successmessage\";s:0:\"\";s:10:\"formvalues\";a:0:{}s:13:\"invitesuccess\";s:0:\"\";s:13:\"custommessage\";s:0:\"\";s:14:\"custommessage1\";s:0:\"\";s:14:\"custommessage2\";s:0:\"\";s:14:\"custommessage3\";s:0:\"\";s:14:\"custommessage4\";s:0:\"\";s:14:\"custommessage5\";s:0:\"\";}'),
('5jga215lt0fbu008clf4f0ha37',	1398178377,	10800,	'Default|a:1:{s:11:\"initialized\";b:1;}'),
('5qth4gsubfktasibvjrr8u1lf0',	1398848313,	10800,	'Default|a:11:{s:11:\"initialized\";b:1;s:6:\"errors\";s:0:\"\";s:14:\"successmessage\";s:0:\"\";s:10:\"formvalues\";a:0:{}s:13:\"invitesuccess\";s:0:\"\";s:13:\"custommessage\";s:0:\"\";s:14:\"custommessage1\";s:0:\"\";s:14:\"custommessage2\";s:0:\"\";s:14:\"custommessage3\";s:0:\"\";s:14:\"custommessage4\";s:0:\"\";s:14:\"custommessage5\";s:0:\"\";}'),
('62fdnh2dpnhtdhus8tdmsq43i1',	1398753291,	10800,	'Default|a:11:{s:11:\"initialized\";b:1;s:6:\"errors\";s:0:\"\";s:14:\"successmessage\";s:0:\"\";s:10:\"formvalues\";a:0:{}s:13:\"invitesuccess\";s:0:\"\";s:13:\"custommessage\";s:0:\"\";s:14:\"custommessage1\";s:0:\"\";s:14:\"custommessage2\";s:0:\"\";s:14:\"custommessage3\";s:0:\"\";s:14:\"custommessage4\";s:0:\"\";s:14:\"custommessage5\";s:0:\"\";}'),
('64v0kg925pfnf5mpuvml7qm6g7',	1398753246,	10800,	'Default|a:14:{s:14:\"successmessage\";s:0:\"\";s:11:\"initialized\";b:1;s:6:\"errors\";s:0:\"\";s:10:\"formvalues\";a:0:{}s:13:\"invitesuccess\";s:0:\"\";s:13:\"custommessage\";s:0:\"\";s:14:\"custommessage1\";s:0:\"\";s:14:\"custommessage2\";s:0:\"\";s:14:\"custommessage3\";s:0:\"\";s:14:\"custommessage4\";s:0:\"\";s:14:\"custommessage5\";s:0:\"\";s:6:\"userid\";s:2:\"70\";s:5:\"phone\";s:10:\"0732125608\";s:4:\"type\";s:1:\"1\";}'),
('6and6mukss91q5tt7uf57omh55',	1398170657,	10800,	'Default|a:14:{s:14:\"successmessage\";s:0:\"\";s:11:\"initialized\";b:1;s:6:\"errors\";s:0:\"\";s:10:\"formvalues\";a:0:{}s:13:\"invitesuccess\";s:0:\"\";s:13:\"custommessage\";s:0:\"\";s:14:\"custommessage1\";s:0:\"\";s:14:\"custommessage2\";s:0:\"\";s:14:\"custommessage3\";s:0:\"\";s:14:\"custommessage4\";s:0:\"\";s:14:\"custommessage5\";s:0:\"\";s:6:\"userid\";s:2:\"66\";s:5:\"phone\";s:10:\"0488015000\";s:4:\"type\";s:1:\"6\";}'),
('6g6egb21urivfq1p2q5ah7q2v1',	1398233872,	10800,	'Default|a:11:{s:11:\"initialized\";b:1;s:6:\"errors\";s:0:\"\";s:14:\"successmessage\";s:0:\"\";s:10:\"formvalues\";a:0:{}s:13:\"invitesuccess\";s:0:\"\";s:13:\"custommessage\";s:0:\"\";s:14:\"custommessage1\";s:0:\"\";s:14:\"custommessage2\";s:0:\"\";s:14:\"custommessage3\";s:0:\"\";s:14:\"custommessage4\";s:0:\"\";s:14:\"custommessage5\";s:0:\"\";}'),
('6h5snc6ugl34a2psuuhmtr49n5',	1398845887,	10800,	'Default|a:11:{s:11:\"initialized\";b:1;s:6:\"errors\";s:0:\"\";s:14:\"successmessage\";s:0:\"\";s:10:\"formvalues\";a:0:{}s:13:\"invitesuccess\";s:0:\"\";s:13:\"custommessage\";s:0:\"\";s:14:\"custommessage1\";s:0:\"\";s:14:\"custommessage2\";s:0:\"\";s:14:\"custommessage3\";s:0:\"\";s:14:\"custommessage4\";s:0:\"\";s:14:\"custommessage5\";s:0:\"\";}'),
('6i11lksntnq6brv04ppbu6g7j1',	1398946298,	10800,	'Default|a:11:{s:11:\"initialized\";b:1;s:6:\"errors\";s:0:\"\";s:14:\"successmessage\";s:0:\"\";s:10:\"formvalues\";a:0:{}s:13:\"invitesuccess\";s:0:\"\";s:13:\"custommessage\";s:0:\"\";s:14:\"custommessage1\";s:0:\"\";s:14:\"custommessage2\";s:0:\"\";s:14:\"custommessage3\";s:0:\"\";s:14:\"custommessage4\";s:0:\"\";s:14:\"custommessage5\";s:0:\"\";}'),
('6k8qdgmrv7eafuskvsjhjbetr3',	1398786181,	10800,	'Default|a:11:{s:11:\"initialized\";b:1;s:6:\"errors\";s:0:\"\";s:14:\"successmessage\";s:0:\"\";s:10:\"formvalues\";a:0:{}s:13:\"invitesuccess\";s:0:\"\";s:13:\"custommessage\";s:0:\"\";s:14:\"custommessage1\";s:0:\"\";s:14:\"custommessage2\";s:0:\"\";s:14:\"custommessage3\";s:0:\"\";s:14:\"custommessage4\";s:0:\"\";s:14:\"custommessage5\";s:0:\"\";}'),
('6kfto6m46io5ad8mc6e69c3od4',	1398841882,	10800,	'Default|a:11:{s:11:\"initialized\";b:1;s:6:\"errors\";s:0:\"\";s:14:\"successmessage\";s:0:\"\";s:10:\"formvalues\";a:0:{}s:13:\"invitesuccess\";s:0:\"\";s:13:\"custommessage\";s:0:\"\";s:14:\"custommessage1\";s:0:\"\";s:14:\"custommessage2\";s:0:\"\";s:14:\"custommessage3\";s:0:\"\";s:14:\"custommessage4\";s:0:\"\";s:14:\"custommessage5\";s:0:\"\";}'),
('6r045b1490lipbag40131slnk1',	1398233818,	10800,	'Default|a:11:{s:11:\"initialized\";b:1;s:6:\"errors\";s:0:\"\";s:14:\"successmessage\";s:0:\"\";s:10:\"formvalues\";a:0:{}s:13:\"invitesuccess\";s:0:\"\";s:13:\"custommessage\";s:0:\"\";s:14:\"custommessage1\";s:0:\"\";s:14:\"custommessage2\";s:0:\"\";s:14:\"custommessage3\";s:0:\"\";s:14:\"custommessage4\";s:0:\"\";s:14:\"custommessage5\";s:0:\"\";}'),
('6r8m1lurc86ofqp4v45pr2lq51',	1398233694,	10800,	'Default|a:1:{s:11:\"initialized\";b:1;}'),
('6tuchij8v23jbnvuaheslgojm5',	1400149253,	10800,	'Default|a:11:{s:11:\"initialized\";b:1;s:6:\"errors\";s:0:\"\";s:14:\"successmessage\";s:0:\"\";s:10:\"formvalues\";a:0:{}s:13:\"invitesuccess\";s:0:\"\";s:13:\"custommessage\";s:0:\"\";s:14:\"custommessage1\";s:0:\"\";s:14:\"custommessage2\";s:0:\"\";s:14:\"custommessage3\";s:0:\"\";s:14:\"custommessage4\";s:0:\"\";s:14:\"custommessage5\";s:0:\"\";}'),
('730qr1u4fetqcv2961v1m356l0',	1398842354,	10800,	'Default|a:11:{s:11:\"initialized\";b:1;s:6:\"errors\";s:0:\"\";s:14:\"successmessage\";s:0:\"\";s:10:\"formvalues\";a:0:{}s:13:\"invitesuccess\";s:0:\"\";s:13:\"custommessage\";s:0:\"\";s:14:\"custommessage1\";s:0:\"\";s:14:\"custommessage2\";s:0:\"\";s:14:\"custommessage3\";s:0:\"\";s:14:\"custommessage4\";s:0:\"\";s:14:\"custommessage5\";s:0:\"\";}'),
('75oahgfpheev968umusj2k0ms7',	1398882899,	10800,	''),
('7bn0qnpke8ogg02ib9djlj3ba1',	1400579494,	10800,	'Default|a:14:{s:11:\"initialized\";b:1;s:6:\"errors\";s:0:\"\";s:14:\"successmessage\";s:0:\"\";s:10:\"formvalues\";a:0:{}s:13:\"invitesuccess\";s:0:\"\";s:13:\"custommessage\";s:0:\"\";s:14:\"custommessage1\";s:0:\"\";s:14:\"custommessage2\";s:0:\"\";s:14:\"custommessage3\";s:0:\"\";s:14:\"custommessage4\";s:0:\"\";s:14:\"custommessage5\";s:0:\"\";s:6:\"userid\";s:2:\"45\";s:5:\"phone\";s:10:\"0822964667\";s:4:\"type\";s:1:\"2\";}'),
('7bqt4of5dcnu6bfpl39b144t65',	1398233818,	10800,	'Default|a:11:{s:11:\"initialized\";b:1;s:6:\"errors\";s:0:\"\";s:14:\"successmessage\";s:0:\"\";s:10:\"formvalues\";a:0:{}s:13:\"invitesuccess\";s:0:\"\";s:13:\"custommessage\";s:0:\"\";s:14:\"custommessage1\";s:0:\"\";s:14:\"custommessage2\";s:0:\"\";s:14:\"custommessage3\";s:0:\"\";s:14:\"custommessage4\";s:0:\"\";s:14:\"custommessage5\";s:0:\"\";}'),
('7su4efpsfnlu84l9fb5ldtj9g3',	1400141528,	10800,	'Default|a:11:{s:11:\"initialized\";b:1;s:6:\"errors\";s:0:\"\";s:14:\"successmessage\";s:0:\"\";s:10:\"formvalues\";a:0:{}s:13:\"invitesuccess\";s:0:\"\";s:13:\"custommessage\";s:0:\"\";s:14:\"custommessage1\";s:0:\"\";s:14:\"custommessage2\";s:0:\"\";s:14:\"custommessage3\";s:0:\"\";s:14:\"custommessage4\";s:0:\"\";s:14:\"custommessage5\";s:0:\"\";}'),
('7t3904op1bseqo1v0nas70o4u2',	1398497223,	10800,	'Default|a:14:{s:14:\"successmessage\";s:0:\"\";s:11:\"initialized\";b:1;s:6:\"errors\";s:0:\"\";s:10:\"formvalues\";a:0:{}s:13:\"invitesuccess\";s:0:\"\";s:13:\"custommessage\";s:0:\"\";s:14:\"custommessage1\";s:0:\"\";s:14:\"custommessage2\";s:0:\"\";s:14:\"custommessage3\";s:0:\"\";s:14:\"custommessage4\";s:0:\"\";s:14:\"custommessage5\";s:0:\"\";s:6:\"userid\";s:2:\"69\";s:5:\"phone\";s:10:\"0733770290\";s:4:\"type\";s:1:\"3\";}'),
('7ukpfbb2qsmr0j0o8qp8rrb5b7',	1398993091,	10800,	'Default|a:11:{s:11:\"initialized\";b:1;s:6:\"errors\";s:0:\"\";s:14:\"successmessage\";s:0:\"\";s:10:\"formvalues\";a:0:{}s:13:\"invitesuccess\";s:0:\"\";s:13:\"custommessage\";s:0:\"\";s:14:\"custommessage1\";s:0:\"\";s:14:\"custommessage2\";s:0:\"\";s:14:\"custommessage3\";s:0:\"\";s:14:\"custommessage4\";s:0:\"\";s:14:\"custommessage5\";s:0:\"\";}'),
('830kf0iu0er99514iprvrbk060',	1400140696,	10800,	'Default|a:11:{s:11:\"initialized\";b:1;s:6:\"errors\";s:0:\"\";s:14:\"successmessage\";s:0:\"\";s:10:\"formvalues\";a:0:{}s:13:\"invitesuccess\";s:0:\"\";s:13:\"custommessage\";s:0:\"\";s:14:\"custommessage1\";s:0:\"\";s:14:\"custommessage2\";s:0:\"\";s:14:\"custommessage3\";s:0:\"\";s:14:\"custommessage4\";s:0:\"\";s:14:\"custommessage5\";s:0:\"\";}'),
('847usjbbaj0ou5i7m8i5eh3ri0',	1400065032,	10800,	'Default|a:11:{s:11:\"initialized\";b:1;s:6:\"errors\";s:0:\"\";s:14:\"successmessage\";s:0:\"\";s:10:\"formvalues\";a:0:{}s:13:\"invitesuccess\";s:0:\"\";s:13:\"custommessage\";s:0:\"\";s:14:\"custommessage1\";s:0:\"\";s:14:\"custommessage2\";s:0:\"\";s:14:\"custommessage3\";s:0:\"\";s:14:\"custommessage4\";s:0:\"\";s:14:\"custommessage5\";s:0:\"\";}'),
('878gg7rn0s77p8sbn560d745r7',	1400832527,	10800,	'Default|a:11:{s:11:\"initialized\";b:1;s:6:\"errors\";s:0:\"\";s:14:\"successmessage\";s:0:\"\";s:10:\"formvalues\";a:0:{}s:13:\"invitesuccess\";s:0:\"\";s:13:\"custommessage\";s:0:\"\";s:14:\"custommessage1\";s:0:\"\";s:14:\"custommessage2\";s:0:\"\";s:14:\"custommessage3\";s:0:\"\";s:14:\"custommessage4\";s:0:\"\";s:14:\"custommessage5\";s:0:\"\";}'),
('87ts0q3amt9a46afd3ns026l26',	1397206994,	10800,	'Default|a:11:{s:11:\"initialized\";b:1;s:6:\"errors\";s:0:\"\";s:14:\"successmessage\";s:0:\"\";s:10:\"formvalues\";a:0:{}s:13:\"invitesuccess\";s:0:\"\";s:13:\"custommessage\";s:0:\"\";s:14:\"custommessage1\";s:0:\"\";s:14:\"custommessage2\";s:0:\"\";s:14:\"custommessage3\";s:0:\"\";s:14:\"custommessage4\";s:0:\"\";s:14:\"custommessage5\";s:0:\"\";}'),
('88smog6b1iplufcmo7rdumda52',	1398159229,	10800,	'Default|a:14:{s:14:\"successmessage\";s:0:\"\";s:11:\"initialized\";b:1;s:6:\"errors\";s:0:\"\";s:10:\"formvalues\";a:0:{}s:13:\"invitesuccess\";s:0:\"\";s:13:\"custommessage\";s:0:\"\";s:14:\"custommessage1\";s:0:\"\";s:14:\"custommessage2\";s:0:\"\";s:14:\"custommessage3\";s:0:\"\";s:14:\"custommessage4\";s:0:\"\";s:14:\"custommessage5\";s:0:\"\";s:6:\"userid\";s:2:\"52\";s:5:\"phone\";s:10:\"0488015000\";s:4:\"type\";s:1:\"7\";}'),
('8bc0pjcnl5tc4tga8k4pg63i66',	1399014791,	10800,	'Default|a:11:{s:11:\"initialized\";b:1;s:6:\"errors\";s:0:\"\";s:14:\"successmessage\";s:0:\"\";s:10:\"formvalues\";a:0:{}s:13:\"invitesuccess\";s:0:\"\";s:13:\"custommessage\";s:0:\"\";s:14:\"custommessage1\";s:0:\"\";s:14:\"custommessage2\";s:0:\"\";s:14:\"custommessage3\";s:0:\"\";s:14:\"custommessage4\";s:0:\"\";s:14:\"custommessage5\";s:0:\"\";}'),
('8hrvqubqee0rklvqjqlokefeu0',	1398436865,	10800,	'Default|a:11:{s:11:\"initialized\";b:1;s:6:\"errors\";s:0:\"\";s:14:\"successmessage\";s:0:\"\";s:10:\"formvalues\";a:0:{}s:13:\"invitesuccess\";s:0:\"\";s:13:\"custommessage\";s:0:\"\";s:14:\"custommessage1\";s:0:\"\";s:14:\"custommessage2\";s:0:\"\";s:14:\"custommessage3\";s:0:\"\";s:14:\"custommessage4\";s:0:\"\";s:14:\"custommessage5\";s:0:\"\";}'),
('8ioo7uhbnj3hmo3ti477v9cpl1',	1398760322,	10800,	'Default|a:11:{s:11:\"initialized\";b:1;s:6:\"errors\";s:0:\"\";s:14:\"successmessage\";s:0:\"\";s:10:\"formvalues\";a:0:{}s:13:\"invitesuccess\";s:0:\"\";s:13:\"custommessage\";s:0:\"\";s:14:\"custommessage1\";s:0:\"\";s:14:\"custommessage2\";s:0:\"\";s:14:\"custommessage3\";s:0:\"\";s:14:\"custommessage4\";s:0:\"\";s:14:\"custommessage5\";s:0:\"\";}'),
('8j4kulej3fmoo2lto8o5j1mvl6',	1398914303,	10800,	'Default|a:11:{s:11:\"initialized\";b:1;s:6:\"errors\";s:0:\"\";s:14:\"successmessage\";s:0:\"\";s:10:\"formvalues\";a:0:{}s:13:\"invitesuccess\";s:0:\"\";s:13:\"custommessage\";s:0:\"\";s:14:\"custommessage1\";s:0:\"\";s:14:\"custommessage2\";s:0:\"\";s:14:\"custommessage3\";s:0:\"\";s:14:\"custommessage4\";s:0:\"\";s:14:\"custommessage5\";s:0:\"\";}'),
('8ubfggbb8vg1jeue6n5k1thbe4',	1398151038,	10800,	'Default|a:11:{s:11:\"initialized\";b:1;s:6:\"errors\";s:0:\"\";s:14:\"successmessage\";s:0:\"\";s:10:\"formvalues\";a:0:{}s:13:\"invitesuccess\";s:0:\"\";s:13:\"custommessage\";s:0:\"\";s:14:\"custommessage1\";s:0:\"\";s:14:\"custommessage2\";s:0:\"\";s:14:\"custommessage3\";s:0:\"\";s:14:\"custommessage4\";s:0:\"\";s:14:\"custommessage5\";s:0:\"\";}'),
('8vhobv3knco3v7h101qrqetci5',	1398762917,	10800,	'Default|a:11:{s:11:\"initialized\";b:1;s:6:\"errors\";s:0:\"\";s:14:\"successmessage\";s:0:\"\";s:10:\"formvalues\";a:0:{}s:13:\"invitesuccess\";s:0:\"\";s:13:\"custommessage\";s:0:\"\";s:14:\"custommessage1\";s:0:\"\";s:14:\"custommessage2\";s:0:\"\";s:14:\"custommessage3\";s:0:\"\";s:14:\"custommessage4\";s:0:\"\";s:14:\"custommessage5\";s:0:\"\";}'),
('91u6ubsum6cfvv9g1c6s5u86v7',	1400853317,	10800,	'Default|a:11:{s:11:\"initialized\";b:1;s:6:\"errors\";s:0:\"\";s:14:\"successmessage\";s:0:\"\";s:10:\"formvalues\";a:0:{}s:13:\"invitesuccess\";s:0:\"\";s:13:\"custommessage\";s:0:\"\";s:14:\"custommessage1\";s:0:\"\";s:14:\"custommessage2\";s:0:\"\";s:14:\"custommessage3\";s:0:\"\";s:14:\"custommessage4\";s:0:\"\";s:14:\"custommessage5\";s:0:\"\";}'),
('927mubdqaae061dtf4vvf05pa1',	1398236186,	10800,	'Default|a:1:{s:11:\"initialized\";b:1;}'),
('92jqjidsncevpkis7lrhhp5ev7',	1398408202,	10800,	'Default|a:14:{s:14:\"successmessage\";s:0:\"\";s:11:\"initialized\";b:1;s:6:\"errors\";s:0:\"\";s:10:\"formvalues\";a:0:{}s:13:\"invitesuccess\";s:0:\"\";s:13:\"custommessage\";s:0:\"\";s:14:\"custommessage1\";s:0:\"\";s:14:\"custommessage2\";s:0:\"\";s:14:\"custommessage3\";s:0:\"\";s:14:\"custommessage4\";s:0:\"\";s:14:\"custommessage5\";s:0:\"\";s:6:\"userid\";s:2:\"65\";s:5:\"phone\";s:10:\"0488015031\";s:4:\"type\";s:1:\"3\";}'),
('95242garkjrnsd8mdsulekt044',	1400335271,	10800,	'Default|a:15:{s:11:\"initialized\";b:1;s:6:\"errors\";s:0:\"\";s:14:\"successmessage\";s:0:\"\";s:10:\"formvalues\";a:0:{}s:13:\"invitesuccess\";s:0:\"\";s:13:\"custommessage\";s:0:\"\";s:14:\"custommessage1\";s:0:\"\";s:14:\"custommessage2\";s:0:\"\";s:14:\"custommessage3\";s:0:\"\";s:14:\"custommessage4\";s:0:\"\";s:14:\"custommessage5\";s:0:\"\";s:6:\"userid\";s:1:\"1\";s:5:\"phone\";s:10:\"0836246789\";s:4:\"type\";s:1:\"1\";s:16:\"itemcountperpage\";s:2:\"10\";}'),
('9598mu9lho5bmo7ftuvrou0qd6',	1398928645,	10800,	'Default|a:11:{s:11:\"initialized\";b:1;s:6:\"errors\";s:0:\"\";s:14:\"successmessage\";s:0:\"\";s:10:\"formvalues\";a:0:{}s:13:\"invitesuccess\";s:0:\"\";s:13:\"custommessage\";s:0:\"\";s:14:\"custommessage1\";s:0:\"\";s:14:\"custommessage2\";s:0:\"\";s:14:\"custommessage3\";s:0:\"\";s:14:\"custommessage4\";s:0:\"\";s:14:\"custommessage5\";s:0:\"\";}'),
('9av2am9n9tp3d8930h6099rt23',	1398882898,	10800,	'Default|a:1:{s:11:\"initialized\";b:1;}'),
('9b8jkcdmh7e1qu3ok00p9peca4',	1397994130,	10800,	'Default|a:11:{s:11:\"initialized\";b:1;s:6:\"errors\";s:0:\"\";s:14:\"successmessage\";s:0:\"\";s:10:\"formvalues\";a:0:{}s:13:\"invitesuccess\";s:0:\"\";s:13:\"custommessage\";s:0:\"\";s:14:\"custommessage1\";s:0:\"\";s:14:\"custommessage2\";s:0:\"\";s:14:\"custommessage3\";s:0:\"\";s:14:\"custommessage4\";s:0:\"\";s:14:\"custommessage5\";s:0:\"\";}'),
('9dd7ehn41tujcgv19bc0nhg364',	1398913867,	10800,	'Default|a:11:{s:11:\"initialized\";b:1;s:6:\"errors\";s:0:\"\";s:14:\"successmessage\";s:0:\"\";s:10:\"formvalues\";a:0:{}s:13:\"invitesuccess\";s:0:\"\";s:13:\"custommessage\";s:0:\"\";s:14:\"custommessage1\";s:0:\"\";s:14:\"custommessage2\";s:0:\"\";s:14:\"custommessage3\";s:0:\"\";s:14:\"custommessage4\";s:0:\"\";s:14:\"custommessage5\";s:0:\"\";}'),
('9donln5scpt0s484st28p4kh02',	1398233701,	10800,	'Default|a:1:{s:11:\"initialized\";b:1;}'),
('9kkr5sfep18h8rtpmf70f77hg2',	1398254334,	10800,	'Default|a:11:{s:11:\"initialized\";b:1;s:6:\"errors\";s:0:\"\";s:14:\"successmessage\";s:0:\"\";s:10:\"formvalues\";a:0:{}s:13:\"invitesuccess\";s:0:\"\";s:13:\"custommessage\";s:0:\"\";s:14:\"custommessage1\";s:0:\"\";s:14:\"custommessage2\";s:0:\"\";s:14:\"custommessage3\";s:0:\"\";s:14:\"custommessage4\";s:0:\"\";s:14:\"custommessage5\";s:0:\"\";}'),
('9nhg9ge9ahlechr84edagk3d87',	1398323064,	10800,	'Default|a:11:{s:11:\"initialized\";b:1;s:6:\"errors\";s:0:\"\";s:14:\"successmessage\";s:0:\"\";s:10:\"formvalues\";a:0:{}s:13:\"invitesuccess\";s:0:\"\";s:13:\"custommessage\";s:0:\"\";s:14:\"custommessage1\";s:0:\"\";s:14:\"custommessage2\";s:0:\"\";s:14:\"custommessage3\";s:0:\"\";s:14:\"custommessage4\";s:0:\"\";s:14:\"custommessage5\";s:0:\"\";}'),
('9tf5l4fk8472vsg41gpqgo9f97',	1398233712,	10800,	'Default|a:1:{s:11:\"initialized\";b:1;}'),
('9v8ftc0s5seekjrborits3dq21',	1398237727,	10800,	'Default|a:14:{s:11:\"initialized\";b:1;s:6:\"errors\";s:0:\"\";s:14:\"successmessage\";s:0:\"\";s:10:\"formvalues\";a:0:{}s:13:\"invitesuccess\";s:0:\"\";s:13:\"custommessage\";s:0:\"\";s:14:\"custommessage1\";s:0:\"\";s:14:\"custommessage2\";s:0:\"\";s:14:\"custommessage3\";s:0:\"\";s:14:\"custommessage4\";s:0:\"\";s:14:\"custommessage5\";s:0:\"\";s:6:\"userid\";s:2:\"39\";s:5:\"phone\";s:0:\"\";s:4:\"type\";s:1:\"1\";}'),
('a2s43finb8cuka3tt460658j20',	1398329245,	10800,	'Default|a:11:{s:11:\"initialized\";b:1;s:6:\"errors\";s:0:\"\";s:14:\"successmessage\";s:0:\"\";s:10:\"formvalues\";a:0:{}s:13:\"invitesuccess\";s:0:\"\";s:13:\"custommessage\";s:0:\"\";s:14:\"custommessage1\";s:0:\"\";s:14:\"custommessage2\";s:0:\"\";s:14:\"custommessage3\";s:0:\"\";s:14:\"custommessage4\";s:0:\"\";s:14:\"custommessage5\";s:0:\"\";}'),
('a4r4jjcgui7a51gbdhjb77ccq6',	1398845578,	10800,	'Default|a:11:{s:11:\"initialized\";b:1;s:6:\"errors\";s:0:\"\";s:14:\"successmessage\";s:0:\"\";s:10:\"formvalues\";a:0:{}s:13:\"invitesuccess\";s:0:\"\";s:13:\"custommessage\";s:0:\"\";s:14:\"custommessage1\";s:0:\"\";s:14:\"custommessage2\";s:0:\"\";s:14:\"custommessage3\";s:0:\"\";s:14:\"custommessage4\";s:0:\"\";s:14:\"custommessage5\";s:0:\"\";}'),
('a87rdegl4mkp1qvglcjv0oi3k4',	1398882897,	10800,	'Default|a:11:{s:11:\"initialized\";b:1;s:6:\"errors\";s:0:\"\";s:14:\"successmessage\";s:0:\"\";s:10:\"formvalues\";a:0:{}s:13:\"invitesuccess\";s:0:\"\";s:13:\"custommessage\";s:0:\"\";s:14:\"custommessage1\";s:0:\"\";s:14:\"custommessage2\";s:0:\"\";s:14:\"custommessage3\";s:0:\"\";s:14:\"custommessage4\";s:0:\"\";s:14:\"custommessage5\";s:0:\"\";}'),
('alk0m5rdb8p5ebu5u4l35ahsu3',	1399014612,	10800,	'Default|a:11:{s:11:\"initialized\";b:1;s:6:\"errors\";s:0:\"\";s:14:\"successmessage\";s:0:\"\";s:10:\"formvalues\";a:0:{}s:13:\"invitesuccess\";s:0:\"\";s:13:\"custommessage\";s:0:\"\";s:14:\"custommessage1\";s:0:\"\";s:14:\"custommessage2\";s:0:\"\";s:14:\"custommessage3\";s:0:\"\";s:14:\"custommessage4\";s:0:\"\";s:14:\"custommessage5\";s:0:\"\";}'),
('amspghhnonr47gms86tkktffq4',	1398408024,	10800,	'Default|a:11:{s:11:\"initialized\";b:1;s:6:\"errors\";s:0:\"\";s:14:\"successmessage\";s:0:\"\";s:10:\"formvalues\";a:0:{}s:13:\"invitesuccess\";s:0:\"\";s:13:\"custommessage\";s:0:\"\";s:14:\"custommessage1\";s:0:\"\";s:14:\"custommessage2\";s:0:\"\";s:14:\"custommessage3\";s:0:\"\";s:14:\"custommessage4\";s:0:\"\";s:14:\"custommessage5\";s:0:\"\";}'),
('b5d00ffjsts0cjqp8m2n3177k2',	1398753291,	10800,	'Default|a:11:{s:11:\"initialized\";b:1;s:6:\"errors\";s:0:\"\";s:14:\"successmessage\";s:0:\"\";s:10:\"formvalues\";a:0:{}s:13:\"invitesuccess\";s:0:\"\";s:13:\"custommessage\";s:0:\"\";s:14:\"custommessage1\";s:0:\"\";s:14:\"custommessage2\";s:0:\"\";s:14:\"custommessage3\";s:0:\"\";s:14:\"custommessage4\";s:0:\"\";s:14:\"custommessage5\";s:0:\"\";}'),
('b697irli11qvla8qbf3o6b2sc1',	1398159991,	10800,	'Default|a:11:{s:11:\"initialized\";b:1;s:6:\"errors\";s:0:\"\";s:14:\"successmessage\";s:0:\"\";s:10:\"formvalues\";a:0:{}s:13:\"invitesuccess\";s:0:\"\";s:13:\"custommessage\";s:0:\"\";s:14:\"custommessage1\";s:0:\"\";s:14:\"custommessage2\";s:0:\"\";s:14:\"custommessage3\";s:0:\"\";s:14:\"custommessage4\";s:0:\"\";s:14:\"custommessage5\";s:0:\"\";}'),
('ba65t2c1udc54ip2pf40gk3cf6',	1398322484,	10800,	'Default|a:11:{s:11:\"initialized\";b:1;s:6:\"errors\";s:0:\"\";s:14:\"successmessage\";s:0:\"\";s:10:\"formvalues\";a:0:{}s:13:\"invitesuccess\";s:0:\"\";s:13:\"custommessage\";s:0:\"\";s:14:\"custommessage1\";s:0:\"\";s:14:\"custommessage2\";s:0:\"\";s:14:\"custommessage3\";s:0:\"\";s:14:\"custommessage4\";s:0:\"\";s:14:\"custommessage5\";s:0:\"\";}'),
('bdh2t63sl7mulj09ctbl1t8iv5',	1398170857,	10800,	'Default|a:11:{s:11:\"initialized\";b:1;s:6:\"errors\";s:0:\"\";s:14:\"successmessage\";s:0:\"\";s:10:\"formvalues\";a:0:{}s:13:\"invitesuccess\";s:0:\"\";s:13:\"custommessage\";s:0:\"\";s:14:\"custommessage1\";s:0:\"\";s:14:\"custommessage2\";s:0:\"\";s:14:\"custommessage3\";s:0:\"\";s:14:\"custommessage4\";s:0:\"\";s:14:\"custommessage5\";s:0:\"\";}'),
('bgffj1999n0rv8iujp6gdi0bu3',	1398992895,	10800,	'Default|a:11:{s:11:\"initialized\";b:1;s:6:\"errors\";s:0:\"\";s:14:\"successmessage\";s:0:\"\";s:10:\"formvalues\";a:0:{}s:13:\"invitesuccess\";s:0:\"\";s:13:\"custommessage\";s:0:\"\";s:14:\"custommessage1\";s:0:\"\";s:14:\"custommessage2\";s:0:\"\";s:14:\"custommessage3\";s:0:\"\";s:14:\"custommessage4\";s:0:\"\";s:14:\"custommessage5\";s:0:\"\";}'),
('bj72cmfbmd2gisjh8lhqa76m94',	1398327540,	10800,	'Default|a:11:{s:11:\"initialized\";b:1;s:6:\"errors\";s:0:\"\";s:14:\"successmessage\";s:0:\"\";s:10:\"formvalues\";a:0:{}s:13:\"invitesuccess\";s:0:\"\";s:13:\"custommessage\";s:0:\"\";s:14:\"custommessage1\";s:0:\"\";s:14:\"custommessage2\";s:0:\"\";s:14:\"custommessage3\";s:0:\"\";s:14:\"custommessage4\";s:0:\"\";s:14:\"custommessage5\";s:0:\"\";}'),
('brfgk299vhtu89s1ih1nkpvmg2',	1398847210,	10800,	'Default|a:11:{s:11:\"initialized\";b:1;s:6:\"errors\";s:0:\"\";s:14:\"successmessage\";s:0:\"\";s:10:\"formvalues\";a:0:{}s:13:\"invitesuccess\";s:0:\"\";s:13:\"custommessage\";s:0:\"\";s:14:\"custommessage1\";s:0:\"\";s:14:\"custommessage2\";s:0:\"\";s:14:\"custommessage3\";s:0:\"\";s:14:\"custommessage4\";s:0:\"\";s:14:\"custommessage5\";s:0:\"\";}'),
('brlb4fp39r95fkp7vc13nvchp2',	1398861846,	10800,	'Default|a:11:{s:11:\"initialized\";b:1;s:6:\"errors\";s:0:\"\";s:14:\"successmessage\";s:0:\"\";s:10:\"formvalues\";a:0:{}s:13:\"invitesuccess\";s:0:\"\";s:13:\"custommessage\";s:0:\"\";s:14:\"custommessage1\";s:0:\"\";s:14:\"custommessage2\";s:0:\"\";s:14:\"custommessage3\";s:0:\"\";s:14:\"custommessage4\";s:0:\"\";s:14:\"custommessage5\";s:0:\"\";}'),
('btad31db5fkf9rlaal06ub8jq1',	1399360732,	10800,	'Default|a:11:{s:11:\"initialized\";b:1;s:6:\"errors\";s:0:\"\";s:14:\"successmessage\";s:0:\"\";s:10:\"formvalues\";a:0:{}s:13:\"invitesuccess\";s:0:\"\";s:13:\"custommessage\";s:0:\"\";s:14:\"custommessage1\";s:0:\"\";s:14:\"custommessage2\";s:0:\"\";s:14:\"custommessage3\";s:0:\"\";s:14:\"custommessage4\";s:0:\"\";s:14:\"custommessage5\";s:0:\"\";}'),
('btg3ppjc303mfk3lt7a1krbk23',	1400754154,	10800,	'Default|a:11:{s:11:\"initialized\";b:1;s:6:\"errors\";s:0:\"\";s:14:\"successmessage\";s:0:\"\";s:10:\"formvalues\";a:0:{}s:13:\"invitesuccess\";s:0:\"\";s:13:\"custommessage\";s:0:\"\";s:14:\"custommessage1\";s:0:\"\";s:14:\"custommessage2\";s:0:\"\";s:14:\"custommessage3\";s:0:\"\";s:14:\"custommessage4\";s:0:\"\";s:14:\"custommessage5\";s:0:\"\";}'),
('c2au3t6kvuv1rvmltc65mjds20',	1398914359,	10800,	'Default|a:11:{s:11:\"initialized\";b:1;s:6:\"errors\";s:0:\"\";s:14:\"successmessage\";s:0:\"\";s:10:\"formvalues\";a:0:{}s:13:\"invitesuccess\";s:0:\"\";s:13:\"custommessage\";s:0:\"\";s:14:\"custommessage1\";s:0:\"\";s:14:\"custommessage2\";s:0:\"\";s:14:\"custommessage3\";s:0:\"\";s:14:\"custommessage4\";s:0:\"\";s:14:\"custommessage5\";s:0:\"\";}'),
('c2gv32js5suqetbm6jus11v316',	1400411401,	10800,	'Default|a:11:{s:11:\"initialized\";b:1;s:6:\"errors\";s:0:\"\";s:14:\"successmessage\";s:0:\"\";s:10:\"formvalues\";a:0:{}s:13:\"invitesuccess\";s:0:\"\";s:13:\"custommessage\";s:0:\"\";s:14:\"custommessage1\";s:0:\"\";s:14:\"custommessage2\";s:0:\"\";s:14:\"custommessage3\";s:0:\"\";s:14:\"custommessage4\";s:0:\"\";s:14:\"custommessage5\";s:0:\"\";}'),
('c46rtptdkdktsl3dv0d6hjete0',	1398492719,	10800,	'Default|a:11:{s:11:\"initialized\";b:1;s:6:\"errors\";s:0:\"\";s:14:\"successmessage\";s:0:\"\";s:10:\"formvalues\";a:0:{}s:13:\"invitesuccess\";s:0:\"\";s:13:\"custommessage\";s:0:\"\";s:14:\"custommessage1\";s:0:\"\";s:14:\"custommessage2\";s:0:\"\";s:14:\"custommessage3\";s:0:\"\";s:14:\"custommessage4\";s:0:\"\";s:14:\"custommessage5\";s:0:\"\";}'),
('c6c95n04pppvi608pu4ni68ad4',	1397541607,	10800,	'Default|a:11:{s:11:\"initialized\";b:1;s:6:\"errors\";s:0:\"\";s:14:\"successmessage\";s:0:\"\";s:10:\"formvalues\";a:0:{}s:13:\"invitesuccess\";s:0:\"\";s:13:\"custommessage\";s:0:\"\";s:14:\"custommessage1\";s:0:\"\";s:14:\"custommessage2\";s:0:\"\";s:14:\"custommessage3\";s:0:\"\";s:14:\"custommessage4\";s:0:\"\";s:14:\"custommessage5\";s:0:\"\";}'),
('c8tmlj437ktm10oj1o64pj2s74',	1398156047,	10800,	'Default|a:14:{s:11:\"initialized\";b:1;s:6:\"errors\";s:0:\"\";s:14:\"successmessage\";s:0:\"\";s:10:\"formvalues\";a:0:{}s:13:\"invitesuccess\";s:0:\"\";s:13:\"custommessage\";s:0:\"\";s:14:\"custommessage1\";s:0:\"\";s:14:\"custommessage2\";s:0:\"\";s:14:\"custommessage3\";s:0:\"\";s:14:\"custommessage4\";s:0:\"\";s:14:\"custommessage5\";s:0:\"\";s:6:\"userid\";s:1:\"1\";s:5:\"phone\";s:10:\"0836246789\";s:4:\"type\";s:1:\"1\";}'),
('c9odqdmcqbbnesde12hsh7pj16',	1398852588,	10800,	'Default|a:11:{s:11:\"initialized\";b:1;s:6:\"errors\";s:0:\"\";s:14:\"successmessage\";s:0:\"\";s:10:\"formvalues\";a:0:{}s:13:\"invitesuccess\";s:0:\"\";s:13:\"custommessage\";s:0:\"\";s:14:\"custommessage1\";s:0:\"\";s:14:\"custommessage2\";s:0:\"\";s:14:\"custommessage3\";s:0:\"\";s:14:\"custommessage4\";s:0:\"\";s:14:\"custommessage5\";s:0:\"\";}'),
('caoi868b375hgf0g5r6sj34ur5',	1400845575,	10800,	'Default|a:11:{s:11:\"initialized\";b:1;s:6:\"errors\";s:0:\"\";s:14:\"successmessage\";s:0:\"\";s:10:\"formvalues\";a:0:{}s:13:\"invitesuccess\";s:0:\"\";s:13:\"custommessage\";s:0:\"\";s:14:\"custommessage1\";s:0:\"\";s:14:\"custommessage2\";s:0:\"\";s:14:\"custommessage3\";s:0:\"\";s:14:\"custommessage4\";s:0:\"\";s:14:\"custommessage5\";s:0:\"\";}'),
('ccu05rk6hpgfd0hl5v9dh7bm17',	1400072581,	10800,	'Default|a:11:{s:11:\"initialized\";b:1;s:6:\"errors\";s:0:\"\";s:14:\"successmessage\";s:0:\"\";s:10:\"formvalues\";a:0:{}s:13:\"invitesuccess\";s:0:\"\";s:13:\"custommessage\";s:0:\"\";s:14:\"custommessage1\";s:0:\"\";s:14:\"custommessage2\";s:0:\"\";s:14:\"custommessage3\";s:0:\"\";s:14:\"custommessage4\";s:0:\"\";s:14:\"custommessage5\";s:0:\"\";}'),
('cd44gd1n3moptnk6av01ppkce0',	1397635639,	10800,	'Default|a:11:{s:11:\"initialized\";b:1;s:6:\"errors\";s:0:\"\";s:14:\"successmessage\";s:0:\"\";s:10:\"formvalues\";a:0:{}s:13:\"invitesuccess\";s:0:\"\";s:13:\"custommessage\";s:0:\"\";s:14:\"custommessage1\";s:0:\"\";s:14:\"custommessage2\";s:0:\"\";s:14:\"custommessage3\";s:0:\"\";s:14:\"custommessage4\";s:0:\"\";s:14:\"custommessage5\";s:0:\"\";}'),
('cfbg30dc11cmeuhr2lekmnc934',	1400752922,	10800,	'Default|a:11:{s:11:\"initialized\";b:1;s:6:\"errors\";s:0:\"\";s:14:\"successmessage\";s:0:\"\";s:10:\"formvalues\";a:0:{}s:13:\"invitesuccess\";s:0:\"\";s:13:\"custommessage\";s:0:\"\";s:14:\"custommessage1\";s:0:\"\";s:14:\"custommessage2\";s:0:\"\";s:14:\"custommessage3\";s:0:\"\";s:14:\"custommessage4\";s:0:\"\";s:14:\"custommessage5\";s:0:\"\";}'),
('ck1c6o21nc5jbt1l75t8l5u0v2',	1399300555,	10800,	'Default|a:11:{s:11:\"initialized\";b:1;s:6:\"errors\";s:0:\"\";s:14:\"successmessage\";s:0:\"\";s:10:\"formvalues\";a:0:{}s:13:\"invitesuccess\";s:0:\"\";s:13:\"custommessage\";s:0:\"\";s:14:\"custommessage1\";s:0:\"\";s:14:\"custommessage2\";s:0:\"\";s:14:\"custommessage3\";s:0:\"\";s:14:\"custommessage4\";s:0:\"\";s:14:\"custommessage5\";s:0:\"\";}'),
('ck5ehvcfs2ughn57hkvg8kki87',	1398945666,	10800,	'Default|a:11:{s:11:\"initialized\";b:1;s:6:\"errors\";s:0:\"\";s:14:\"successmessage\";s:0:\"\";s:10:\"formvalues\";a:0:{}s:13:\"invitesuccess\";s:0:\"\";s:13:\"custommessage\";s:0:\"\";s:14:\"custommessage1\";s:0:\"\";s:14:\"custommessage2\";s:0:\"\";s:14:\"custommessage3\";s:0:\"\";s:14:\"custommessage4\";s:0:\"\";s:14:\"custommessage5\";s:0:\"\";}'),
('ckk56b17i4p298rnjgpflgh5h7',	1398882900,	10800,	'Default|a:11:{s:11:\"initialized\";b:1;s:6:\"errors\";s:0:\"\";s:14:\"successmessage\";s:0:\"\";s:10:\"formvalues\";a:0:{}s:13:\"invitesuccess\";s:0:\"\";s:13:\"custommessage\";s:0:\"\";s:14:\"custommessage1\";s:0:\"\";s:14:\"custommessage2\";s:0:\"\";s:14:\"custommessage3\";s:0:\"\";s:14:\"custommessage4\";s:0:\"\";s:14:\"custommessage5\";s:0:\"\";}'),
('cps2n1v0b20fr7bilmp3eq50q5',	1398870475,	10800,	'Default|a:11:{s:11:\"initialized\";b:1;s:6:\"errors\";s:0:\"\";s:14:\"successmessage\";s:0:\"\";s:10:\"formvalues\";a:0:{}s:13:\"invitesuccess\";s:0:\"\";s:13:\"custommessage\";s:0:\"\";s:14:\"custommessage1\";s:0:\"\";s:14:\"custommessage2\";s:0:\"\";s:14:\"custommessage3\";s:0:\"\";s:14:\"custommessage4\";s:0:\"\";s:14:\"custommessage5\";s:0:\"\";}'),
('cpvg2oi5vag6o4behgpmukn8b7',	1398158942,	10800,	'Default|a:11:{s:11:\"initialized\";b:1;s:6:\"errors\";s:0:\"\";s:14:\"successmessage\";s:0:\"\";s:10:\"formvalues\";a:0:{}s:13:\"invitesuccess\";s:0:\"\";s:13:\"custommessage\";s:0:\"\";s:14:\"custommessage1\";s:0:\"\";s:14:\"custommessage2\";s:0:\"\";s:14:\"custommessage3\";s:0:\"\";s:14:\"custommessage4\";s:0:\"\";s:14:\"custommessage5\";s:0:\"\";}'),
('ct3qfn1ifughl8e1ruai9g3di4',	1399732227,	10800,	'Default|a:11:{s:11:\"initialized\";b:1;s:6:\"errors\";s:0:\"\";s:14:\"successmessage\";s:0:\"\";s:10:\"formvalues\";a:0:{}s:13:\"invitesuccess\";s:0:\"\";s:13:\"custommessage\";s:0:\"\";s:14:\"custommessage1\";s:0:\"\";s:14:\"custommessage2\";s:0:\"\";s:14:\"custommessage3\";s:0:\"\";s:14:\"custommessage4\";s:0:\"\";s:14:\"custommessage5\";s:0:\"\";}'),
('d5o8e5s5r4rn72kpahmcpklgh3',	1398408311,	10800,	'Default|a:11:{s:11:\"initialized\";b:1;s:6:\"errors\";s:0:\"\";s:14:\"successmessage\";s:0:\"\";s:10:\"formvalues\";a:0:{}s:13:\"invitesuccess\";s:0:\"\";s:13:\"custommessage\";s:0:\"\";s:14:\"custommessage1\";s:0:\"\";s:14:\"custommessage2\";s:0:\"\";s:14:\"custommessage3\";s:0:\"\";s:14:\"custommessage4\";s:0:\"\";s:14:\"custommessage5\";s:0:\"\";}'),
('ddvcamm5gffn685nv1mofi7851',	1398786688,	10800,	'Default|a:11:{s:11:\"initialized\";b:1;s:6:\"errors\";s:0:\"\";s:14:\"successmessage\";s:0:\"\";s:10:\"formvalues\";a:0:{}s:13:\"invitesuccess\";s:0:\"\";s:13:\"custommessage\";s:0:\"\";s:14:\"custommessage1\";s:0:\"\";s:14:\"custommessage2\";s:0:\"\";s:14:\"custommessage3\";s:0:\"\";s:14:\"custommessage4\";s:0:\"\";s:14:\"custommessage5\";s:0:\"\";}'),
('djbjhjdruemdl6hv6dhlmlmuh3',	1400892713,	10800,	'Default|a:11:{s:11:\"initialized\";b:1;s:6:\"errors\";s:0:\"\";s:14:\"successmessage\";s:0:\"\";s:10:\"formvalues\";a:0:{}s:13:\"invitesuccess\";s:0:\"\";s:13:\"custommessage\";s:0:\"\";s:14:\"custommessage1\";s:0:\"\";s:14:\"custommessage2\";s:0:\"\";s:14:\"custommessage3\";s:0:\"\";s:14:\"custommessage4\";s:0:\"\";s:14:\"custommessage5\";s:0:\"\";}'),
('dn19qntv8gmbgrintrlheq27a2',	1398753245,	10800,	'Default|a:11:{s:11:\"initialized\";b:1;s:6:\"errors\";s:0:\"\";s:14:\"successmessage\";s:0:\"\";s:10:\"formvalues\";a:0:{}s:13:\"invitesuccess\";s:0:\"\";s:13:\"custommessage\";s:0:\"\";s:14:\"custommessage1\";s:0:\"\";s:14:\"custommessage2\";s:0:\"\";s:14:\"custommessage3\";s:0:\"\";s:14:\"custommessage4\";s:0:\"\";s:14:\"custommessage5\";s:0:\"\";}'),
('dp8lidjjo57e7d9u09t2bsfma7',	1398149720,	10800,	'Default|a:11:{s:11:\"initialized\";b:1;s:6:\"errors\";s:0:\"\";s:14:\"successmessage\";s:0:\"\";s:10:\"formvalues\";a:0:{}s:13:\"invitesuccess\";s:0:\"\";s:13:\"custommessage\";s:0:\"\";s:14:\"custommessage1\";s:0:\"\";s:14:\"custommessage2\";s:0:\"\";s:14:\"custommessage3\";s:0:\"\";s:14:\"custommessage4\";s:0:\"\";s:14:\"custommessage5\";s:0:\"\";}'),
('druo2upt35ap818m8hbbhgtkb4',	1398755694,	10800,	'Default|a:11:{s:11:\"initialized\";b:1;s:6:\"errors\";s:0:\"\";s:14:\"successmessage\";s:0:\"\";s:10:\"formvalues\";a:0:{}s:13:\"invitesuccess\";s:0:\"\";s:13:\"custommessage\";s:0:\"\";s:14:\"custommessage1\";s:0:\"\";s:14:\"custommessage2\";s:0:\"\";s:14:\"custommessage3\";s:0:\"\";s:14:\"custommessage4\";s:0:\"\";s:14:\"custommessage5\";s:0:\"\";}'),
('dsduu911u6392otdnlnk8ivq20',	1400831860,	10800,	'Default|a:11:{s:11:\"initialized\";b:1;s:6:\"errors\";s:0:\"\";s:14:\"successmessage\";s:0:\"\";s:10:\"formvalues\";a:0:{}s:13:\"invitesuccess\";s:0:\"\";s:13:\"custommessage\";s:0:\"\";s:14:\"custommessage1\";s:0:\"\";s:14:\"custommessage2\";s:0:\"\";s:14:\"custommessage3\";s:0:\"\";s:14:\"custommessage4\";s:0:\"\";s:14:\"custommessage5\";s:0:\"\";}'),
('dtf4cqerroeeae81e8nugs8nj5',	1398333678,	10800,	'Default|a:14:{s:14:\"successmessage\";s:0:\"\";s:11:\"initialized\";b:1;s:6:\"errors\";s:0:\"\";s:10:\"formvalues\";a:0:{}s:13:\"invitesuccess\";s:0:\"\";s:13:\"custommessage\";s:0:\"\";s:14:\"custommessage1\";s:0:\"\";s:14:\"custommessage2\";s:0:\"\";s:14:\"custommessage3\";s:0:\"\";s:14:\"custommessage4\";s:0:\"\";s:14:\"custommessage5\";s:0:\"\";s:6:\"userid\";s:2:\"63\";s:5:\"phone\";s:10:\"0835093924\";s:4:\"type\";s:1:\"3\";}'),
('e1a7uvusko3lf3lu0srqt81kh5',	1400076811,	10800,	'Default|a:11:{s:11:\"initialized\";b:1;s:6:\"errors\";s:0:\"\";s:14:\"successmessage\";s:0:\"\";s:10:\"formvalues\";a:0:{}s:13:\"invitesuccess\";s:0:\"\";s:13:\"custommessage\";s:0:\"\";s:14:\"custommessage1\";s:0:\"\";s:14:\"custommessage2\";s:0:\"\";s:14:\"custommessage3\";s:0:\"\";s:14:\"custommessage4\";s:0:\"\";s:14:\"custommessage5\";s:0:\"\";}'),
('e6mfo0qa4l0q7ah3itjb3a22i0',	1399039039,	10800,	'Default|a:11:{s:11:\"initialized\";b:1;s:6:\"errors\";s:0:\"\";s:14:\"successmessage\";s:0:\"\";s:10:\"formvalues\";a:0:{}s:13:\"invitesuccess\";s:0:\"\";s:13:\"custommessage\";s:0:\"\";s:14:\"custommessage1\";s:0:\"\";s:14:\"custommessage2\";s:0:\"\";s:14:\"custommessage3\";s:0:\"\";s:14:\"custommessage4\";s:0:\"\";s:14:\"custommessage5\";s:0:\"\";}'),
('e8tadb494ltqpjs08hqdh7mpt3',	1397286182,	10800,	'Default|a:11:{s:11:\"initialized\";b:1;s:6:\"errors\";s:0:\"\";s:14:\"successmessage\";s:0:\"\";s:10:\"formvalues\";a:0:{}s:13:\"invitesuccess\";s:0:\"\";s:13:\"custommessage\";s:0:\"\";s:14:\"custommessage1\";s:0:\"\";s:14:\"custommessage2\";s:0:\"\";s:14:\"custommessage3\";s:0:\"\";s:14:\"custommessage4\";s:0:\"\";s:14:\"custommessage5\";s:0:\"\";}'),
('ef6rbi4inoap4m4echsh0tvkv3',	1398846973,	10800,	'Default|a:11:{s:11:\"initialized\";b:1;s:6:\"errors\";s:0:\"\";s:14:\"successmessage\";s:0:\"\";s:10:\"formvalues\";a:0:{}s:13:\"invitesuccess\";s:0:\"\";s:13:\"custommessage\";s:0:\"\";s:14:\"custommessage1\";s:0:\"\";s:14:\"custommessage2\";s:0:\"\";s:14:\"custommessage3\";s:0:\"\";s:14:\"custommessage4\";s:0:\"\";s:14:\"custommessage5\";s:0:\"\";}'),
('eljijhafa8dqcdl2o3g7vbfam2',	1398947366,	10800,	'Default|a:11:{s:11:\"initialized\";b:1;s:6:\"errors\";s:0:\"\";s:14:\"successmessage\";s:0:\"\";s:10:\"formvalues\";a:0:{}s:13:\"invitesuccess\";s:0:\"\";s:13:\"custommessage\";s:0:\"\";s:14:\"custommessage1\";s:0:\"\";s:14:\"custommessage2\";s:0:\"\";s:14:\"custommessage3\";s:0:\"\";s:14:\"custommessage4\";s:0:\"\";s:14:\"custommessage5\";s:0:\"\";}'),
('em57kemhiri7hv3t6potapd7f5',	1399965930,	10800,	'Default|a:15:{s:11:\"initialized\";b:1;s:6:\"errors\";s:0:\"\";s:14:\"successmessage\";s:0:\"\";s:10:\"formvalues\";a:0:{}s:13:\"invitesuccess\";s:0:\"\";s:13:\"custommessage\";s:0:\"\";s:14:\"custommessage1\";s:0:\"\";s:14:\"custommessage2\";s:0:\"\";s:14:\"custommessage3\";s:0:\"\";s:14:\"custommessage4\";s:0:\"\";s:14:\"custommessage5\";s:0:\"\";s:6:\"userid\";s:1:\"1\";s:5:\"phone\";s:10:\"0836246789\";s:4:\"type\";s:1:\"1\";s:16:\"itemcountperpage\";s:2:\"10\";}'),
('fa9kn25pjei4qd8noa3ltblnl3',	1400068423,	10800,	'Default|a:11:{s:11:\"initialized\";b:1;s:6:\"errors\";s:0:\"\";s:14:\"successmessage\";s:0:\"\";s:10:\"formvalues\";a:0:{}s:13:\"invitesuccess\";s:0:\"\";s:13:\"custommessage\";s:0:\"\";s:14:\"custommessage1\";s:0:\"\";s:14:\"custommessage2\";s:0:\"\";s:14:\"custommessage3\";s:0:\"\";s:14:\"custommessage4\";s:0:\"\";s:14:\"custommessage5\";s:0:\"\";}'),
('fask9so3phoi0cet1vonf1k7l6',	1398869928,	10800,	'Default|a:11:{s:11:\"initialized\";b:1;s:6:\"errors\";s:0:\"\";s:14:\"successmessage\";s:0:\"\";s:10:\"formvalues\";a:0:{}s:13:\"invitesuccess\";s:0:\"\";s:13:\"custommessage\";s:0:\"\";s:14:\"custommessage1\";s:0:\"\";s:14:\"custommessage2\";s:0:\"\";s:14:\"custommessage3\";s:0:\"\";s:14:\"custommessage4\";s:0:\"\";s:14:\"custommessage5\";s:0:\"\";}'),
('fe6avl6v3c98u22n8remlbh7n3',	1400772352,	10800,	'Default|a:11:{s:11:\"initialized\";b:1;s:6:\"errors\";s:0:\"\";s:14:\"successmessage\";s:0:\"\";s:10:\"formvalues\";a:0:{}s:13:\"invitesuccess\";s:0:\"\";s:13:\"custommessage\";s:0:\"\";s:14:\"custommessage1\";s:0:\"\";s:14:\"custommessage2\";s:0:\"\";s:14:\"custommessage3\";s:0:\"\";s:14:\"custommessage4\";s:0:\"\";s:14:\"custommessage5\";s:0:\"\";}'),
('fhajrg1d4kqjvkvhotcfa5epo7',	1397654069,	10800,	'Default|a:11:{s:11:\"initialized\";b:1;s:6:\"errors\";s:0:\"\";s:14:\"successmessage\";s:0:\"\";s:10:\"formvalues\";a:0:{}s:13:\"invitesuccess\";s:0:\"\";s:13:\"custommessage\";s:0:\"\";s:14:\"custommessage1\";s:0:\"\";s:14:\"custommessage2\";s:0:\"\";s:14:\"custommessage3\";s:0:\"\";s:14:\"custommessage4\";s:0:\"\";s:14:\"custommessage5\";s:0:\"\";}'),
('fpgtp94lt67fp7v8gf8h3vasu1',	1398842237,	10800,	'Default|a:11:{s:11:\"initialized\";b:1;s:6:\"errors\";s:0:\"\";s:14:\"successmessage\";s:0:\"\";s:10:\"formvalues\";a:0:{}s:13:\"invitesuccess\";s:0:\"\";s:13:\"custommessage\";s:0:\"\";s:14:\"custommessage1\";s:0:\"\";s:14:\"custommessage2\";s:0:\"\";s:14:\"custommessage3\";s:0:\"\";s:14:\"custommessage4\";s:0:\"\";s:14:\"custommessage5\";s:0:\"\";}'),
('fvtnuhi5d7ou1fot8vmqite4s0',	1397398151,	10800,	'Default|a:11:{s:11:\"initialized\";b:1;s:6:\"errors\";s:0:\"\";s:14:\"successmessage\";s:0:\"\";s:10:\"formvalues\";a:0:{}s:13:\"invitesuccess\";s:0:\"\";s:13:\"custommessage\";s:0:\"\";s:14:\"custommessage1\";s:0:\"\";s:14:\"custommessage2\";s:0:\"\";s:14:\"custommessage3\";s:0:\"\";s:14:\"custommessage4\";s:0:\"\";s:14:\"custommessage5\";s:0:\"\";}'),
('g3q4r78uum8g3eh3bqb0bdmvr0',	1398882900,	10800,	'Default|a:1:{s:11:\"initialized\";b:1;}'),
('g7a94odi1tfdgb4ahfsgujcao0',	1398159298,	10800,	'Default|a:11:{s:11:\"initialized\";b:1;s:6:\"errors\";s:0:\"\";s:14:\"successmessage\";s:0:\"\";s:10:\"formvalues\";a:0:{}s:13:\"invitesuccess\";s:0:\"\";s:13:\"custommessage\";s:0:\"\";s:14:\"custommessage1\";s:0:\"\";s:14:\"custommessage2\";s:0:\"\";s:14:\"custommessage3\";s:0:\"\";s:14:\"custommessage4\";s:0:\"\";s:14:\"custommessage5\";s:0:\"\";}'),
('gem2sshmollsb4724pggo3pqa0',	1398882900,	10800,	'Default|a:1:{s:11:\"initialized\";b:1;}'),
('ghm02rj3nnr4hq86ddga0a3nn7',	1398842668,	10800,	'Default|a:11:{s:11:\"initialized\";b:1;s:6:\"errors\";s:0:\"\";s:14:\"successmessage\";s:0:\"\";s:10:\"formvalues\";a:0:{}s:13:\"invitesuccess\";s:0:\"\";s:13:\"custommessage\";s:0:\"\";s:14:\"custommessage1\";s:0:\"\";s:14:\"custommessage2\";s:0:\"\";s:14:\"custommessage3\";s:0:\"\";s:14:\"custommessage4\";s:0:\"\";s:14:\"custommessage5\";s:0:\"\";}'),
('gi2m9k3kdc8a592p8h1kpf3ev3',	1400175255,	10800,	'Default|a:11:{s:11:\"initialized\";b:1;s:6:\"errors\";s:0:\"\";s:14:\"successmessage\";s:0:\"\";s:10:\"formvalues\";a:0:{}s:13:\"invitesuccess\";s:0:\"\";s:13:\"custommessage\";s:0:\"\";s:14:\"custommessage1\";s:0:\"\";s:14:\"custommessage2\";s:0:\"\";s:14:\"custommessage3\";s:0:\"\";s:14:\"custommessage4\";s:0:\"\";s:14:\"custommessage5\";s:0:\"\";}'),
('gjakkf3c8lps531tid878vupd4',	1398844151,	10800,	'Default|a:11:{s:11:\"initialized\";b:1;s:6:\"errors\";s:0:\"\";s:14:\"successmessage\";s:0:\"\";s:10:\"formvalues\";a:0:{}s:13:\"invitesuccess\";s:0:\"\";s:13:\"custommessage\";s:0:\"\";s:14:\"custommessage1\";s:0:\"\";s:14:\"custommessage2\";s:0:\"\";s:14:\"custommessage3\";s:0:\"\";s:14:\"custommessage4\";s:0:\"\";s:14:\"custommessage5\";s:0:\"\";}'),
('gjjevmcvd6l3v94bqcn8ccts32',	1398848300,	10800,	'Default|a:11:{s:11:\"initialized\";b:1;s:6:\"errors\";s:0:\"\";s:14:\"successmessage\";s:0:\"\";s:10:\"formvalues\";a:0:{}s:13:\"invitesuccess\";s:0:\"\";s:13:\"custommessage\";s:0:\"\";s:14:\"custommessage1\";s:0:\"\";s:14:\"custommessage2\";s:0:\"\";s:14:\"custommessage3\";s:0:\"\";s:14:\"custommessage4\";s:0:\"\";s:14:\"custommessage5\";s:0:\"\";}'),
('gl2j5vj93ruqg1c3hc625iv9o5',	1398872351,	10800,	'Default|a:11:{s:11:\"initialized\";b:1;s:6:\"errors\";s:0:\"\";s:14:\"successmessage\";s:0:\"\";s:10:\"formvalues\";a:0:{}s:13:\"invitesuccess\";s:0:\"\";s:13:\"custommessage\";s:0:\"\";s:14:\"custommessage1\";s:0:\"\";s:14:\"custommessage2\";s:0:\"\";s:14:\"custommessage3\";s:0:\"\";s:14:\"custommessage4\";s:0:\"\";s:14:\"custommessage5\";s:0:\"\";}'),
('gmdilf0tpsgfa8pjil00purov7',	1400141994,	10800,	'Default|a:11:{s:11:\"initialized\";b:1;s:6:\"errors\";s:0:\"\";s:14:\"successmessage\";s:0:\"\";s:10:\"formvalues\";a:0:{}s:13:\"invitesuccess\";s:0:\"\";s:13:\"custommessage\";s:0:\"\";s:14:\"custommessage1\";s:0:\"\";s:14:\"custommessage2\";s:0:\"\";s:14:\"custommessage3\";s:0:\"\";s:14:\"custommessage4\";s:0:\"\";s:14:\"custommessage5\";s:0:\"\";}'),
('govp74apj6d3cij5bakglt2og5',	1398882898,	10800,	'Default|a:1:{s:11:\"initialized\";b:1;}'),
('gv0psacd5se7lstgfl7583l4j7',	1400136083,	10800,	'Default|a:11:{s:11:\"initialized\";b:1;s:6:\"errors\";s:0:\"\";s:14:\"successmessage\";s:0:\"\";s:10:\"formvalues\";a:0:{}s:13:\"invitesuccess\";s:0:\"\";s:13:\"custommessage\";s:0:\"\";s:14:\"custommessage1\";s:0:\"\";s:14:\"custommessage2\";s:0:\"\";s:14:\"custommessage3\";s:0:\"\";s:14:\"custommessage4\";s:0:\"\";s:14:\"custommessage5\";s:0:\"\";}'),
('h660r5l6gq588qcoo8boat7116',	1400758334,	10800,	'Default|a:11:{s:11:\"initialized\";b:1;s:6:\"errors\";s:0:\"\";s:14:\"successmessage\";s:0:\"\";s:10:\"formvalues\";a:0:{}s:13:\"invitesuccess\";s:0:\"\";s:13:\"custommessage\";s:0:\"\";s:14:\"custommessage1\";s:0:\"\";s:14:\"custommessage2\";s:0:\"\";s:14:\"custommessage3\";s:0:\"\";s:14:\"custommessage4\";s:0:\"\";s:14:\"custommessage5\";s:0:\"\";}'),
('h7u3u566gptjauo0fms9r48je3',	1398843805,	10800,	'Default|a:11:{s:11:\"initialized\";b:1;s:6:\"errors\";s:0:\"\";s:14:\"successmessage\";s:0:\"\";s:10:\"formvalues\";a:0:{}s:13:\"invitesuccess\";s:0:\"\";s:13:\"custommessage\";s:0:\"\";s:14:\"custommessage1\";s:0:\"\";s:14:\"custommessage2\";s:0:\"\";s:14:\"custommessage3\";s:0:\"\";s:14:\"custommessage4\";s:0:\"\";s:14:\"custommessage5\";s:0:\"\";}'),
('ha3kivg07775qq2gtau0jkp7k1',	1399550334,	10800,	'Default|a:11:{s:11:\"initialized\";b:1;s:6:\"errors\";s:0:\"\";s:14:\"successmessage\";s:0:\"\";s:10:\"formvalues\";a:0:{}s:13:\"invitesuccess\";s:0:\"\";s:13:\"custommessage\";s:0:\"\";s:14:\"custommessage1\";s:0:\"\";s:14:\"custommessage2\";s:0:\"\";s:14:\"custommessage3\";s:0:\"\";s:14:\"custommessage4\";s:0:\"\";s:14:\"custommessage5\";s:0:\"\";}'),
('hd8bt47bp3jnvqik1nv25d2471',	1397554998,	10800,	'Default|a:11:{s:11:\"initialized\";b:1;s:6:\"errors\";s:0:\"\";s:14:\"successmessage\";s:0:\"\";s:10:\"formvalues\";a:0:{}s:13:\"invitesuccess\";s:0:\"\";s:13:\"custommessage\";s:0:\"\";s:14:\"custommessage1\";s:0:\"\";s:14:\"custommessage2\";s:0:\"\";s:14:\"custommessage3\";s:0:\"\";s:14:\"custommessage4\";s:0:\"\";s:14:\"custommessage5\";s:0:\"\";}'),
('hicpfmsk70m359j7hlithvesn0',	1400105966,	10800,	'Default|a:11:{s:11:\"initialized\";b:1;s:6:\"errors\";s:0:\"\";s:14:\"successmessage\";s:0:\"\";s:10:\"formvalues\";a:0:{}s:13:\"invitesuccess\";s:0:\"\";s:13:\"custommessage\";s:0:\"\";s:14:\"custommessage1\";s:0:\"\";s:14:\"custommessage2\";s:0:\"\";s:14:\"custommessage3\";s:0:\"\";s:14:\"custommessage4\";s:0:\"\";s:14:\"custommessage5\";s:0:\"\";}'),
('hkk734dr07brj21o8qeo806pv4',	1400892500,	10800,	'Default|a:11:{s:11:\"initialized\";b:1;s:6:\"errors\";s:0:\"\";s:14:\"successmessage\";s:0:\"\";s:10:\"formvalues\";a:0:{}s:13:\"invitesuccess\";s:0:\"\";s:13:\"custommessage\";s:0:\"\";s:14:\"custommessage1\";s:0:\"\";s:14:\"custommessage2\";s:0:\"\";s:14:\"custommessage3\";s:0:\"\";s:14:\"custommessage4\";s:0:\"\";s:14:\"custommessage5\";s:0:\"\";}'),
('hv9nm64h34lh7cua4kegu4e573',	1398845309,	10800,	'Default|a:11:{s:11:\"initialized\";b:1;s:6:\"errors\";s:0:\"\";s:14:\"successmessage\";s:0:\"\";s:10:\"formvalues\";a:0:{}s:13:\"invitesuccess\";s:0:\"\";s:13:\"custommessage\";s:0:\"\";s:14:\"custommessage1\";s:0:\"\";s:14:\"custommessage2\";s:0:\"\";s:14:\"custommessage3\";s:0:\"\";s:14:\"custommessage4\";s:0:\"\";s:14:\"custommessage5\";s:0:\"\";}'),
('i6ff86130rqq935r6ghaspq7e6',	1398882900,	10800,	'Default|a:11:{s:11:\"initialized\";b:1;s:6:\"errors\";s:0:\"\";s:14:\"successmessage\";s:0:\"\";s:10:\"formvalues\";a:0:{}s:13:\"invitesuccess\";s:0:\"\";s:13:\"custommessage\";s:0:\"\";s:14:\"custommessage1\";s:0:\"\";s:14:\"custommessage2\";s:0:\"\";s:14:\"custommessage3\";s:0:\"\";s:14:\"custommessage4\";s:0:\"\";s:14:\"custommessage5\";s:0:\"\";}'),
('i74m7id9nvcnimbh6m027pcv70',	1398233818,	10800,	'Default|a:1:{s:11:\"initialized\";b:1;}'),
('ia8jjbfv2amjh852886r89c0e2',	1397206567,	10800,	'Default|a:14:{s:14:\"successmessage\";s:0:\"\";s:11:\"initialized\";b:1;s:6:\"errors\";s:0:\"\";s:10:\"formvalues\";a:0:{}s:13:\"invitesuccess\";s:0:\"\";s:13:\"custommessage\";s:0:\"\";s:14:\"custommessage1\";s:0:\"\";s:14:\"custommessage2\";s:0:\"\";s:14:\"custommessage3\";s:0:\"\";s:14:\"custommessage4\";s:0:\"\";s:14:\"custommessage5\";s:0:\"\";s:6:\"userid\";s:2:\"56\";s:5:\"phone\";s:10:\"0488015084\";s:4:\"type\";s:1:\"2\";}'),
('icq1rut8lf6stb96ilgq4nqhr6',	1398233817,	10800,	'Default|a:1:{s:11:\"initialized\";b:1;}'),
('idj7s6pjfsmdd73ocpdh372v02',	1398235679,	10800,	'Default|a:1:{s:11:\"initialized\";b:1;}'),
('ilmt6t2qrqcibqbl75l687rt77',	1397483488,	10800,	'Default|a:11:{s:11:\"initialized\";b:1;s:6:\"errors\";s:0:\"\";s:14:\"successmessage\";s:0:\"\";s:10:\"formvalues\";a:0:{}s:13:\"invitesuccess\";s:0:\"\";s:13:\"custommessage\";s:0:\"\";s:14:\"custommessage1\";s:0:\"\";s:14:\"custommessage2\";s:0:\"\";s:14:\"custommessage3\";s:0:\"\";s:14:\"custommessage4\";s:0:\"\";s:14:\"custommessage5\";s:0:\"\";}'),
('irhfu16fa7c79qjjl6tik0ea91',	1400066284,	10800,	'Default|a:14:{s:11:\"initialized\";b:1;s:6:\"errors\";s:0:\"\";s:14:\"successmessage\";s:0:\"\";s:10:\"formvalues\";a:0:{}s:13:\"invitesuccess\";s:0:\"\";s:13:\"custommessage\";s:0:\"\";s:14:\"custommessage1\";s:0:\"\";s:14:\"custommessage2\";s:0:\"\";s:14:\"custommessage3\";s:0:\"\";s:14:\"custommessage4\";s:0:\"\";s:14:\"custommessage5\";s:0:\"\";s:6:\"userid\";s:2:\"72\";s:5:\"phone\";s:10:\"0835468723\";s:4:\"type\";s:1:\"2\";}'),
('iuamqsp6eclt39frg0qvpl11b7',	1400854707,	10800,	'Default|a:19:{s:11:\"initialized\";b:1;s:6:\"errors\";s:0:\"\";s:14:\"successmessage\";s:0:\"\";s:10:\"formvalues\";a:0:{}s:13:\"invitesuccess\";s:0:\"\";s:13:\"custommessage\";s:0:\"\";s:14:\"custommessage1\";s:0:\"\";s:14:\"custommessage2\";s:0:\"\";s:14:\"custommessage3\";s:0:\"\";s:14:\"custommessage4\";s:0:\"\";s:14:\"custommessage5\";s:0:\"\";s:6:\"userid\";s:2:\"48\";s:5:\"phone\";s:10:\"0787758486\";s:4:\"type\";s:1:\"2\";s:32:\"departmentallocationnotification\";s:0:\"\";s:20:\"logquerynotification\";s:0:\"\";s:28:\"clientallocationnotification\";s:0:\"\";s:30:\"clientstatusupdatenotification\";s:0:\"\";s:9:\"msgreturn\";s:4:\"json\";}'),
('iukn4o244remec4g3v5s3o7pu7',	1400064395,	10800,	'Default|a:11:{s:11:\"initialized\";b:1;s:6:\"errors\";s:0:\"\";s:14:\"successmessage\";s:0:\"\";s:10:\"formvalues\";a:0:{}s:13:\"invitesuccess\";s:0:\"\";s:13:\"custommessage\";s:0:\"\";s:14:\"custommessage1\";s:0:\"\";s:14:\"custommessage2\";s:0:\"\";s:14:\"custommessage3\";s:0:\"\";s:14:\"custommessage4\";s:0:\"\";s:14:\"custommessage5\";s:0:\"\";}'),
('j6j91dhntimbg9l4405ivr1g72',	1398993560,	10800,	'Default|a:11:{s:11:\"initialized\";b:1;s:6:\"errors\";s:0:\"\";s:14:\"successmessage\";s:0:\"\";s:10:\"formvalues\";a:0:{}s:13:\"invitesuccess\";s:0:\"\";s:13:\"custommessage\";s:0:\"\";s:14:\"custommessage1\";s:0:\"\";s:14:\"custommessage2\";s:0:\"\";s:14:\"custommessage3\";s:0:\"\";s:14:\"custommessage4\";s:0:\"\";s:14:\"custommessage5\";s:0:\"\";}'),
('ja20oa6d95bgsoi7t74mgmdoh4',	1400072888,	10800,	'Default|a:11:{s:11:\"initialized\";b:1;s:6:\"errors\";s:0:\"\";s:14:\"successmessage\";s:0:\"\";s:10:\"formvalues\";a:0:{}s:13:\"invitesuccess\";s:0:\"\";s:13:\"custommessage\";s:0:\"\";s:14:\"custommessage1\";s:0:\"\";s:14:\"custommessage2\";s:0:\"\";s:14:\"custommessage3\";s:0:\"\";s:14:\"custommessage4\";s:0:\"\";s:14:\"custommessage5\";s:0:\"\";}'),
('jcagd1jdrismn1o639t0c0g3q4',	1398239603,	10800,	'Default|a:11:{s:11:\"initialized\";b:1;s:6:\"errors\";s:0:\"\";s:14:\"successmessage\";s:0:\"\";s:10:\"formvalues\";a:0:{}s:13:\"invitesuccess\";s:0:\"\";s:13:\"custommessage\";s:0:\"\";s:14:\"custommessage1\";s:0:\"\";s:14:\"custommessage2\";s:0:\"\";s:14:\"custommessage3\";s:0:\"\";s:14:\"custommessage4\";s:0:\"\";s:14:\"custommessage5\";s:0:\"\";}'),
('jge0kvhsqp2l5gv0j69g63lnh3',	1398945009,	10800,	'Default|a:11:{s:11:\"initialized\";b:1;s:6:\"errors\";s:0:\"\";s:14:\"successmessage\";s:0:\"\";s:10:\"formvalues\";a:0:{}s:13:\"invitesuccess\";s:0:\"\";s:13:\"custommessage\";s:0:\"\";s:14:\"custommessage1\";s:0:\"\";s:14:\"custommessage2\";s:0:\"\";s:14:\"custommessage3\";s:0:\"\";s:14:\"custommessage4\";s:0:\"\";s:14:\"custommessage5\";s:0:\"\";}'),
('jjgu4uirci69n10j5fe5c9u835',	1398914309,	10800,	'Default|a:11:{s:11:\"initialized\";b:1;s:6:\"errors\";s:0:\"\";s:14:\"successmessage\";s:0:\"\";s:10:\"formvalues\";a:0:{}s:13:\"invitesuccess\";s:0:\"\";s:13:\"custommessage\";s:0:\"\";s:14:\"custommessage1\";s:0:\"\";s:14:\"custommessage2\";s:0:\"\";s:14:\"custommessage3\";s:0:\"\";s:14:\"custommessage4\";s:0:\"\";s:14:\"custommessage5\";s:0:\"\";}'),
('jknqbtobao14t1ikpro04b3sc3',	1398158942,	10800,	'Default|a:1:{s:11:\"initialized\";b:1;}'),
('jmsdpasd39acm6npt1cuhcbav6',	1398841033,	10800,	'Default|a:11:{s:11:\"initialized\";b:1;s:6:\"errors\";s:0:\"\";s:14:\"successmessage\";s:0:\"\";s:10:\"formvalues\";a:0:{}s:13:\"invitesuccess\";s:0:\"\";s:13:\"custommessage\";s:0:\"\";s:14:\"custommessage1\";s:0:\"\";s:14:\"custommessage2\";s:0:\"\";s:14:\"custommessage3\";s:0:\"\";s:14:\"custommessage4\";s:0:\"\";s:14:\"custommessage5\";s:0:\"\";}'),
('jtc88i933tai7gr357l8tmgj05',	1397635622,	10800,	'Default|a:11:{s:11:\"initialized\";b:1;s:6:\"errors\";s:0:\"\";s:14:\"successmessage\";s:0:\"\";s:10:\"formvalues\";a:0:{}s:13:\"invitesuccess\";s:0:\"\";s:13:\"custommessage\";s:0:\"\";s:14:\"custommessage1\";s:0:\"\";s:14:\"custommessage2\";s:0:\"\";s:14:\"custommessage3\";s:0:\"\";s:14:\"custommessage4\";s:0:\"\";s:14:\"custommessage5\";s:0:\"\";}'),
('k0o2pplp059vkfk84tqmcl3ji7',	1398853550,	10800,	'Default|a:11:{s:11:\"initialized\";b:1;s:6:\"errors\";s:0:\"\";s:14:\"successmessage\";s:0:\"\";s:10:\"formvalues\";a:0:{}s:13:\"invitesuccess\";s:0:\"\";s:13:\"custommessage\";s:0:\"\";s:14:\"custommessage1\";s:0:\"\";s:14:\"custommessage2\";s:0:\"\";s:14:\"custommessage3\";s:0:\"\";s:14:\"custommessage4\";s:0:\"\";s:14:\"custommessage5\";s:0:\"\";}'),
('k14ljjj62k70lpk0b2goirtb07',	1400832284,	10800,	'Default|a:11:{s:11:\"initialized\";b:1;s:6:\"errors\";s:0:\"\";s:14:\"successmessage\";s:0:\"\";s:10:\"formvalues\";a:0:{}s:13:\"invitesuccess\";s:0:\"\";s:13:\"custommessage\";s:0:\"\";s:14:\"custommessage1\";s:0:\"\";s:14:\"custommessage2\";s:0:\"\";s:14:\"custommessage3\";s:0:\"\";s:14:\"custommessage4\";s:0:\"\";s:14:\"custommessage5\";s:0:\"\";}'),
('k613ak8btr4s20ud2fdn9imaa4',	1399014564,	10800,	'Default|a:11:{s:11:\"initialized\";b:1;s:6:\"errors\";s:0:\"\";s:14:\"successmessage\";s:0:\"\";s:10:\"formvalues\";a:0:{}s:13:\"invitesuccess\";s:0:\"\";s:13:\"custommessage\";s:0:\"\";s:14:\"custommessage1\";s:0:\"\";s:14:\"custommessage2\";s:0:\"\";s:14:\"custommessage3\";s:0:\"\";s:14:\"custommessage4\";s:0:\"\";s:14:\"custommessage5\";s:0:\"\";}'),
('k6fpul8lc7tjqqkev31nnqv0i6',	1398332750,	10800,	'Default|a:14:{s:14:\"successmessage\";s:0:\"\";s:11:\"initialized\";b:1;s:6:\"errors\";s:0:\"\";s:10:\"formvalues\";a:0:{}s:13:\"invitesuccess\";s:0:\"\";s:13:\"custommessage\";s:0:\"\";s:14:\"custommessage1\";s:0:\"\";s:14:\"custommessage2\";s:0:\"\";s:14:\"custommessage3\";s:0:\"\";s:14:\"custommessage4\";s:0:\"\";s:14:\"custommessage5\";s:0:\"\";s:6:\"userid\";s:2:\"68\";s:5:\"phone\";s:10:\"0783252997\";s:4:\"type\";s:1:\"2\";}'),
('k8j15e5o6ldnjjfqp9hu98h550',	1397472457,	10800,	'Default|a:11:{s:11:\"initialized\";b:1;s:6:\"errors\";s:0:\"\";s:14:\"successmessage\";s:0:\"\";s:10:\"formvalues\";a:0:{}s:13:\"invitesuccess\";s:0:\"\";s:13:\"custommessage\";s:0:\"\";s:14:\"custommessage1\";s:0:\"\";s:14:\"custommessage2\";s:0:\"\";s:14:\"custommessage3\";s:0:\"\";s:14:\"custommessage4\";s:0:\"\";s:14:\"custommessage5\";s:0:\"\";}'),
('kbodn9gen34c5n0mngucee99m6',	1400753100,	10800,	'Default|a:11:{s:11:\"initialized\";b:1;s:6:\"errors\";s:0:\"\";s:14:\"successmessage\";s:0:\"\";s:10:\"formvalues\";a:0:{}s:13:\"invitesuccess\";s:0:\"\";s:13:\"custommessage\";s:0:\"\";s:14:\"custommessage1\";s:0:\"\";s:14:\"custommessage2\";s:0:\"\";s:14:\"custommessage3\";s:0:\"\";s:14:\"custommessage4\";s:0:\"\";s:14:\"custommessage5\";s:0:\"\";}'),
('kc7q1b6kbtikurc682ordgrgj7',	1398753118,	10800,	'Default|a:11:{s:11:\"initialized\";b:1;s:6:\"errors\";s:0:\"\";s:14:\"successmessage\";s:0:\"\";s:10:\"formvalues\";a:0:{}s:13:\"invitesuccess\";s:0:\"\";s:13:\"custommessage\";s:0:\"\";s:14:\"custommessage1\";s:0:\"\";s:14:\"custommessage2\";s:0:\"\";s:14:\"custommessage3\";s:0:\"\";s:14:\"custommessage4\";s:0:\"\";s:14:\"custommessage5\";s:0:\"\";}'),
('kcac61fq9prdgd41d6tdqodla6',	1398852974,	10800,	'Default|a:11:{s:11:\"initialized\";b:1;s:6:\"errors\";s:0:\"\";s:14:\"successmessage\";s:0:\"\";s:10:\"formvalues\";a:0:{}s:13:\"invitesuccess\";s:0:\"\";s:13:\"custommessage\";s:0:\"\";s:14:\"custommessage1\";s:0:\"\";s:14:\"custommessage2\";s:0:\"\";s:14:\"custommessage3\";s:0:\"\";s:14:\"custommessage4\";s:0:\"\";s:14:\"custommessage5\";s:0:\"\";}'),
('ke5rudjqv80s72libe5jf7uqj4',	1398844723,	10800,	'Default|a:11:{s:11:\"initialized\";b:1;s:6:\"errors\";s:0:\"\";s:14:\"successmessage\";s:0:\"\";s:10:\"formvalues\";a:0:{}s:13:\"invitesuccess\";s:0:\"\";s:13:\"custommessage\";s:0:\"\";s:14:\"custommessage1\";s:0:\"\";s:14:\"custommessage2\";s:0:\"\";s:14:\"custommessage3\";s:0:\"\";s:14:\"custommessage4\";s:0:\"\";s:14:\"custommessage5\";s:0:\"\";}'),
('kj49j6rlgjn8n30oip7m80lmh7',	1400844726,	10800,	'Default|a:11:{s:11:\"initialized\";b:1;s:6:\"errors\";s:0:\"\";s:14:\"successmessage\";s:0:\"\";s:10:\"formvalues\";a:0:{}s:13:\"invitesuccess\";s:0:\"\";s:13:\"custommessage\";s:0:\"\";s:14:\"custommessage1\";s:0:\"\";s:14:\"custommessage2\";s:0:\"\";s:14:\"custommessage3\";s:0:\"\";s:14:\"custommessage4\";s:0:\"\";s:14:\"custommessage5\";s:0:\"\";}'),
('km6fm0uk6n7225io1iruem6ad2',	1398233694,	10800,	'Default|a:11:{s:11:\"initialized\";b:1;s:6:\"errors\";s:0:\"\";s:14:\"successmessage\";s:0:\"\";s:10:\"formvalues\";a:0:{}s:13:\"invitesuccess\";s:0:\"\";s:13:\"custommessage\";s:0:\"\";s:14:\"custommessage1\";s:0:\"\";s:14:\"custommessage2\";s:0:\"\";s:14:\"custommessage3\";s:0:\"\";s:14:\"custommessage4\";s:0:\"\";s:14:\"custommessage5\";s:0:\"\";}'),
('km94lcvt90uvukeq9lc7ts6qp5',	1398854996,	10800,	'Default|a:11:{s:11:\"initialized\";b:1;s:6:\"errors\";s:0:\"\";s:14:\"successmessage\";s:0:\"\";s:10:\"formvalues\";a:0:{}s:13:\"invitesuccess\";s:0:\"\";s:13:\"custommessage\";s:0:\"\";s:14:\"custommessage1\";s:0:\"\";s:14:\"custommessage2\";s:0:\"\";s:14:\"custommessage3\";s:0:\"\";s:14:\"custommessage4\";s:0:\"\";s:14:\"custommessage5\";s:0:\"\";}'),
('knq3fjs9c7gauvs4soqkhr51q5',	1398946708,	10800,	'Default|a:11:{s:11:\"initialized\";b:1;s:6:\"errors\";s:0:\"\";s:14:\"successmessage\";s:0:\"\";s:10:\"formvalues\";a:0:{}s:13:\"invitesuccess\";s:0:\"\";s:13:\"custommessage\";s:0:\"\";s:14:\"custommessage1\";s:0:\"\";s:14:\"custommessage2\";s:0:\"\";s:14:\"custommessage3\";s:0:\"\";s:14:\"custommessage4\";s:0:\"\";s:14:\"custommessage5\";s:0:\"\";}'),
('ks9l3mhvokl1ufi7de24fhv7f0',	1398848240,	10800,	'Default|a:11:{s:11:\"initialized\";b:1;s:6:\"errors\";s:0:\"\";s:14:\"successmessage\";s:0:\"\";s:10:\"formvalues\";a:0:{}s:13:\"invitesuccess\";s:0:\"\";s:13:\"custommessage\";s:0:\"\";s:14:\"custommessage1\";s:0:\"\";s:14:\"custommessage2\";s:0:\"\";s:14:\"custommessage3\";s:0:\"\";s:14:\"custommessage4\";s:0:\"\";s:14:\"custommessage5\";s:0:\"\";}'),
('kudnct92rdvqe31g9nv3i014r4',	1397376345,	10800,	'Default|a:11:{s:11:\"initialized\";b:1;s:6:\"errors\";s:0:\"\";s:14:\"successmessage\";s:0:\"\";s:10:\"formvalues\";a:0:{}s:13:\"invitesuccess\";s:0:\"\";s:13:\"custommessage\";s:0:\"\";s:14:\"custommessage1\";s:0:\"\";s:14:\"custommessage2\";s:0:\"\";s:14:\"custommessage3\";s:0:\"\";s:14:\"custommessage4\";s:0:\"\";s:14:\"custommessage5\";s:0:\"\";}'),
('l1hve2bon2t45ps7jlr1sp5j97',	1400065528,	10800,	'Default|a:11:{s:11:\"initialized\";b:1;s:6:\"errors\";s:0:\"\";s:14:\"successmessage\";s:0:\"\";s:10:\"formvalues\";a:0:{}s:13:\"invitesuccess\";s:0:\"\";s:13:\"custommessage\";s:0:\"\";s:14:\"custommessage1\";s:0:\"\";s:14:\"custommessage2\";s:0:\"\";s:14:\"custommessage3\";s:0:\"\";s:14:\"custommessage4\";s:0:\"\";s:14:\"custommessage5\";s:0:\"\";}'),
('l3pe5jt9a947e488ebd1hdbll0',	1397564114,	10800,	'Default|a:14:{s:11:\"initialized\";b:1;s:6:\"errors\";s:0:\"\";s:14:\"successmessage\";s:0:\"\";s:10:\"formvalues\";a:0:{}s:13:\"invitesuccess\";s:0:\"\";s:13:\"custommessage\";s:0:\"\";s:14:\"custommessage1\";s:0:\"\";s:14:\"custommessage2\";s:0:\"\";s:14:\"custommessage3\";s:0:\"\";s:14:\"custommessage4\";s:0:\"\";s:14:\"custommessage5\";s:0:\"\";s:6:\"userid\";s:1:\"1\";s:5:\"phone\";s:10:\"0836246789\";s:4:\"type\";s:1:\"1\";}'),
('l9injc91a9rfq5d8ode48b19e2',	1398882900,	10800,	'Default|a:3:{s:11:\"initialized\";b:1;s:6:\"errors\";s:26:\"Please enter Email Address\";s:10:\"formvalues\";a:3:{s:10:\"controller\";s:4:\"user\";s:6:\"action\";s:10:\"checklogin\";s:6:\"module\";s:7:\"default\";}}'),
('lhb58vl300huoat2cpc46a7fu0',	1398234456,	10800,	'Default|a:11:{s:11:\"initialized\";b:1;s:6:\"errors\";s:0:\"\";s:14:\"successmessage\";s:0:\"\";s:10:\"formvalues\";a:0:{}s:13:\"invitesuccess\";s:0:\"\";s:13:\"custommessage\";s:0:\"\";s:14:\"custommessage1\";s:0:\"\";s:14:\"custommessage2\";s:0:\"\";s:14:\"custommessage3\";s:0:\"\";s:14:\"custommessage4\";s:0:\"\";s:14:\"custommessage5\";s:0:\"\";}'),
('lj8sogmd6pfrt3qbpr7bvlhq06',	1398882899,	10800,	'Default|a:1:{s:11:\"initialized\";b:1;}'),
('llakj1atjlbc3ka2hs4jndaim3',	1400068522,	10800,	'Default|a:11:{s:11:\"initialized\";b:1;s:6:\"errors\";s:0:\"\";s:14:\"successmessage\";s:0:\"\";s:10:\"formvalues\";a:0:{}s:13:\"invitesuccess\";s:0:\"\";s:13:\"custommessage\";s:0:\"\";s:14:\"custommessage1\";s:0:\"\";s:14:\"custommessage2\";s:0:\"\";s:14:\"custommessage3\";s:0:\"\";s:14:\"custommessage4\";s:0:\"\";s:14:\"custommessage5\";s:0:\"\";}'),
('lm24afre9q69c6jed1vrkbj5e3',	1400752984,	10800,	'Default|a:11:{s:11:\"initialized\";b:1;s:6:\"errors\";s:0:\"\";s:14:\"successmessage\";s:0:\"\";s:10:\"formvalues\";a:0:{}s:13:\"invitesuccess\";s:0:\"\";s:13:\"custommessage\";s:0:\"\";s:14:\"custommessage1\";s:0:\"\";s:14:\"custommessage2\";s:0:\"\";s:14:\"custommessage3\";s:0:\"\";s:14:\"custommessage4\";s:0:\"\";s:14:\"custommessage5\";s:0:\"\";}'),
('lqh7prh9saothrekiahcb5npj1',	1398915072,	10800,	'Default|a:11:{s:11:\"initialized\";b:1;s:6:\"errors\";s:0:\"\";s:14:\"successmessage\";s:0:\"\";s:10:\"formvalues\";a:0:{}s:13:\"invitesuccess\";s:0:\"\";s:13:\"custommessage\";s:0:\"\";s:14:\"custommessage1\";s:0:\"\";s:14:\"custommessage2\";s:0:\"\";s:14:\"custommessage3\";s:0:\"\";s:14:\"custommessage4\";s:0:\"\";s:14:\"custommessage5\";s:0:\"\";}'),
('lqkdhfigpf0s35er1q9jenc8q0',	1400832322,	10800,	'Default|a:11:{s:11:\"initialized\";b:1;s:6:\"errors\";s:0:\"\";s:14:\"successmessage\";s:0:\"\";s:10:\"formvalues\";a:0:{}s:13:\"invitesuccess\";s:0:\"\";s:13:\"custommessage\";s:0:\"\";s:14:\"custommessage1\";s:0:\"\";s:14:\"custommessage2\";s:0:\"\";s:14:\"custommessage3\";s:0:\"\";s:14:\"custommessage4\";s:0:\"\";s:14:\"custommessage5\";s:0:\"\";}'),
('ltnrg41cb56eh8b5smo7e6rri1',	1400073467,	10800,	'Default|a:11:{s:11:\"initialized\";b:1;s:6:\"errors\";s:0:\"\";s:14:\"successmessage\";s:0:\"\";s:10:\"formvalues\";a:0:{}s:13:\"invitesuccess\";s:0:\"\";s:13:\"custommessage\";s:0:\"\";s:14:\"custommessage1\";s:0:\"\";s:14:\"custommessage2\";s:0:\"\";s:14:\"custommessage3\";s:0:\"\";s:14:\"custommessage4\";s:0:\"\";s:14:\"custommessage5\";s:0:\"\";}'),
('ltovavudds4jrrfia3aifnmss5',	1398239752,	10800,	'Default|a:14:{s:14:\"successmessage\";s:0:\"\";s:11:\"initialized\";b:1;s:6:\"errors\";s:0:\"\";s:10:\"formvalues\";a:0:{}s:13:\"invitesuccess\";s:0:\"\";s:13:\"custommessage\";s:0:\"\";s:14:\"custommessage1\";s:0:\"\";s:14:\"custommessage2\";s:0:\"\";s:14:\"custommessage3\";s:0:\"\";s:14:\"custommessage4\";s:0:\"\";s:14:\"custommessage5\";s:0:\"\";s:6:\"userid\";s:2:\"64\";s:5:\"phone\";s:10:\"0488015015\";s:4:\"type\";s:1:\"3\";}'),
('lvc79vq86hovv2vfaifs94s553',	1397207238,	10800,	'Default|a:14:{s:14:\"successmessage\";s:0:\"\";s:11:\"initialized\";b:1;s:6:\"errors\";s:0:\"\";s:10:\"formvalues\";a:0:{}s:13:\"invitesuccess\";s:0:\"\";s:13:\"custommessage\";s:0:\"\";s:14:\"custommessage1\";s:0:\"\";s:14:\"custommessage2\";s:0:\"\";s:14:\"custommessage3\";s:0:\"\";s:14:\"custommessage4\";s:0:\"\";s:14:\"custommessage5\";s:0:\"\";s:6:\"userid\";s:2:\"57\";s:5:\"phone\";s:10:\"0488015094\";s:4:\"type\";s:1:\"3\";}'),
('m3a6q88h8tfuj6jpr8cd3bc174',	1398780064,	10800,	'Default|a:11:{s:11:\"initialized\";b:1;s:6:\"errors\";s:0:\"\";s:14:\"successmessage\";s:0:\"\";s:10:\"formvalues\";a:0:{}s:13:\"invitesuccess\";s:0:\"\";s:13:\"custommessage\";s:0:\"\";s:14:\"custommessage1\";s:0:\"\";s:14:\"custommessage2\";s:0:\"\";s:14:\"custommessage3\";s:0:\"\";s:14:\"custommessage4\";s:0:\"\";s:14:\"custommessage5\";s:0:\"\";}'),
('m6hepodp0i7ue1n59v0qb4e9g3',	1398918770,	10800,	'Default|a:11:{s:11:\"initialized\";b:1;s:6:\"errors\";s:0:\"\";s:14:\"successmessage\";s:0:\"\";s:10:\"formvalues\";a:0:{}s:13:\"invitesuccess\";s:0:\"\";s:13:\"custommessage\";s:0:\"\";s:14:\"custommessage1\";s:0:\"\";s:14:\"custommessage2\";s:0:\"\";s:14:\"custommessage3\";s:0:\"\";s:14:\"custommessage4\";s:0:\"\";s:14:\"custommessage5\";s:0:\"\";}'),
('mdc3mmudnuqnhufns9l1biljc3',	1398917678,	10800,	'Default|a:11:{s:11:\"initialized\";b:1;s:6:\"errors\";s:0:\"\";s:14:\"successmessage\";s:0:\"\";s:10:\"formvalues\";a:0:{}s:13:\"invitesuccess\";s:0:\"\";s:13:\"custommessage\";s:0:\"\";s:14:\"custommessage1\";s:0:\"\";s:14:\"custommessage2\";s:0:\"\";s:14:\"custommessage3\";s:0:\"\";s:14:\"custommessage4\";s:0:\"\";s:14:\"custommessage5\";s:0:\"\";}'),
('ml6m0r01s0lq8fp99hin7upj83',	1397563006,	10800,	'Default|a:11:{s:11:\"initialized\";b:1;s:6:\"errors\";s:0:\"\";s:14:\"successmessage\";s:0:\"\";s:10:\"formvalues\";a:0:{}s:13:\"invitesuccess\";s:0:\"\";s:13:\"custommessage\";s:0:\"\";s:14:\"custommessage1\";s:0:\"\";s:14:\"custommessage2\";s:0:\"\";s:14:\"custommessage3\";s:0:\"\";s:14:\"custommessage4\";s:0:\"\";s:14:\"custommessage5\";s:0:\"\";}'),
('ml8ist3jbe7f0k6ks8e1k9ku63',	1397199880,	10800,	'Default|a:11:{s:11:\"initialized\";b:1;s:6:\"errors\";s:0:\"\";s:14:\"successmessage\";s:0:\"\";s:10:\"formvalues\";a:0:{}s:13:\"invitesuccess\";s:0:\"\";s:13:\"custommessage\";s:0:\"\";s:14:\"custommessage1\";s:0:\"\";s:14:\"custommessage2\";s:0:\"\";s:14:\"custommessage3\";s:0:\"\";s:14:\"custommessage4\";s:0:\"\";s:14:\"custommessage5\";s:0:\"\";}'),
('mlaabh0dsp1jca6ktjvoi63q54',	1399039842,	10800,	'Default|a:11:{s:11:\"initialized\";b:1;s:6:\"errors\";s:0:\"\";s:14:\"successmessage\";s:0:\"\";s:10:\"formvalues\";a:0:{}s:13:\"invitesuccess\";s:0:\"\";s:13:\"custommessage\";s:0:\"\";s:14:\"custommessage1\";s:0:\"\";s:14:\"custommessage2\";s:0:\"\";s:14:\"custommessage3\";s:0:\"\";s:14:\"custommessage4\";s:0:\"\";s:14:\"custommessage5\";s:0:\"\";}'),
('mnprf46nco7a8gkj2mdm6l5356',	1398992498,	10800,	'Default|a:11:{s:11:\"initialized\";b:1;s:6:\"errors\";s:0:\"\";s:14:\"successmessage\";s:0:\"\";s:10:\"formvalues\";a:0:{}s:13:\"invitesuccess\";s:0:\"\";s:13:\"custommessage\";s:0:\"\";s:14:\"custommessage1\";s:0:\"\";s:14:\"custommessage2\";s:0:\"\";s:14:\"custommessage3\";s:0:\"\";s:14:\"custommessage4\";s:0:\"\";s:14:\"custommessage5\";s:0:\"\";}'),
('mrub2viek8vg0856o6g3erf4u7',	1399284391,	10800,	'Default|a:11:{s:11:\"initialized\";b:1;s:6:\"errors\";s:0:\"\";s:14:\"successmessage\";s:0:\"\";s:10:\"formvalues\";a:0:{}s:13:\"invitesuccess\";s:0:\"\";s:13:\"custommessage\";s:0:\"\";s:14:\"custommessage1\";s:0:\"\";s:14:\"custommessage2\";s:0:\"\";s:14:\"custommessage3\";s:0:\"\";s:14:\"custommessage4\";s:0:\"\";s:14:\"custommessage5\";s:0:\"\";}'),
('mtddun1q2rel8bj4q9ol04bn12',	1400830320,	10800,	'Default|a:11:{s:11:\"initialized\";b:1;s:6:\"errors\";s:0:\"\";s:14:\"successmessage\";s:0:\"\";s:10:\"formvalues\";a:0:{}s:13:\"invitesuccess\";s:0:\"\";s:13:\"custommessage\";s:0:\"\";s:14:\"custommessage1\";s:0:\"\";s:14:\"custommessage2\";s:0:\"\";s:14:\"custommessage3\";s:0:\"\";s:14:\"custommessage4\";s:0:\"\";s:14:\"custommessage5\";s:0:\"\";}'),
('n02ib9p9mf6t8egq695n0u57m4',	1397725149,	10800,	'Default|a:11:{s:11:\"initialized\";b:1;s:6:\"errors\";s:0:\"\";s:14:\"successmessage\";s:0:\"\";s:10:\"formvalues\";a:0:{}s:13:\"invitesuccess\";s:0:\"\";s:13:\"custommessage\";s:0:\"\";s:14:\"custommessage1\";s:0:\"\";s:14:\"custommessage2\";s:0:\"\";s:14:\"custommessage3\";s:0:\"\";s:14:\"custommessage4\";s:0:\"\";s:14:\"custommessage5\";s:0:\"\";}'),
('n3o2ktk22pahjb40irr9ie8hk7',	1398753291,	10800,	'Default|a:1:{s:11:\"initialized\";b:1;}'),
('n3pfmvfdfikigmeosae9rubt14',	1400073581,	10800,	'Default|a:11:{s:11:\"initialized\";b:1;s:6:\"errors\";s:0:\"\";s:14:\"successmessage\";s:0:\"\";s:10:\"formvalues\";a:0:{}s:13:\"invitesuccess\";s:0:\"\";s:13:\"custommessage\";s:0:\"\";s:14:\"custommessage1\";s:0:\"\";s:14:\"custommessage2\";s:0:\"\";s:14:\"custommessage3\";s:0:\"\";s:14:\"custommessage4\";s:0:\"\";s:14:\"custommessage5\";s:0:\"\";}'),
('n7i422n2aog7r4avnefmu5d1g6',	1397212497,	10800,	'Default|a:14:{s:11:\"initialized\";b:1;s:6:\"errors\";s:0:\"\";s:14:\"successmessage\";s:0:\"\";s:10:\"formvalues\";a:0:{}s:13:\"invitesuccess\";s:0:\"\";s:13:\"custommessage\";s:0:\"\";s:14:\"custommessage1\";s:0:\"\";s:14:\"custommessage2\";s:0:\"\";s:14:\"custommessage3\";s:0:\"\";s:14:\"custommessage4\";s:0:\"\";s:14:\"custommessage5\";s:0:\"\";s:6:\"userid\";s:1:\"1\";s:5:\"phone\";s:10:\"0836246789\";s:4:\"type\";s:1:\"1\";}'),
('njlkltg9mi1irvncgole995b56',	1398845128,	10800,	'Default|a:11:{s:11:\"initialized\";b:1;s:6:\"errors\";s:0:\"\";s:14:\"successmessage\";s:0:\"\";s:10:\"formvalues\";a:0:{}s:13:\"invitesuccess\";s:0:\"\";s:13:\"custommessage\";s:0:\"\";s:14:\"custommessage1\";s:0:\"\";s:14:\"custommessage2\";s:0:\"\";s:14:\"custommessage3\";s:0:\"\";s:14:\"custommessage4\";s:0:\"\";s:14:\"custommessage5\";s:0:\"\";}'),
('nk0rou7de55q04ted4amvnen71',	1398845222,	10800,	'Default|a:11:{s:11:\"initialized\";b:1;s:6:\"errors\";s:0:\"\";s:14:\"successmessage\";s:0:\"\";s:10:\"formvalues\";a:0:{}s:13:\"invitesuccess\";s:0:\"\";s:13:\"custommessage\";s:0:\"\";s:14:\"custommessage1\";s:0:\"\";s:14:\"custommessage2\";s:0:\"\";s:14:\"custommessage3\";s:0:\"\";s:14:\"custommessage4\";s:0:\"\";s:14:\"custommessage5\";s:0:\"\";}'),
('nl42veoh99baa2a6pv1i3257o7',	1397566069,	10800,	'Default|a:14:{s:14:\"successmessage\";s:0:\"\";s:11:\"initialized\";b:1;s:6:\"errors\";s:0:\"\";s:10:\"formvalues\";a:0:{}s:13:\"invitesuccess\";s:0:\"\";s:13:\"custommessage\";s:0:\"\";s:14:\"custommessage1\";s:0:\"\";s:14:\"custommessage2\";s:0:\"\";s:14:\"custommessage3\";s:0:\"\";s:14:\"custommessage4\";s:0:\"\";s:14:\"custommessage5\";s:0:\"\";s:6:\"userid\";s:2:\"53\";s:5:\"phone\";s:10:\"0488015000\";s:4:\"type\";s:1:\"6\";}'),
('nsntmj7t9mtepjopdn0j02icb3',	1398859703,	10800,	'Default|a:11:{s:11:\"initialized\";b:1;s:6:\"errors\";s:0:\"\";s:14:\"successmessage\";s:0:\"\";s:10:\"formvalues\";a:0:{}s:13:\"invitesuccess\";s:0:\"\";s:13:\"custommessage\";s:0:\"\";s:14:\"custommessage1\";s:0:\"\";s:14:\"custommessage2\";s:0:\"\";s:14:\"custommessage3\";s:0:\"\";s:14:\"custommessage4\";s:0:\"\";s:14:\"custommessage5\";s:0:\"\";}'),
('o3dp8429dtiu1s5ih7gaekca31',	1398847529,	10800,	'Default|a:11:{s:11:\"initialized\";b:1;s:6:\"errors\";s:0:\"\";s:14:\"successmessage\";s:0:\"\";s:10:\"formvalues\";a:0:{}s:13:\"invitesuccess\";s:0:\"\";s:13:\"custommessage\";s:0:\"\";s:14:\"custommessage1\";s:0:\"\";s:14:\"custommessage2\";s:0:\"\";s:14:\"custommessage3\";s:0:\"\";s:14:\"custommessage4\";s:0:\"\";s:14:\"custommessage5\";s:0:\"\";}'),
('o4t65dem1jmu2f1mum5jq3shc2',	1400074854,	10800,	'Default|a:11:{s:11:\"initialized\";b:1;s:6:\"errors\";s:0:\"\";s:14:\"successmessage\";s:0:\"\";s:10:\"formvalues\";a:0:{}s:13:\"invitesuccess\";s:0:\"\";s:13:\"custommessage\";s:0:\"\";s:14:\"custommessage1\";s:0:\"\";s:14:\"custommessage2\";s:0:\"\";s:14:\"custommessage3\";s:0:\"\";s:14:\"custommessage4\";s:0:\"\";s:14:\"custommessage5\";s:0:\"\";}'),
('o8qm37bmt9rjjt90u191lil0q0',	1399034005,	10800,	'Default|a:11:{s:11:\"initialized\";b:1;s:6:\"errors\";s:0:\"\";s:14:\"successmessage\";s:0:\"\";s:10:\"formvalues\";a:0:{}s:13:\"invitesuccess\";s:0:\"\";s:13:\"custommessage\";s:0:\"\";s:14:\"custommessage1\";s:0:\"\";s:14:\"custommessage2\";s:0:\"\";s:14:\"custommessage3\";s:0:\"\";s:14:\"custommessage4\";s:0:\"\";s:14:\"custommessage5\";s:0:\"\";}'),
('ochgsgkmj5acu2pqnigu8fv812',	1398169682,	10800,	'Default|a:11:{s:11:\"initialized\";b:1;s:6:\"errors\";s:0:\"\";s:14:\"successmessage\";s:0:\"\";s:10:\"formvalues\";a:0:{}s:13:\"invitesuccess\";s:0:\"\";s:13:\"custommessage\";s:0:\"\";s:14:\"custommessage1\";s:0:\"\";s:14:\"custommessage2\";s:0:\"\";s:14:\"custommessage3\";s:0:\"\";s:14:\"custommessage4\";s:0:\"\";s:14:\"custommessage5\";s:0:\"\";}'),
('odt02mctededromk9pkoubqbb5',	1398233694,	10800,	'Default|a:1:{s:11:\"initialized\";b:1;}'),
('oe7akahpuhir4u01peub6i1il3',	1398149666,	10800,	'Default|a:11:{s:11:\"initialized\";b:1;s:6:\"errors\";s:0:\"\";s:14:\"successmessage\";s:0:\"\";s:10:\"formvalues\";a:0:{}s:13:\"invitesuccess\";s:0:\"\";s:13:\"custommessage\";s:0:\"\";s:14:\"custommessage1\";s:0:\"\";s:14:\"custommessage2\";s:0:\"\";s:14:\"custommessage3\";s:0:\"\";s:14:\"custommessage4\";s:0:\"\";s:14:\"custommessage5\";s:0:\"\";}'),
('of7frmfle41tujbervd2n1m797',	1398159878,	10800,	'Default|a:14:{s:14:\"successmessage\";s:0:\"\";s:11:\"initialized\";b:1;s:6:\"errors\";s:0:\"\";s:10:\"formvalues\";a:0:{}s:13:\"invitesuccess\";s:0:\"\";s:13:\"custommessage\";s:0:\"\";s:14:\"custommessage1\";s:0:\"\";s:14:\"custommessage2\";s:0:\"\";s:14:\"custommessage3\";s:0:\"\";s:14:\"custommessage4\";s:0:\"\";s:14:\"custommessage5\";s:0:\"\";s:6:\"userid\";s:2:\"49\";s:5:\"phone\";s:10:\"0488015000\";s:4:\"type\";s:1:\"7\";}'),
('ohtoubf1374jac2egc4n12uke0',	1397827265,	10800,	'Default|a:11:{s:11:\"initialized\";b:1;s:6:\"errors\";s:0:\"\";s:14:\"successmessage\";s:0:\"\";s:10:\"formvalues\";a:0:{}s:13:\"invitesuccess\";s:0:\"\";s:13:\"custommessage\";s:0:\"\";s:14:\"custommessage1\";s:0:\"\";s:14:\"custommessage2\";s:0:\"\";s:14:\"custommessage3\";s:0:\"\";s:14:\"custommessage4\";s:0:\"\";s:14:\"custommessage5\";s:0:\"\";}'),
('okfqkuodu0h9rin0016csok985',	1398882901,	10800,	'Default|a:11:{s:11:\"initialized\";b:1;s:6:\"errors\";s:0:\"\";s:14:\"successmessage\";s:0:\"\";s:10:\"formvalues\";a:0:{}s:13:\"invitesuccess\";s:0:\"\";s:13:\"custommessage\";s:0:\"\";s:14:\"custommessage1\";s:0:\"\";s:14:\"custommessage2\";s:0:\"\";s:14:\"custommessage3\";s:0:\"\";s:14:\"custommessage4\";s:0:\"\";s:14:\"custommessage5\";s:0:\"\";}'),
('omi31df5meoe0761cnd754m5b6',	1398993806,	10800,	'Default|a:11:{s:11:\"initialized\";b:1;s:6:\"errors\";s:0:\"\";s:14:\"successmessage\";s:0:\"\";s:10:\"formvalues\";a:0:{}s:13:\"invitesuccess\";s:0:\"\";s:13:\"custommessage\";s:0:\"\";s:14:\"custommessage1\";s:0:\"\";s:14:\"custommessage2\";s:0:\"\";s:14:\"custommessage3\";s:0:\"\";s:14:\"custommessage4\";s:0:\"\";s:14:\"custommessage5\";s:0:\"\";}'),
('ontgcojhmooi1l8hhcphmpmaj4',	1397468246,	10800,	'Default|a:11:{s:11:\"initialized\";b:1;s:6:\"errors\";s:0:\"\";s:14:\"successmessage\";s:0:\"\";s:10:\"formvalues\";a:0:{}s:13:\"invitesuccess\";s:0:\"\";s:13:\"custommessage\";s:0:\"\";s:14:\"custommessage1\";s:0:\"\";s:14:\"custommessage2\";s:0:\"\";s:14:\"custommessage3\";s:0:\"\";s:14:\"custommessage4\";s:0:\"\";s:14:\"custommessage5\";s:0:\"\";}'),
('or30bmmq5p4gv9jrn514mi7125',	1398913446,	10800,	'Default|a:11:{s:11:\"initialized\";b:1;s:6:\"errors\";s:0:\"\";s:14:\"successmessage\";s:0:\"\";s:10:\"formvalues\";a:0:{}s:13:\"invitesuccess\";s:0:\"\";s:13:\"custommessage\";s:0:\"\";s:14:\"custommessage1\";s:0:\"\";s:14:\"custommessage2\";s:0:\"\";s:14:\"custommessage3\";s:0:\"\";s:14:\"custommessage4\";s:0:\"\";s:14:\"custommessage5\";s:0:\"\";}'),
('ot759tu1vc5nmmmk1jegqkdig4',	1400140931,	10800,	'Default|a:14:{s:11:\"initialized\";b:1;s:6:\"errors\";s:0:\"\";s:14:\"successmessage\";s:0:\"\";s:10:\"formvalues\";a:0:{}s:13:\"invitesuccess\";s:0:\"\";s:13:\"custommessage\";s:0:\"\";s:14:\"custommessage1\";s:0:\"\";s:14:\"custommessage2\";s:0:\"\";s:14:\"custommessage3\";s:0:\"\";s:14:\"custommessage4\";s:0:\"\";s:14:\"custommessage5\";s:0:\"\";s:6:\"userid\";s:2:\"49\";s:5:\"phone\";s:10:\"0488015000\";s:4:\"type\";s:1:\"7\";}'),
('ovh0qg3m4c11sccat18ql9b9h7',	1397464215,	10800,	'Default|a:11:{s:11:\"initialized\";b:1;s:6:\"errors\";s:0:\"\";s:14:\"successmessage\";s:0:\"\";s:10:\"formvalues\";a:0:{}s:13:\"invitesuccess\";s:0:\"\";s:13:\"custommessage\";s:0:\"\";s:14:\"custommessage1\";s:0:\"\";s:14:\"custommessage2\";s:0:\"\";s:14:\"custommessage3\";s:0:\"\";s:14:\"custommessage4\";s:0:\"\";s:14:\"custommessage5\";s:0:\"\";}'),
('p5ss0971rsq7crth4ekgmv12f0',	1400070949,	10800,	'Default|a:11:{s:11:\"initialized\";b:1;s:6:\"errors\";s:0:\"\";s:14:\"successmessage\";s:0:\"\";s:10:\"formvalues\";a:0:{}s:13:\"invitesuccess\";s:0:\"\";s:13:\"custommessage\";s:0:\"\";s:14:\"custommessage1\";s:0:\"\";s:14:\"custommessage2\";s:0:\"\";s:14:\"custommessage3\";s:0:\"\";s:14:\"custommessage4\";s:0:\"\";s:14:\"custommessage5\";s:0:\"\";}'),
('pbgr26inoo91mj3pfbcsfide90',	1400076236,	10800,	'Default|a:11:{s:11:\"initialized\";b:1;s:6:\"errors\";s:0:\"\";s:14:\"successmessage\";s:0:\"\";s:10:\"formvalues\";a:0:{}s:13:\"invitesuccess\";s:0:\"\";s:13:\"custommessage\";s:0:\"\";s:14:\"custommessage1\";s:0:\"\";s:14:\"custommessage2\";s:0:\"\";s:14:\"custommessage3\";s:0:\"\";s:14:\"custommessage4\";s:0:\"\";s:14:\"custommessage5\";s:0:\"\";}'),
('pcd673jkb03i2d0nhn9952hjl4',	1397923055,	10800,	'Default|a:11:{s:11:\"initialized\";b:1;s:6:\"errors\";s:0:\"\";s:14:\"successmessage\";s:0:\"\";s:10:\"formvalues\";a:0:{}s:13:\"invitesuccess\";s:0:\"\";s:13:\"custommessage\";s:0:\"\";s:14:\"custommessage1\";s:0:\"\";s:14:\"custommessage2\";s:0:\"\";s:14:\"custommessage3\";s:0:\"\";s:14:\"custommessage4\";s:0:\"\";s:14:\"custommessage5\";s:0:\"\";}'),
('pciq3816bciekmv4b39e2jahm3',	1399031088,	10800,	'Default|a:11:{s:11:\"initialized\";b:1;s:6:\"errors\";s:0:\"\";s:14:\"successmessage\";s:0:\"\";s:10:\"formvalues\";a:0:{}s:13:\"invitesuccess\";s:0:\"\";s:13:\"custommessage\";s:0:\"\";s:14:\"custommessage1\";s:0:\"\";s:14:\"custommessage2\";s:0:\"\";s:14:\"custommessage3\";s:0:\"\";s:14:\"custommessage4\";s:0:\"\";s:14:\"custommessage5\";s:0:\"\";}'),
('pcs1fu1si0fgkql6jft6ktem27',	1397921112,	10800,	'Default|a:20:{s:11:\"initialized\";b:1;s:6:\"errors\";s:0:\"\";s:14:\"successmessage\";s:0:\"\";s:10:\"formvalues\";a:0:{}s:13:\"invitesuccess\";s:0:\"\";s:13:\"custommessage\";s:0:\"\";s:14:\"custommessage1\";s:0:\"\";s:14:\"custommessage2\";s:0:\"\";s:14:\"custommessage3\";s:0:\"\";s:14:\"custommessage4\";s:0:\"\";s:14:\"custommessage5\";s:0:\"\";s:6:\"userid\";s:2:\"39\";s:5:\"phone\";s:0:\"\";s:4:\"type\";s:1:\"1\";s:20:\"logquerynotification\";s:0:\"\";s:16:\"itemcountperpage\";s:2:\"10\";s:30:\"clientstatusupdatenotification\";s:0:\"\";s:6:\"unread\";s:1:\"0\";s:10:\"newmsghtml\";s:137:\"<a title=\"Messages\" href=\"/public/message/list\"><img src=\"/public/images/email.png\">Messages (<label class=\"unread\">0 Unread</label>)</a>\";s:9:\"msgreturn\";s:4:\"json\";}'),
('pi3s7rpg1vti1ad1aocknub0h0',	1398233702,	10800,	'Default|a:11:{s:11:\"initialized\";b:1;s:6:\"errors\";s:0:\"\";s:14:\"successmessage\";s:0:\"\";s:10:\"formvalues\";a:0:{}s:13:\"invitesuccess\";s:0:\"\";s:13:\"custommessage\";s:0:\"\";s:14:\"custommessage1\";s:0:\"\";s:14:\"custommessage2\";s:0:\"\";s:14:\"custommessage3\";s:0:\"\";s:14:\"custommessage4\";s:0:\"\";s:14:\"custommessage5\";s:0:\"\";}'),
('pinn07r77aucl98nfnoeemav81',	1398158248,	10800,	'Default|a:11:{s:11:\"initialized\";b:1;s:6:\"errors\";s:0:\"\";s:14:\"successmessage\";s:0:\"\";s:10:\"formvalues\";a:0:{}s:13:\"invitesuccess\";s:0:\"\";s:13:\"custommessage\";s:0:\"\";s:14:\"custommessage1\";s:0:\"\";s:14:\"custommessage2\";s:0:\"\";s:14:\"custommessage3\";s:0:\"\";s:14:\"custommessage4\";s:0:\"\";s:14:\"custommessage5\";s:0:\"\";}'),
('pkl23gr389t7cs109a6mhuhen5',	1398233694,	10800,	'Default|a:11:{s:11:\"initialized\";b:1;s:6:\"errors\";s:0:\"\";s:14:\"successmessage\";s:0:\"\";s:10:\"formvalues\";a:0:{}s:13:\"invitesuccess\";s:0:\"\";s:13:\"custommessage\";s:0:\"\";s:14:\"custommessage1\";s:0:\"\";s:14:\"custommessage2\";s:0:\"\";s:14:\"custommessage3\";s:0:\"\";s:14:\"custommessage4\";s:0:\"\";s:14:\"custommessage5\";s:0:\"\";}'),
('pkqv7aeuavfoq3p870d3ep5db1',	1398882900,	10800,	'Default|a:11:{s:11:\"initialized\";b:1;s:6:\"errors\";s:0:\"\";s:14:\"successmessage\";s:0:\"\";s:10:\"formvalues\";a:0:{}s:13:\"invitesuccess\";s:0:\"\";s:13:\"custommessage\";s:0:\"\";s:14:\"custommessage1\";s:0:\"\";s:14:\"custommessage2\";s:0:\"\";s:14:\"custommessage3\";s:0:\"\";s:14:\"custommessage4\";s:0:\"\";s:14:\"custommessage5\";s:0:\"\";}'),
('plgpfdc65cl2gpca4b3uve3j42',	1398235340,	10800,	'Default|a:16:{s:11:\"initialized\";b:1;s:6:\"errors\";s:0:\"\";s:14:\"successmessage\";s:0:\"\";s:10:\"formvalues\";a:0:{}s:13:\"invitesuccess\";s:0:\"\";s:13:\"custommessage\";s:0:\"\";s:14:\"custommessage1\";s:0:\"\";s:14:\"custommessage2\";s:0:\"\";s:14:\"custommessage3\";s:0:\"\";s:14:\"custommessage4\";s:0:\"\";s:14:\"custommessage5\";s:0:\"\";s:6:\"userid\";s:2:\"67\";s:5:\"phone\";s:10:\"0488015119\";s:4:\"type\";s:1:\"2\";s:32:\"departmentallocationnotification\";s:0:\"\";s:28:\"clientallocationnotification\";s:0:\"\";}'),
('ppjo5dnbs5ks94dgn025vmir36',	1400068495,	10800,	'Default|a:11:{s:11:\"initialized\";b:1;s:6:\"errors\";s:0:\"\";s:14:\"successmessage\";s:0:\"\";s:10:\"formvalues\";a:0:{}s:13:\"invitesuccess\";s:0:\"\";s:13:\"custommessage\";s:0:\"\";s:14:\"custommessage1\";s:0:\"\";s:14:\"custommessage2\";s:0:\"\";s:14:\"custommessage3\";s:0:\"\";s:14:\"custommessage4\";s:0:\"\";s:14:\"custommessage5\";s:0:\"\";}'),
('ppjtfu71v136e3ob0nuv462f70',	1400772328,	10800,	'Default|a:11:{s:11:\"initialized\";b:1;s:6:\"errors\";s:0:\"\";s:14:\"successmessage\";s:0:\"\";s:10:\"formvalues\";a:0:{}s:13:\"invitesuccess\";s:0:\"\";s:13:\"custommessage\";s:0:\"\";s:14:\"custommessage1\";s:0:\"\";s:14:\"custommessage2\";s:0:\"\";s:14:\"custommessage3\";s:0:\"\";s:14:\"custommessage4\";s:0:\"\";s:14:\"custommessage5\";s:0:\"\";}'),
('pprv2lu9epkgefnhuada0hfag6',	1398882260,	10800,	'Default|a:11:{s:11:\"initialized\";b:1;s:6:\"errors\";s:0:\"\";s:14:\"successmessage\";s:0:\"\";s:10:\"formvalues\";a:0:{}s:13:\"invitesuccess\";s:0:\"\";s:13:\"custommessage\";s:0:\"\";s:14:\"custommessage1\";s:0:\"\";s:14:\"custommessage2\";s:0:\"\";s:14:\"custommessage3\";s:0:\"\";s:14:\"custommessage4\";s:0:\"\";s:14:\"custommessage5\";s:0:\"\";}'),
('pqccteu33rpe7vpl3l12j25s21',	1398234454,	10800,	'Default|a:1:{s:11:\"initialized\";b:1;}'),
('pqe90n9hvefd6lsergpck1gdr2',	1398149490,	10800,	'Default|a:11:{s:11:\"initialized\";b:1;s:6:\"errors\";s:0:\"\";s:14:\"successmessage\";s:0:\"\";s:10:\"formvalues\";a:0:{}s:13:\"invitesuccess\";s:0:\"\";s:13:\"custommessage\";s:0:\"\";s:14:\"custommessage1\";s:0:\"\";s:14:\"custommessage2\";s:0:\"\";s:14:\"custommessage3\";s:0:\"\";s:14:\"custommessage4\";s:0:\"\";s:14:\"custommessage5\";s:0:\"\";}'),
('prce4p9ajpioq73tf3t1nlae23',	1398882901,	10800,	'Default|a:11:{s:11:\"initialized\";b:1;s:6:\"errors\";s:0:\"\";s:14:\"successmessage\";s:0:\"\";s:10:\"formvalues\";a:0:{}s:13:\"invitesuccess\";s:0:\"\";s:13:\"custommessage\";s:0:\"\";s:14:\"custommessage1\";s:0:\"\";s:14:\"custommessage2\";s:0:\"\";s:14:\"custommessage3\";s:0:\"\";s:14:\"custommessage4\";s:0:\"\";s:14:\"custommessage5\";s:0:\"\";}'),
('pt9evh1hvb5m8srr8kposvjbb7',	1398915057,	10800,	'Default|a:11:{s:11:\"initialized\";b:1;s:6:\"errors\";s:0:\"\";s:14:\"successmessage\";s:0:\"\";s:10:\"formvalues\";a:0:{}s:13:\"invitesuccess\";s:0:\"\";s:13:\"custommessage\";s:0:\"\";s:14:\"custommessage1\";s:0:\"\";s:14:\"custommessage2\";s:0:\"\";s:14:\"custommessage3\";s:0:\"\";s:14:\"custommessage4\";s:0:\"\";s:14:\"custommessage5\";s:0:\"\";}'),
('q1onds4tn9qpeospddujpabpn1',	1400074583,	10800,	'Default|a:11:{s:11:\"initialized\";b:1;s:6:\"errors\";s:0:\"\";s:14:\"successmessage\";s:0:\"\";s:10:\"formvalues\";a:0:{}s:13:\"invitesuccess\";s:0:\"\";s:13:\"custommessage\";s:0:\"\";s:14:\"custommessage1\";s:0:\"\";s:14:\"custommessage2\";s:0:\"\";s:14:\"custommessage3\";s:0:\"\";s:14:\"custommessage4\";s:0:\"\";s:14:\"custommessage5\";s:0:\"\";}'),
('qbqbrtfoe1rk2g35dt5qt811p4',	1400135362,	10800,	'Default|a:11:{s:11:\"initialized\";b:1;s:6:\"errors\";s:0:\"\";s:14:\"successmessage\";s:0:\"\";s:10:\"formvalues\";a:0:{}s:13:\"invitesuccess\";s:0:\"\";s:13:\"custommessage\";s:0:\"\";s:14:\"custommessage1\";s:0:\"\";s:14:\"custommessage2\";s:0:\"\";s:14:\"custommessage3\";s:0:\"\";s:14:\"custommessage4\";s:0:\"\";s:14:\"custommessage5\";s:0:\"\";}'),
('qc9qsm2dgroqijjqblppie4de7',	1398779973,	10800,	'Default|a:11:{s:11:\"initialized\";b:1;s:6:\"errors\";s:0:\"\";s:14:\"successmessage\";s:0:\"\";s:10:\"formvalues\";a:0:{}s:13:\"invitesuccess\";s:0:\"\";s:13:\"custommessage\";s:0:\"\";s:14:\"custommessage1\";s:0:\"\";s:14:\"custommessage2\";s:0:\"\";s:14:\"custommessage3\";s:0:\"\";s:14:\"custommessage4\";s:0:\"\";s:14:\"custommessage5\";s:0:\"\";}'),
('qe33s8ktuns2iscj1qvl89fkl5',	1397470512,	10800,	'Default|a:14:{s:11:\"initialized\";b:1;s:6:\"errors\";s:0:\"\";s:14:\"successmessage\";s:0:\"\";s:10:\"formvalues\";a:0:{}s:13:\"invitesuccess\";s:0:\"\";s:13:\"custommessage\";s:0:\"\";s:14:\"custommessage1\";s:0:\"\";s:14:\"custommessage2\";s:0:\"\";s:14:\"custommessage3\";s:0:\"\";s:14:\"custommessage4\";s:0:\"\";s:14:\"custommessage5\";s:0:\"\";s:6:\"userid\";s:2:\"59\";s:5:\"phone\";s:10:\"0488015089\";s:4:\"type\";s:1:\"3\";}'),
('qtkd3ja0e5ufpa1p261viji3b5',	1400659306,	10800,	'Default|a:11:{s:11:\"initialized\";b:1;s:6:\"errors\";s:0:\"\";s:14:\"successmessage\";s:0:\"\";s:10:\"formvalues\";a:0:{}s:13:\"invitesuccess\";s:0:\"\";s:13:\"custommessage\";s:0:\"\";s:14:\"custommessage1\";s:0:\"\";s:14:\"custommessage2\";s:0:\"\";s:14:\"custommessage3\";s:0:\"\";s:14:\"custommessage4\";s:0:\"\";s:14:\"custommessage5\";s:0:\"\";}'),
('r0k0s244j4q7iientjv7eccqj6',	1398322294,	10800,	'Default|a:11:{s:11:\"initialized\";b:1;s:6:\"errors\";s:0:\"\";s:14:\"successmessage\";s:0:\"\";s:10:\"formvalues\";a:0:{}s:13:\"invitesuccess\";s:0:\"\";s:13:\"custommessage\";s:0:\"\";s:14:\"custommessage1\";s:0:\"\";s:14:\"custommessage2\";s:0:\"\";s:14:\"custommessage3\";s:0:\"\";s:14:\"custommessage4\";s:0:\"\";s:14:\"custommessage5\";s:0:\"\";}'),
('r2em1iqijvdgimrdf5na529cp4',	1398882901,	10800,	'Default|a:11:{s:11:\"initialized\";b:1;s:6:\"errors\";s:0:\"\";s:14:\"successmessage\";s:0:\"\";s:10:\"formvalues\";a:0:{}s:13:\"invitesuccess\";s:0:\"\";s:13:\"custommessage\";s:0:\"\";s:14:\"custommessage1\";s:0:\"\";s:14:\"custommessage2\";s:0:\"\";s:14:\"custommessage3\";s:0:\"\";s:14:\"custommessage4\";s:0:\"\";s:14:\"custommessage5\";s:0:\"\";}'),
('r3mdgaid678jmpkfql4bk8vdm3',	1398882900,	10800,	'Default|a:11:{s:11:\"initialized\";b:1;s:6:\"errors\";s:0:\"\";s:14:\"successmessage\";s:0:\"\";s:10:\"formvalues\";a:0:{}s:13:\"invitesuccess\";s:0:\"\";s:13:\"custommessage\";s:0:\"\";s:14:\"custommessage1\";s:0:\"\";s:14:\"custommessage2\";s:0:\"\";s:14:\"custommessage3\";s:0:\"\";s:14:\"custommessage4\";s:0:\"\";s:14:\"custommessage5\";s:0:\"\";}'),
('rcdd9c32pv9j8vj5rr0ehjk8r3',	1399187182,	10800,	'Default|a:11:{s:11:\"initialized\";b:1;s:6:\"errors\";s:0:\"\";s:14:\"successmessage\";s:0:\"\";s:10:\"formvalues\";a:0:{}s:13:\"invitesuccess\";s:0:\"\";s:13:\"custommessage\";s:0:\"\";s:14:\"custommessage1\";s:0:\"\";s:14:\"custommessage2\";s:0:\"\";s:14:\"custommessage3\";s:0:\"\";s:14:\"custommessage4\";s:0:\"\";s:14:\"custommessage5\";s:0:\"\";}'),
('re6fjat57rbvte1vcajpcgq951',	1399559253,	10800,	'Default|a:11:{s:11:\"initialized\";b:1;s:6:\"errors\";s:0:\"\";s:14:\"successmessage\";s:0:\"\";s:10:\"formvalues\";a:0:{}s:13:\"invitesuccess\";s:0:\"\";s:13:\"custommessage\";s:0:\"\";s:14:\"custommessage1\";s:0:\"\";s:14:\"custommessage2\";s:0:\"\";s:14:\"custommessage3\";s:0:\"\";s:14:\"custommessage4\";s:0:\"\";s:14:\"custommessage5\";s:0:\"\";}'),
('rfq8bgdqofasej140eaobueqg2',	1400074648,	10800,	'Default|a:11:{s:11:\"initialized\";b:1;s:6:\"errors\";s:0:\"\";s:14:\"successmessage\";s:0:\"\";s:10:\"formvalues\";a:0:{}s:13:\"invitesuccess\";s:0:\"\";s:13:\"custommessage\";s:0:\"\";s:14:\"custommessage1\";s:0:\"\";s:14:\"custommessage2\";s:0:\"\";s:14:\"custommessage3\";s:0:\"\";s:14:\"custommessage4\";s:0:\"\";s:14:\"custommessage5\";s:0:\"\";}'),
('rkqssie6nan5urhkabu69m90t1',	1399010742,	10800,	'Default|a:11:{s:11:\"initialized\";b:1;s:6:\"errors\";s:0:\"\";s:14:\"successmessage\";s:0:\"\";s:10:\"formvalues\";a:0:{}s:13:\"invitesuccess\";s:0:\"\";s:13:\"custommessage\";s:0:\"\";s:14:\"custommessage1\";s:0:\"\";s:14:\"custommessage2\";s:0:\"\";s:14:\"custommessage3\";s:0:\"\";s:14:\"custommessage4\";s:0:\"\";s:14:\"custommessage5\";s:0:\"\";}'),
('rli49psjg53scri6oaesbk4ik5',	1400605586,	10800,	'Default|a:11:{s:11:\"initialized\";b:1;s:6:\"errors\";s:0:\"\";s:14:\"successmessage\";s:0:\"\";s:10:\"formvalues\";a:0:{}s:13:\"invitesuccess\";s:0:\"\";s:13:\"custommessage\";s:0:\"\";s:14:\"custommessage1\";s:0:\"\";s:14:\"custommessage2\";s:0:\"\";s:14:\"custommessage3\";s:0:\"\";s:14:\"custommessage4\";s:0:\"\";s:14:\"custommessage5\";s:0:\"\";}'),
('rmfccgdgmn2ptu97pel7d8pt13',	1400840756,	10800,	'Default|a:11:{s:11:\"initialized\";b:1;s:6:\"errors\";s:0:\"\";s:14:\"successmessage\";s:0:\"\";s:10:\"formvalues\";a:0:{}s:13:\"invitesuccess\";s:0:\"\";s:13:\"custommessage\";s:0:\"\";s:14:\"custommessage1\";s:0:\"\";s:14:\"custommessage2\";s:0:\"\";s:14:\"custommessage3\";s:0:\"\";s:14:\"custommessage4\";s:0:\"\";s:14:\"custommessage5\";s:0:\"\";}'),
('s0b78tvj4tvsjvod18b6ki8l27',	1398845262,	10800,	'Default|a:11:{s:11:\"initialized\";b:1;s:6:\"errors\";s:0:\"\";s:14:\"successmessage\";s:0:\"\";s:10:\"formvalues\";a:0:{}s:13:\"invitesuccess\";s:0:\"\";s:13:\"custommessage\";s:0:\"\";s:14:\"custommessage1\";s:0:\"\";s:14:\"custommessage2\";s:0:\"\";s:14:\"custommessage3\";s:0:\"\";s:14:\"custommessage4\";s:0:\"\";s:14:\"custommessage5\";s:0:\"\";}'),
('s3c01gtoluv62c02u4t51kt3a0',	1398766162,	10800,	'Default|a:11:{s:11:\"initialized\";b:1;s:6:\"errors\";s:0:\"\";s:14:\"successmessage\";s:0:\"\";s:10:\"formvalues\";a:0:{}s:13:\"invitesuccess\";s:0:\"\";s:13:\"custommessage\";s:0:\"\";s:14:\"custommessage1\";s:0:\"\";s:14:\"custommessage2\";s:0:\"\";s:14:\"custommessage3\";s:0:\"\";s:14:\"custommessage4\";s:0:\"\";s:14:\"custommessage5\";s:0:\"\";}'),
('s64rdiuvfljo2pt1fcned3ot51',	1400071794,	10800,	'Default|a:11:{s:11:\"initialized\";b:1;s:6:\"errors\";s:0:\"\";s:14:\"successmessage\";s:0:\"\";s:10:\"formvalues\";a:0:{}s:13:\"invitesuccess\";s:0:\"\";s:13:\"custommessage\";s:0:\"\";s:14:\"custommessage1\";s:0:\"\";s:14:\"custommessage2\";s:0:\"\";s:14:\"custommessage3\";s:0:\"\";s:14:\"custommessage4\";s:0:\"\";s:14:\"custommessage5\";s:0:\"\";}'),
('s6g9dl0va4s14lu0iffeetbcl0',	1397202500,	10800,	'Default|a:14:{s:14:\"successmessage\";s:0:\"\";s:11:\"initialized\";b:1;s:6:\"errors\";s:0:\"\";s:10:\"formvalues\";a:0:{}s:13:\"invitesuccess\";s:0:\"\";s:13:\"custommessage\";s:0:\"\";s:14:\"custommessage1\";s:0:\"\";s:14:\"custommessage2\";s:0:\"\";s:14:\"custommessage3\";s:0:\"\";s:14:\"custommessage4\";s:0:\"\";s:14:\"custommessage5\";s:0:\"\";s:6:\"userid\";s:2:\"55\";s:5:\"phone\";s:10:\"0498021380\";s:4:\"type\";s:1:\"3\";}'),
('s935aa0jt83ckl5f2vm5o46337',	1400930119,	10800,	'Default|a:15:{s:11:\"initialized\";b:1;s:6:\"errors\";s:0:\"\";s:14:\"successmessage\";s:0:\"\";s:10:\"formvalues\";a:0:{}s:13:\"invitesuccess\";s:0:\"\";s:13:\"custommessage\";s:0:\"\";s:14:\"custommessage1\";s:0:\"\";s:14:\"custommessage2\";s:0:\"\";s:14:\"custommessage3\";s:0:\"\";s:14:\"custommessage4\";s:0:\"\";s:14:\"custommessage5\";s:0:\"\";s:6:\"userid\";s:2:\"39\";s:5:\"phone\";s:0:\"\";s:4:\"type\";s:1:\"1\";s:16:\"itemcountperpage\";s:2:\"25\";}'),
('sau1m9u075bk3j663j2gl0q2u5',	1397580108,	10800,	'Default|a:11:{s:11:\"initialized\";b:1;s:6:\"errors\";s:0:\"\";s:14:\"successmessage\";s:0:\"\";s:10:\"formvalues\";a:0:{}s:13:\"invitesuccess\";s:0:\"\";s:13:\"custommessage\";s:0:\"\";s:14:\"custommessage1\";s:0:\"\";s:14:\"custommessage2\";s:0:\"\";s:14:\"custommessage3\";s:0:\"\";s:14:\"custommessage4\";s:0:\"\";s:14:\"custommessage5\";s:0:\"\";}'),
('skqk3c3bpa2sa91qpmvadb1m03',	1398323063,	10800,	'Default|a:11:{s:11:\"initialized\";b:1;s:6:\"errors\";s:0:\"\";s:14:\"successmessage\";s:0:\"\";s:10:\"formvalues\";a:0:{}s:13:\"invitesuccess\";s:0:\"\";s:13:\"custommessage\";s:0:\"\";s:14:\"custommessage1\";s:0:\"\";s:14:\"custommessage2\";s:0:\"\";s:14:\"custommessage3\";s:0:\"\";s:14:\"custommessage4\";s:0:\"\";s:14:\"custommessage5\";s:0:\"\";}'),
('skr9shmvk0bobmq8ha41sdesd5',	1398882897,	10800,	'Default|a:1:{s:11:\"initialized\";b:1;}'),
('spvq3a22b7kgh7hrkhikedc6n0',	1400752924,	10800,	'Default|a:11:{s:11:\"initialized\";b:1;s:6:\"errors\";s:0:\"\";s:14:\"successmessage\";s:0:\"\";s:10:\"formvalues\";a:0:{}s:13:\"invitesuccess\";s:0:\"\";s:13:\"custommessage\";s:0:\"\";s:14:\"custommessage1\";s:0:\"\";s:14:\"custommessage2\";s:0:\"\";s:14:\"custommessage3\";s:0:\"\";s:14:\"custommessage4\";s:0:\"\";s:14:\"custommessage5\";s:0:\"\";}'),
('sqobrmkohokb22qmfflqrnoi27',	1400082148,	10800,	'Default|a:11:{s:11:\"initialized\";b:1;s:6:\"errors\";s:0:\"\";s:14:\"successmessage\";s:0:\"\";s:10:\"formvalues\";a:0:{}s:13:\"invitesuccess\";s:0:\"\";s:13:\"custommessage\";s:0:\"\";s:14:\"custommessage1\";s:0:\"\";s:14:\"custommessage2\";s:0:\"\";s:14:\"custommessage3\";s:0:\"\";s:14:\"custommessage4\";s:0:\"\";s:14:\"custommessage5\";s:0:\"\";}'),
('t63de1h54rufj6bsijkb32ado5',	1397411703,	10800,	'Default|a:11:{s:11:\"initialized\";b:1;s:6:\"errors\";s:0:\"\";s:14:\"successmessage\";s:0:\"\";s:10:\"formvalues\";a:0:{}s:13:\"invitesuccess\";s:0:\"\";s:13:\"custommessage\";s:0:\"\";s:14:\"custommessage1\";s:0:\"\";s:14:\"custommessage2\";s:0:\"\";s:14:\"custommessage3\";s:0:\"\";s:14:\"custommessage4\";s:0:\"\";s:14:\"custommessage5\";s:0:\"\";}'),
('t6pom2iurnum3hn9nah17c3ha4',	1398841994,	10800,	'Default|a:11:{s:11:\"initialized\";b:1;s:6:\"errors\";s:0:\"\";s:14:\"successmessage\";s:0:\"\";s:10:\"formvalues\";a:0:{}s:13:\"invitesuccess\";s:0:\"\";s:13:\"custommessage\";s:0:\"\";s:14:\"custommessage1\";s:0:\"\";s:14:\"custommessage2\";s:0:\"\";s:14:\"custommessage3\";s:0:\"\";s:14:\"custommessage4\";s:0:\"\";s:14:\"custommessage5\";s:0:\"\";}'),
('t80fmfrdfrfn1k0k4bm0ij8em6',	1400068478,	10800,	'Default|a:11:{s:11:\"initialized\";b:1;s:6:\"errors\";s:0:\"\";s:14:\"successmessage\";s:0:\"\";s:10:\"formvalues\";a:0:{}s:13:\"invitesuccess\";s:0:\"\";s:13:\"custommessage\";s:0:\"\";s:14:\"custommessage1\";s:0:\"\";s:14:\"custommessage2\";s:0:\"\";s:14:\"custommessage3\";s:0:\"\";s:14:\"custommessage4\";s:0:\"\";s:14:\"custommessage5\";s:0:\"\";}'),
('ta19cau5s14ticsnp0cik0j7j0',	1398787324,	10800,	'Default|a:11:{s:11:\"initialized\";b:1;s:6:\"errors\";s:0:\"\";s:14:\"successmessage\";s:0:\"\";s:10:\"formvalues\";a:0:{}s:13:\"invitesuccess\";s:0:\"\";s:13:\"custommessage\";s:0:\"\";s:14:\"custommessage1\";s:0:\"\";s:14:\"custommessage2\";s:0:\"\";s:14:\"custommessage3\";s:0:\"\";s:14:\"custommessage4\";s:0:\"\";s:14:\"custommessage5\";s:0:\"\";}'),
('takt6c2f8uot51dd5elfbmgvv0',	1399003432,	10800,	'Default|a:11:{s:11:\"initialized\";b:1;s:6:\"errors\";s:0:\"\";s:14:\"successmessage\";s:0:\"\";s:10:\"formvalues\";a:0:{}s:13:\"invitesuccess\";s:0:\"\";s:13:\"custommessage\";s:0:\"\";s:14:\"custommessage1\";s:0:\"\";s:14:\"custommessage2\";s:0:\"\";s:14:\"custommessage3\";s:0:\"\";s:14:\"custommessage4\";s:0:\"\";s:14:\"custommessage5\";s:0:\"\";}'),
('tc1kuaeivmlrfvifremoipda03',	1398844399,	10800,	'Default|a:11:{s:11:\"initialized\";b:1;s:6:\"errors\";s:0:\"\";s:14:\"successmessage\";s:0:\"\";s:10:\"formvalues\";a:0:{}s:13:\"invitesuccess\";s:0:\"\";s:13:\"custommessage\";s:0:\"\";s:14:\"custommessage1\";s:0:\"\";s:14:\"custommessage2\";s:0:\"\";s:14:\"custommessage3\";s:0:\"\";s:14:\"custommessage4\";s:0:\"\";s:14:\"custommessage5\";s:0:\"\";}'),
('te5da4ak3s5t0um7h526p88qe7',	1398882901,	10800,	'Default|a:11:{s:11:\"initialized\";b:1;s:6:\"errors\";s:0:\"\";s:14:\"successmessage\";s:0:\"\";s:10:\"formvalues\";a:0:{}s:13:\"invitesuccess\";s:0:\"\";s:13:\"custommessage\";s:0:\"\";s:14:\"custommessage1\";s:0:\"\";s:14:\"custommessage2\";s:0:\"\";s:14:\"custommessage3\";s:0:\"\";s:14:\"custommessage4\";s:0:\"\";s:14:\"custommessage5\";s:0:\"\";}'),
('tgqj47gs1l15e12iac6gaktv22',	1398233870,	10800,	'Default|a:1:{s:11:\"initialized\";b:1;}'),
('tjm2919u741el7mr58mmqddir6',	1397541934,	10800,	'Default|a:14:{s:11:\"initialized\";b:1;s:6:\"errors\";s:47:\"The following errors occured <ul><li></li></ul>\";s:14:\"successmessage\";s:0:\"\";s:10:\"formvalues\";a:3:{s:10:\"controller\";s:7:\"profile\";s:6:\"action\";s:14:\"processpicture\";s:6:\"module\";s:7:\"default\";}s:13:\"invitesuccess\";s:0:\"\";s:13:\"custommessage\";s:0:\"\";s:14:\"custommessage1\";s:0:\"\";s:14:\"custommessage2\";s:0:\"\";s:14:\"custommessage3\";s:0:\"\";s:14:\"custommessage4\";s:0:\"\";s:14:\"custommessage5\";s:0:\"\";s:6:\"userid\";s:2:\"63\";s:5:\"phone\";s:10:\"0835468723\";s:4:\"type\";s:1:\"3\";}'),
('tqgq57n0rv96fm6holjjk2adi6',	1397733172,	10800,	'Default|a:11:{s:11:\"initialized\";b:1;s:6:\"errors\";s:0:\"\";s:14:\"successmessage\";s:0:\"\";s:10:\"formvalues\";a:0:{}s:13:\"invitesuccess\";s:0:\"\";s:13:\"custommessage\";s:0:\"\";s:14:\"custommessage1\";s:0:\"\";s:14:\"custommessage2\";s:0:\"\";s:14:\"custommessage3\";s:0:\"\";s:14:\"custommessage4\";s:0:\"\";s:14:\"custommessage5\";s:0:\"\";}'),
('trtrp1h0dgffpe0hqse2rkaq15',	1400756810,	10800,	'Default|a:11:{s:11:\"initialized\";b:1;s:6:\"errors\";s:0:\"\";s:14:\"successmessage\";s:0:\"\";s:10:\"formvalues\";a:0:{}s:13:\"invitesuccess\";s:0:\"\";s:13:\"custommessage\";s:0:\"\";s:14:\"custommessage1\";s:0:\"\";s:14:\"custommessage2\";s:0:\"\";s:14:\"custommessage3\";s:0:\"\";s:14:\"custommessage4\";s:0:\"\";s:14:\"custommessage5\";s:0:\"\";}'),
('uc2dbqic9p43shkopjpb8l1sv5',	1397297430,	10800,	'Default|a:11:{s:11:\"initialized\";b:1;s:6:\"errors\";s:0:\"\";s:14:\"successmessage\";s:0:\"\";s:10:\"formvalues\";a:0:{}s:13:\"invitesuccess\";s:0:\"\";s:13:\"custommessage\";s:0:\"\";s:14:\"custommessage1\";s:0:\"\";s:14:\"custommessage2\";s:0:\"\";s:14:\"custommessage3\";s:0:\"\";s:14:\"custommessage4\";s:0:\"\";s:14:\"custommessage5\";s:0:\"\";}'),
('uc3vq4euos06q43megmslfqs44',	1398994450,	10800,	'Default|a:11:{s:11:\"initialized\";b:1;s:6:\"errors\";s:0:\"\";s:14:\"successmessage\";s:0:\"\";s:10:\"formvalues\";a:0:{}s:13:\"invitesuccess\";s:0:\"\";s:13:\"custommessage\";s:0:\"\";s:14:\"custommessage1\";s:0:\"\";s:14:\"custommessage2\";s:0:\"\";s:14:\"custommessage3\";s:0:\"\";s:14:\"custommessage4\";s:0:\"\";s:14:\"custommessage5\";s:0:\"\";}'),
('ug9s8l44rs8qgsil2ku6t513o6',	1400075645,	10800,	'Default|a:1:{s:11:\"initialized\";b:1;}'),
('uj0e1ivhm6q03kfa4jg2ej0h93',	1398882900,	10800,	'Default|a:1:{s:11:\"initialized\";b:1;}'),
('upfqocp5n2tsd61j559gg11f13',	1397298088,	10800,	'Default|a:11:{s:11:\"initialized\";b:1;s:6:\"errors\";s:0:\"\";s:14:\"successmessage\";s:0:\"\";s:10:\"formvalues\";a:0:{}s:13:\"invitesuccess\";s:0:\"\";s:13:\"custommessage\";s:0:\"\";s:14:\"custommessage1\";s:0:\"\";s:14:\"custommessage2\";s:0:\"\";s:14:\"custommessage3\";s:0:\"\";s:14:\"custommessage4\";s:0:\"\";s:14:\"custommessage5\";s:0:\"\";}'),
('v3t0dan9qo9nbjbtaqegg83cr4',	1398332957,	10800,	'Default|a:11:{s:11:\"initialized\";b:1;s:6:\"errors\";s:0:\"\";s:14:\"successmessage\";s:0:\"\";s:10:\"formvalues\";a:0:{}s:13:\"invitesuccess\";s:0:\"\";s:13:\"custommessage\";s:0:\"\";s:14:\"custommessage1\";s:0:\"\";s:14:\"custommessage2\";s:0:\"\";s:14:\"custommessage3\";s:0:\"\";s:14:\"custommessage4\";s:0:\"\";s:14:\"custommessage5\";s:0:\"\";}'),
('v9r4jj5b04up3gglugc4hjr9r2',	1398882715,	10800,	'Default|a:11:{s:11:\"initialized\";b:1;s:6:\"errors\";s:0:\"\";s:14:\"successmessage\";s:0:\"\";s:10:\"formvalues\";a:0:{}s:13:\"invitesuccess\";s:0:\"\";s:13:\"custommessage\";s:0:\"\";s:14:\"custommessage1\";s:0:\"\";s:14:\"custommessage2\";s:0:\"\";s:14:\"custommessage3\";s:0:\"\";s:14:\"custommessage4\";s:0:\"\";s:14:\"custommessage5\";s:0:\"\";}'),
('vl9iqh5798o2jkncth4kq5v1p4',	1398882898,	10800,	'Default|a:11:{s:11:\"initialized\";b:1;s:6:\"errors\";s:0:\"\";s:14:\"successmessage\";s:0:\"\";s:10:\"formvalues\";a:0:{}s:13:\"invitesuccess\";s:0:\"\";s:13:\"custommessage\";s:0:\"\";s:14:\"custommessage1\";s:0:\"\";s:14:\"custommessage2\";s:0:\"\";s:14:\"custommessage3\";s:0:\"\";s:14:\"custommessage4\";s:0:\"\";s:14:\"custommessage5\";s:0:\"\";}'),
('vpcbpbnrqq6tpggb1ond792pq7',	1398237213,	10800,	'Default|a:1:{s:11:\"initialized\";b:1;}'),
('vqdcgm4i20r23bfaoqd1av9es4',	1398846109,	10800,	'Default|a:11:{s:11:\"initialized\";b:1;s:6:\"errors\";s:0:\"\";s:14:\"successmessage\";s:0:\"\";s:10:\"formvalues\";a:0:{}s:13:\"invitesuccess\";s:0:\"\";s:13:\"custommessage\";s:0:\"\";s:14:\"custommessage1\";s:0:\"\";s:14:\"custommessage2\";s:0:\"\";s:14:\"custommessage3\";s:0:\"\";s:14:\"custommessage4\";s:0:\"\";s:14:\"custommessage5\";s:0:\"\";}'),
('vshcm9jpjc2jemgf485ncumbq4',	1398319401,	10800,	'Default|a:11:{s:11:\"initialized\";b:1;s:6:\"errors\";s:0:\"\";s:14:\"successmessage\";s:0:\"\";s:10:\"formvalues\";a:0:{}s:13:\"invitesuccess\";s:0:\"\";s:13:\"custommessage\";s:0:\"\";s:14:\"custommessage1\";s:0:\"\";s:14:\"custommessage2\";s:0:\"\";s:14:\"custommessage3\";s:0:\"\";s:14:\"custommessage4\";s:0:\"\";s:14:\"custommessage5\";s:0:\"\";}'),
('vstmn3m2fkos993d0re1pva0o4',	1397206471,	10800,	'Default|a:11:{s:11:\"initialized\";b:1;s:6:\"errors\";s:0:\"\";s:14:\"successmessage\";s:0:\"\";s:10:\"formvalues\";a:0:{}s:13:\"invitesuccess\";s:0:\"\";s:13:\"custommessage\";s:0:\"\";s:14:\"custommessage1\";s:0:\"\";s:14:\"custommessage2\";s:0:\"\";s:14:\"custommessage3\";s:0:\"\";s:14:\"custommessage4\";s:0:\"\";s:14:\"custommessage5\";s:0:\"\";}'),
('vv6hn5tk3jktsqehj0ti9e2so3',	1398845678,	10800,	'Default|a:11:{s:11:\"initialized\";b:1;s:6:\"errors\";s:0:\"\";s:14:\"successmessage\";s:0:\"\";s:10:\"formvalues\";a:0:{}s:13:\"invitesuccess\";s:0:\"\";s:13:\"custommessage\";s:0:\"\";s:14:\"custommessage1\";s:0:\"\";s:14:\"custommessage2\";s:0:\"\";s:14:\"custommessage3\";s:0:\"\";s:14:\"custommessage4\";s:0:\"\";s:14:\"custommessage5\";s:0:\"\";}');

DROP TABLE IF EXISTS `ticket`;
CREATE TABLE `ticket` (
  `id` int(11) unsigned NOT NULL auto_increment,
  `refno` varchar(8) default NULL,
  `title` varchar(255) default NULL,
  `description` varchar(1000) default NULL,
  `clientid` int(11) unsigned default NULL,
  `departmentid` int(11) unsigned default NULL,
  `category` int(11) unsigned default NULL,
  `tickettype` tinyint(4) unsigned default NULL,
  `ticketsource` tinyint(4) unsigned default NULL,
  `datereceived` datetime default NULL,
  `receivedbyid` int(11) unsigned default NULL,
  `receivername` varchar(255) default NULL,
  `status` tinyint(4) unsigned default NULL,
  `priority` tinyint(4) unsigned default NULL,
  `duedate` datetime default NULL,
  `closedate` datetime default NULL,
  `parentid` int(11) unsigned default NULL,
  `resolution` varchar(500) default NULL,
  `datecreated` datetime default NULL,
  `createdby` int(11) unsigned default NULL,
  `lastupdatedate` datetime default NULL,
  `lastupdatedby` int(11) unsigned default NULL,
  `sendupdatestoemail` tinyint(4) unsigned default NULL,
  `sendupdatestophone` tinyint(4) unsigned default NULL,
  `logupdatesenttoemail` tinyint(4) unsigned default NULL,
  `logupdatesenttophone` tinyint(4) unsigned default NULL,
  `attachment` varchar(255) default NULL,
  `isarchived` tinyint(4) default '0',
  PRIMARY KEY  (`id`),
  KEY `fk_ticket_clientid` (`clientid`),
  KEY `fk_ticket_receivedbyid` (`receivedbyid`),
  KEY `fk_ticket_parentid` (`parentid`),
  CONSTRAINT `fk_ticket_clientid` FOREIGN KEY (`clientid`) REFERENCES `client` (`id`) ON DELETE CASCADE ON UPDATE CASCADE,
  CONSTRAINT `fk_ticket_parentid` FOREIGN KEY (`parentid`) REFERENCES `ticket` (`id`) ON DELETE CASCADE ON UPDATE CASCADE,
  CONSTRAINT `fk_ticket_receivedbyid` FOREIGN KEY (`receivedbyid`) REFERENCES `useraccount` (`id`) ON DELETE CASCADE ON UPDATE CASCADE
) ENGINE=InnoDB DEFAULT CHARSET=utf8;

INSERT INTO `ticket` (`id`, `refno`, `title`, `description`, `clientid`, `departmentid`, `category`, `tickettype`, `ticketsource`, `datereceived`, `receivedbyid`, `receivername`, `status`, `priority`, `duedate`, `closedate`, `parentid`, `resolution`, `datecreated`, `createdby`, `lastupdatedate`, `lastupdatedby`, `sendupdatestoemail`, `sendupdatestophone`, `logupdatesenttoemail`, `logupdatesenttophone`, `attachment`, `isarchived`) VALUES
(56,	'AA0056',	'Electricity meter faulty',	'meter burned',	64,	38,	1,	4,	2,	'2014-05-22 00:00:00',	48,	NULL,	9,	3,	'2014-05-26 00:00:00',	NULL,	NULL,	NULL,	'2014-05-22 12:40:26',	48,	'2014-05-23 09:19:01',	NULL,	1,	1,	0,	0,	NULL,	0),
(57,	'AA0057',	'Drain blocked ',	'Sewerage drain is blocked',	65,	23,	7,	11,	2,	'2014-05-22 00:00:00',	48,	NULL,	2,	3,	'2014-05-23 00:00:00',	NULL,	NULL,	NULL,	'2014-05-22 15:09:39',	48,	'2014-05-22 15:12:59',	NULL,	1,	1,	0,	0,	NULL,	0),
(58,	'AA0058',	'Electricity meter faulty',	'Electricity meter is blank',	66,	38,	1,	6,	2,	'2014-05-22 00:00:00',	48,	NULL,	5,	3,	'2014-05-23 00:00:00',	'2014-05-23 11:26:19',	NULL,	'Your matter has been resolved ',	'2014-05-22 15:48:46',	48,	'2014-05-23 11:26:19',	NULL,	1,	1,	0,	0,	NULL,	0),
(59,	'AA0059',	'Drain blocked',	'The drain is blocked',	67,	23,	7,	12,	2,	'2014-05-23 00:00:00',	48,	NULL,	1,	3,	'2014-05-23 00:00:00',	NULL,	NULL,	NULL,	'2014-05-23 09:42:47',	48,	'2014-05-23 11:37:27',	NULL,	1,	1,	0,	0,	NULL,	0),
(60,	'AA0060',	'Drain blocked',	'The drain is blocked ',	68,	23,	7,	12,	2,	'2014-05-23 00:00:00',	48,	NULL,	1,	3,	'2014-05-23 00:00:00',	NULL,	NULL,	NULL,	'2014-05-23 11:49:14',	48,	'2014-05-23 11:53:30',	NULL,	1,	1,	0,	0,	NULL,	0),
(61,	'AA0061',	'Drain blocked',	'The drain is blocked ',	69,	23,	7,	12,	2,	'2014-05-23 00:00:00',	48,	NULL,	1,	3,	'2014-05-23 00:00:00',	NULL,	NULL,	NULL,	'2014-05-23 11:58:46',	48,	'2014-05-23 12:09:03',	NULL,	1,	1,	0,	0,	NULL,	0),
(62,	'AA0062',	'Leakage',	'Pipe leaks',	70,	23,	7,	12,	1,	'2014-05-23 00:00:00',	48,	NULL,	1,	3,	'2014-05-27 00:00:00',	NULL,	NULL,	NULL,	'2014-05-23 12:24:10',	48,	'2014-05-23 12:27:58',	NULL,	1,	1,	0,	0,	NULL,	0),
(63,	'AA0063',	'Street light Faulty',	'The whole area is dark',	71,	38,	1,	6,	1,	'2014-05-23 00:00:00',	48,	NULL,	1,	3,	'2014-05-27 00:00:00',	NULL,	NULL,	NULL,	'2014-05-23 12:48:32',	48,	'2014-05-23 12:50:58',	NULL,	1,	1,	0,	0,	NULL,	0),
(64,	'AA0064',	'Electricity meter faulty',	'The electricity meter is blank',	72,	38,	1,	6,	2,	'2014-05-23 00:00:00',	48,	NULL,	1,	3,	'2014-05-26 00:00:00',	NULL,	NULL,	NULL,	'2014-05-23 13:53:19',	48,	'2014-05-23 13:56:05',	NULL,	1,	1,	0,	0,	NULL,	0),
(65,	'AA0065',	'Water meter leaks',	'water meter leaks',	73,	23,	7,	12,	2,	'2014-05-23 00:00:00',	48,	NULL,	1,	3,	'2014-05-26 00:00:00',	NULL,	NULL,	NULL,	'2014-05-23 15:05:41',	48,	'2014-05-23 15:08:15',	NULL,	1,	1,	0,	0,	NULL,	0),
(66,	'AA0066',	'Electricity meter faulty',	'Meter is blank',	74,	38,	1,	4,	2,	'2014-05-23 00:00:00',	48,	NULL,	1,	3,	'2014-05-26 00:00:00',	NULL,	NULL,	NULL,	'2014-05-23 15:15:14',	48,	'2014-05-23 15:19:43',	NULL,	1,	1,	0,	0,	NULL,	0),
(67,	'AA0067',	'Toilet blocked ',	'Toilet is blocked',	75,	23,	7,	12,	2,	'2014-05-23 00:00:00',	48,	NULL,	1,	3,	'2014-05-26 00:00:00',	NULL,	NULL,	NULL,	'2014-05-23 15:32:29',	48,	'2014-05-23 15:36:43',	NULL,	1,	1,	1,	0,	NULL,	0),
(68,	'AA0068',	'Drain blocked',	'The drain is blocked ',	76,	23,	7,	12,	2,	'2014-05-23 00:00:00',	48,	NULL,	1,	3,	'2014-05-23 00:00:00',	NULL,	NULL,	NULL,	'2014-05-23 15:47:07',	48,	'2014-05-23 15:50:19',	NULL,	1,	1,	0,	0,	NULL,	0),
(69,	'AA0069',	'Power failure',	'The Kwanonzame Old Clinic dont have electricity',	77,	38,	1,	6,	2,	'2014-05-23 00:00:00',	48,	NULL,	1,	3,	'2014-05-23 00:00:00',	NULL,	NULL,	NULL,	'2014-05-23 15:58:25',	48,	'2014-05-23 16:01:34',	NULL,	1,	1,	0,	0,	NULL,	0),
(70,	'AA0070',	'Connection',	'Connect the electricity',	78,	38,	1,	6,	2,	'2014-05-23 00:00:00',	48,	NULL,	1,	3,	'2014-05-23 00:00:00',	NULL,	NULL,	NULL,	'2014-05-23 16:14:59',	48,	'2014-05-23 16:18:22',	NULL,	1,	1,	0,	0,	NULL,	0);

DROP TABLE IF EXISTS `ticket_feedback`;
CREATE TABLE `ticket_feedback` (
  `id` int(11) unsigned NOT NULL auto_increment,
  `ticketid` int(10) unsigned default NULL,
  `clientid` int(10) unsigned default NULL,
  `rating` tinyint(4) unsigned default NULL,
  `remarks` varchar(1000) default NULL,
  `feedbackdate` datetime default NULL,
  `addedbyid` int(11) unsigned default NULL,
  PRIMARY KEY  (`id`),
  KEY `fk_ticket_feedback_ticketid` (`ticketid`),
  KEY `fk_ticket_feedback_clientid` (`clientid`),
  KEY `fk_ticket_feedback_addedbyid` (`addedbyid`),
  CONSTRAINT `fk_ticket_feedback_addedbyid` FOREIGN KEY (`addedbyid`) REFERENCES `useraccount` (`id`) ON DELETE CASCADE ON UPDATE CASCADE,
  CONSTRAINT `fk_ticket_feedback_clientid` FOREIGN KEY (`clientid`) REFERENCES `client` (`id`) ON DELETE CASCADE ON UPDATE CASCADE,
  CONSTRAINT `fk_ticket_feedback_ticketid` FOREIGN KEY (`ticketid`) REFERENCES `ticket` (`id`) ON DELETE CASCADE ON UPDATE CASCADE
) ENGINE=InnoDB DEFAULT CHARSET=utf8;


DROP TABLE IF EXISTS `ticket_ledger`;
CREATE TABLE `ticket_ledger` (
  `id` int(11) unsigned NOT NULL auto_increment,
  `ticketid` int(11) unsigned default NULL,
  `departmentid` int(11) unsigned default NULL,
  `eventtype` tinyint(4) unsigned default NULL,
  `status` tinyint(4) unsigned default NULL,
  `section` tinyint(4) unsigned default NULL,
  `eventdate` datetime default NULL,
  `executedbyid` int(11) unsigned default NULL,
  `actionplan` varchar(1000) default NULL,
  `remarks` varchar(1000) default NULL,
  `percentagecompletion` tinyint(4) unsigned default NULL,
  `notification` varchar(10000) default NULL,
  `subject` varchar(255) default NULL,
  `emails` varchar(500) default NULL,
  `phones` varchar(255) default NULL,
  PRIMARY KEY  (`id`),
  KEY `fk_ticket_ledger_ticketid` (`ticketid`),
  KEY `fk_ticket_ledger_executedbyid` (`executedbyid`),
  KEY `fk_ticket_ledger_departmentid` (`departmentid`),
  CONSTRAINT `fk_ticket_ledger_departmentid` FOREIGN KEY (`departmentid`) REFERENCES `department` (`id`) ON DELETE CASCADE ON UPDATE CASCADE,
  CONSTRAINT `fk_ticket_ledger_executedbyid` FOREIGN KEY (`executedbyid`) REFERENCES `useraccount` (`id`) ON DELETE CASCADE ON UPDATE CASCADE,
  CONSTRAINT `fk_ticket_ledger_ticketid` FOREIGN KEY (`ticketid`) REFERENCES `ticket` (`id`) ON DELETE CASCADE ON UPDATE CASCADE
) ENGINE=InnoDB DEFAULT CHARSET=utf8;

INSERT INTO `ticket_ledger` (`id`, `ticketid`, `departmentid`, `eventtype`, `status`, `section`, `eventdate`, `executedbyid`, `actionplan`, `remarks`, `percentagecompletion`, `notification`, `subject`, `emails`, `phones`) VALUES
(582,	56,	NULL,	1,	1,	1,	'2014-05-22 12:40:26',	48,	NULL,	'Query successfully Logged. Reference No# AA0056 generated',	NULL,	NULL,	NULL,	NULL,	NULL),
(583,	56,	NULL,	3,	NULL,	1,	'2014-05-22 12:40:30',	48,	NULL,	'Acknowledgement sms and reference sent to 27788110596',	NULL,	'Hello Thandisizwe Moyi, \nThis is to acknowledge receipt of your Query with Reference No# AA0056. \nWe shall continue to notify you of any updates to this Query. ',	NULL,	NULL,	'27788110596'),
(584,	56,	22,	4,	2,	2,	'2014-05-22 12:46:37',	48,	NULL,	'Query No# AA0056 assigned to <b>Electrical Services</b> Department',	NULL,	NULL,	NULL,	NULL,	NULL),
(585,	56,	NULL,	5,	NULL,	2,	'2014-05-22 12:46:37',	48,	NULL,	'Electrical Services Department notified on Query assignment. Email sent to mteza@iym.gov.za, amos@iym.gov.za',	NULL,	'<table style=\"width:700px; margin:0; position:relative;\">	\n    <tr>\n    	<td style=\"padding:20px 25px; margin:0; background-color:#797b79;\"><span style=\"color: #6f6f6f; font-size: 25px; font-weight: bold; height:30px; padding:10px 30px; background-color:#dddddd; display:inline-block; width:auto;\">Q1</span></td>\n    </tr>\n</table>\n<table style=\"width:700px; margin:0; padding:25px 25px 25px 15px; background-color:#fafdff; font-family: Arial, Helvetica, Tahoma, sans-serif; font-size:15px; line-height: 1.2em;\">    \n    <tr>\n    	<td>\n    Attn Electrical Services,<br /><br />\n    \n    A new Query has been allocated to this Department with details below:<br /><br />\n    \n    <b style=\"color:#42B521;\">Summary</b><br />\n    <b>Reference No: </b>AA0056<br />\n    <b>Issue: </b>Electricity meter faulty<br />\n    <b>Synopsis: </b><br />\n	meter burned<br /><br />\n	\n    <b style=\"color:#42B521;\">Client Details</b><br />\n    <b>Client: </b>Thandisizwe Moyi<br />\n    <b>Email: </b><br />\n    <b>Phone: </b>27788110596<br /><br />\n    \n    <b style=\"color:#42B521;\">Query Details</b><br />\n    <b>Date Received: </b>05/22/2014<br />\n    <b>Date Due: </b>05/26/2014<br />\n    <b>Category: </b>Electricity<br />\n    <b>Type: </b>Meter not working<br />\n    <b>Source: </b>Phone<br />\n    <b>Receieved By: </b>Linda Diena<br /><br />\n    \n	To view more details about this query click on the link below:<br />\n	http://q1.bsaconsulting.co.za/public/query/view/id/NTY=/<br /><br />\n	\n	If the page fails to open, copy the activation link and paste it in the address window of the browser.<br />\n    \n 			\n            <br />Q1 Support<br />admin@bsaconsulting.co.za        </td>\n    </tr>\n</table>\n<table style=\"width:700px; margin:0;\">	\n    <tr>\n    	<td style=\"padding:0; margin:0; background-color:#797b79; color:#ffffff; padding-top:10px; padding-bottom:10px; padding-left:10px; font-family: Arial, Helvetica, Tahoma, sans-serif; font-size:15px;\"><a style=\"color:#ffffff;\" href=\"http://q1.bsaconsulting.co.za/public\">http://q1.bsaconsulting.co.za/public</a></td>\n    </tr>\n</table>',	'Electrical Services Department allocated to Query Ref No# AA0056',	'mteza@iym.gov.za, amos@iym.gov.za',	NULL),
(586,	56,	NULL,	8,	NULL,	2,	'2014-05-22 12:46:38',	48,	NULL,	'Client notified on Department allocation. Sms sent to 27788110596',	NULL,	'Hello Thandisizwe Moyi, \n This is to let you know that the Electrical Services Department has been allocated to handle the Query with Ref No# AA0056. \n ',	NULL,	NULL,	'27788110596'),
(587,	56,	38,	4,	2,	2,	'2014-05-22 13:04:51',	48,	NULL,	'Query No# AA0056 assigned to <b>Electrical Services Middleburg</b> Department',	NULL,	NULL,	NULL,	NULL,	NULL),
(588,	56,	NULL,	5,	NULL,	2,	'2014-05-22 13:04:52',	48,	NULL,	'Electrical Services Middleburg Department notified on Query assignment. Email sent to francois.iym@mymtnmail.co.za',	NULL,	'<table style=\"width:700px; margin:0; position:relative;\">	\n    <tr>\n    	<td style=\"padding:20px 25px; margin:0; background-color:#797b79;\"><span style=\"color: #6f6f6f; font-size: 25px; font-weight: bold; height:30px; padding:10px 30px; background-color:#dddddd; display:inline-block; width:auto;\">Q1</span></td>\n    </tr>\n</table>\n<table style=\"width:700px; margin:0; padding:25px 25px 25px 15px; background-color:#fafdff; font-family: Arial, Helvetica, Tahoma, sans-serif; font-size:15px; line-height: 1.2em;\">    \n    <tr>\n    	<td>\n    Attn Electrical Services Middleburg,<br /><br />\n    \n    A new Query has been allocated to this Department with details below:<br /><br />\n    \n    <b style=\"color:#42B521;\">Summary</b><br />\n    <b>Reference No: </b>AA0056<br />\n    <b>Issue: </b>Electricity meter faulty<br />\n    <b>Synopsis: </b><br />\n	meter burned<br /><br />\n	\n    <b style=\"color:#42B521;\">Client Details</b><br />\n    <b>Client: </b>Thandisizwe Moyi<br />\n    <b>Email: </b><br />\n    <b>Phone: </b>27788110596<br /><br />\n    \n    <b style=\"color:#42B521;\">Query Details</b><br />\n    <b>Date Received: </b>05/22/2014<br />\n    <b>Date Due: </b>05/26/2014<br />\n    <b>Category: </b>Electricity<br />\n    <b>Type: </b>Meter not working<br />\n    <b>Source: </b>Phone<br />\n    <b>Receieved By: </b>Linda Diena<br /><br />\n    \n	To view more details about this query click on the link below:<br />\n	http://q1.bsaconsulting.co.za/public/query/view/id/NTY=/<br /><br />\n	\n	If the page fails to open, copy the activation link and paste it in the address window of the browser.<br />\n    \n 			\n            <br />Q1 Support<br />admin@bsaconsulting.co.za        </td>\n    </tr>\n</table>\n<table style=\"width:700px; margin:0;\">	\n    <tr>\n    	<td style=\"padding:0; margin:0; background-color:#797b79; color:#ffffff; padding-top:10px; padding-bottom:10px; padding-left:10px; font-family: Arial, Helvetica, Tahoma, sans-serif; font-size:15px;\"><a style=\"color:#ffffff;\" href=\"http://q1.bsaconsulting.co.za/public\">http://q1.bsaconsulting.co.za/public</a></td>\n    </tr>\n</table>',	'Electrical Services Middleburg Department allocated to Query Ref No# AA0056',	'francois.iym@mymtnmail.co.za',	NULL),
(589,	56,	NULL,	8,	NULL,	2,	'2014-05-22 13:04:52',	48,	NULL,	'Client notified on Department allocation. Sms sent to 27788110596',	NULL,	'Hello Thandisizwe Moyi, \n This is to let you know that the Electrical Services Middleburg Department has been allocated to handle the Query with Ref No# AA0056. \n ',	NULL,	NULL,	'27788110596'),
(590,	57,	NULL,	1,	1,	1,	'2014-05-22 15:09:39',	48,	NULL,	'Query successfully Logged. Reference No# AA0057 generated',	NULL,	NULL,	NULL,	NULL,	NULL),
(591,	57,	NULL,	3,	NULL,	1,	'2014-05-22 15:09:40',	48,	NULL,	'Acknowledgement sms and reference sent to 27840642450',	NULL,	'Hello Thando Bontiya, \nThis is to acknowledge receipt of your Query with Reference No# AA0057. \nWe shall continue to notify you of any updates to this Query. ',	NULL,	NULL,	'27840642450'),
(592,	57,	23,	4,	2,	2,	'2014-05-22 15:13:00',	48,	NULL,	'Query No# AA0057 assigned to <b>Water Services</b> Department',	NULL,	NULL,	NULL,	NULL,	NULL),
(593,	57,	NULL,	5,	NULL,	2,	'2014-05-22 15:13:00',	48,	NULL,	'Water Services Department notified on Query assignment. Email sent to mashiyald@gmail.com, amos@iym.gov.za',	NULL,	'<table style=\"width:700px; margin:0; position:relative;\">	\n    <tr>\n    	<td style=\"padding:20px 25px; margin:0; background-color:#797b79;\"><span style=\"color: #6f6f6f; font-size: 25px; font-weight: bold; height:30px; padding:10px 30px; background-color:#dddddd; display:inline-block; width:auto;\">Q1</span></td>\n    </tr>\n</table>\n<table style=\"width:700px; margin:0; padding:25px 25px 25px 15px; background-color:#fafdff; font-family: Arial, Helvetica, Tahoma, sans-serif; font-size:15px; line-height: 1.2em;\">    \n    <tr>\n    	<td>\n    Attn Water Services,<br /><br />\n    \n    A new Query has been allocated to this Department with details below:<br /><br />\n    \n    <b style=\"color:#42B521;\">Summary</b><br />\n    <b>Reference No: </b>AA0057<br />\n    <b>Issue: </b>Drain blocked <br />\n    <b>Synopsis: </b><br />\n	Sewerage drain is blocked<br /><br />\n	\n    <b style=\"color:#42B521;\">Client Details</b><br />\n    <b>Client: </b>Thando Bontiya<br />\n    <b>Email: </b><br />\n    <b>Phone: </b>27840642450<br /><br />\n    \n    <b style=\"color:#42B521;\">Query Details</b><br />\n    <b>Date Received: </b>05/22/2014<br />\n    <b>Date Due: </b>05/23/2014<br />\n    <b>Category: </b>Water<br />\n    <b>Type: </b>Blocked meter<br />\n    <b>Source: </b>Phone<br />\n    <b>Receieved By: </b>Linda Diena<br /><br />\n    \n	To view more details about this query click on the link below:<br />\n	http://q1.bsaconsulting.co.za/public/query/view/id/NTc=/<br /><br />\n	\n	If the page fails to open, copy the activation link and paste it in the address window of the browser.<br />\n    \n 			\n            <br />Q1 Support<br />admin@bsaconsulting.co.za        </td>\n    </tr>\n</table>\n<table style=\"width:700px; margin:0;\">	\n    <tr>\n    	<td style=\"padding:0; margin:0; background-color:#797b79; color:#ffffff; padding-top:10px; padding-bottom:10px; padding-left:10px; font-family: Arial, Helvetica, Tahoma, sans-serif; font-size:15px;\"><a style=\"color:#ffffff;\" href=\"http://q1.bsaconsulting.co.za/public\">http://q1.bsaconsulting.co.za/public</a></td>\n    </tr>\n</table>',	'Water Services Department allocated to Query Ref No# AA0057',	'mashiyald@gmail.com, amos@iym.gov.za',	NULL),
(594,	57,	NULL,	8,	NULL,	2,	'2014-05-22 15:13:01',	48,	NULL,	'Client notified on Department allocation. Sms sent to 27840642450',	NULL,	'Hello Thando Bontiya, \n This is to let you know that the Water Services Department has been allocated to handle the Query with Ref No# AA0057. \n ',	NULL,	NULL,	'27840642450'),
(595,	58,	NULL,	1,	1,	1,	'2014-05-22 15:48:46',	48,	NULL,	'Query successfully Logged. Reference No# AA0058 generated',	NULL,	NULL,	NULL,	NULL,	NULL),
(596,	58,	NULL,	3,	NULL,	1,	'2014-05-22 15:48:47',	48,	NULL,	'Acknowledgement sms and reference sent to 27848773521, 0837495132',	NULL,	'Hello Neliswa Mbodli, \nThis is to acknowledge receipt of your Query with Reference No# AA0058. \nWe shall continue to notify you of any updates to this Query. ',	NULL,	NULL,	'27848773521, 0837495132'),
(597,	58,	38,	4,	2,	2,	'2014-05-22 15:49:44',	48,	NULL,	'Query No# AA0058 assigned to <b>Electrical Services Middleburg</b> Department',	NULL,	NULL,	NULL,	NULL,	NULL),
(598,	58,	NULL,	5,	NULL,	2,	'2014-05-22 15:49:44',	48,	NULL,	'Electrical Services Middleburg Department notified on Query assignment. Email sent to francois.iym@mymtnmail.co.za',	NULL,	'<table style=\"width:700px; margin:0; position:relative;\">	\n    <tr>\n    	<td style=\"padding:20px 25px; margin:0; background-color:#797b79;\"><span style=\"color: #6f6f6f; font-size: 25px; font-weight: bold; height:30px; padding:10px 30px; background-color:#dddddd; display:inline-block; width:auto;\">Q1</span></td>\n    </tr>\n</table>\n<table style=\"width:700px; margin:0; padding:25px 25px 25px 15px; background-color:#fafdff; font-family: Arial, Helvetica, Tahoma, sans-serif; font-size:15px; line-height: 1.2em;\">    \n    <tr>\n    	<td>\n    Attn Electrical Services Middleburg,<br /><br />\n    \n    A new Query has been allocated to this Department with details below:<br /><br />\n    \n    <b style=\"color:#42B521;\">Summary</b><br />\n    <b>Reference No: </b>AA0058<br />\n    <b>Issue: </b>Electricity meter faulty<br />\n    <b>Synopsis: </b><br />\n	Electricity meter is blank<br /><br />\n	\n    <b style=\"color:#42B521;\">Client Details</b><br />\n    <b>Client: </b>Neliswa Mbodli<br />\n    <b>Email: </b><br />\n    <b>Phone: </b>27848773521<br /><br />\n    \n    <b style=\"color:#42B521;\">Query Details</b><br />\n    <b>Date Received: </b>05/22/2014<br />\n    <b>Date Due: </b>05/23/2014<br />\n    <b>Category: </b>Electricity<br />\n    <b>Type: </b>General<br />\n    <b>Source: </b>Phone<br />\n    <b>Receieved By: </b>Linda Diena<br /><br />\n    \n	To view more details about this query click on the link below:<br />\n	http://q1.bsaconsulting.co.za/public/query/view/id/NTg=/<br /><br />\n	\n	If the page fails to open, copy the activation link and paste it in the address window of the browser.<br />\n    \n 			\n            <br />Q1 Support<br />admin@bsaconsulting.co.za        </td>\n    </tr>\n</table>\n<table style=\"width:700px; margin:0;\">	\n    <tr>\n    	<td style=\"padding:0; margin:0; background-color:#797b79; color:#ffffff; padding-top:10px; padding-bottom:10px; padding-left:10px; font-family: Arial, Helvetica, Tahoma, sans-serif; font-size:15px;\"><a style=\"color:#ffffff;\" href=\"http://q1.bsaconsulting.co.za/public\">http://q1.bsaconsulting.co.za/public</a></td>\n    </tr>\n</table>',	'Electrical Services Middleburg Department allocated to Query Ref No# AA0058',	'francois.iym@mymtnmail.co.za',	NULL),
(599,	58,	NULL,	8,	NULL,	2,	'2014-05-22 15:49:45',	48,	NULL,	'Client notified on Department allocation. Sms sent to 27848773521, 0837495132',	NULL,	'Hello Neliswa Mbodli, \n This is to let you know that the Electrical Services Middleburg Department has been allocated to handle the Query with Ref No# AA0058. \n ',	NULL,	NULL,	'27848773521, 0837495132'),
(600,	56,	NULL,	NULL,	9,	3,	'2014-05-23 09:19:01',	48,	NULL,	'Status of Query No# AA0056 updated to <b>Technician Allocated</b>',	NULL,	'',	NULL,	NULL,	NULL),
(601,	56,	NULL,	11,	NULL,	3,	'2014-05-23 09:19:05',	48,	NULL,	'Client notified of Status update. Sms sent to 27788110596',	NULL,	'This is to let you know that the status of the Query with Ref No# AA0056 has changed to Technician Allocated',	NULL,	NULL,	'27788110596'),
(602,	59,	NULL,	1,	1,	1,	'2014-05-23 09:42:47',	48,	NULL,	'Query successfully Logged. Reference No# AA0059 generated',	NULL,	NULL,	NULL,	NULL,	NULL),
(603,	59,	NULL,	3,	NULL,	1,	'2014-05-23 09:42:48',	48,	NULL,	'Acknowledgement sms and reference sent to 27745036809',	NULL,	'Hello Vicey Zonke, \nThis is to acknowledge receipt of your Query with Reference No# AA0059. \nWe shall continue to notify you of any updates to this Query. ',	NULL,	NULL,	'27745036809'),
(604,	59,	38,	4,	2,	2,	'2014-05-23 09:45:06',	48,	NULL,	'Query No# AA0059 assigned to <b>Electrical Services Middleburg</b> Department',	NULL,	NULL,	NULL,	NULL,	NULL),
(605,	59,	NULL,	5,	NULL,	2,	'2014-05-23 09:45:07',	48,	NULL,	'Electrical Services Middleburg Department notified on Query assignment. Email sent to francois.iym@mymtnmail.co.za',	NULL,	'<table style=\"width:700px; margin:0; position:relative;\">	\n    <tr>\n    	<td style=\"padding:20px 25px; margin:0; background-color:#797b79;\"><span style=\"color: #6f6f6f; font-size: 25px; font-weight: bold; height:30px; padding:10px 30px; background-color:#dddddd; display:inline-block; width:auto;\">Q1</span></td>\n    </tr>\n</table>\n<table style=\"width:700px; margin:0; padding:25px 25px 25px 15px; background-color:#fafdff; font-family: Arial, Helvetica, Tahoma, sans-serif; font-size:15px; line-height: 1.2em;\">    \n    <tr>\n    	<td>\n    Attn Electrical Services Middleburg,<br /><br />\n    \n    A new Query has been allocated to this Department with details below:<br /><br />\n    \n    <b style=\"color:#42B521;\">Summary</b><br />\n    <b>Reference No: </b>AA0059<br />\n    <b>Issue: </b>Drain blocked<br />\n    <b>Synopsis: </b><br />\n	The drain is blocked<br /><br />\n	\n    <b style=\"color:#42B521;\">Client Details</b><br />\n    <b>Client: </b>Vicey Zonke<br />\n    <b>Email: </b><br />\n    <b>Phone: </b>27745036809<br /><br />\n    \n    <b style=\"color:#42B521;\">Query Details</b><br />\n    <b>Date Received: </b>05/23/2014<br />\n    <b>Date Due: </b>05/23/2014<br />\n    <b>Category: </b>Water<br />\n    <b>Type: </b>General<br />\n    <b>Source: </b>Phone<br />\n    <b>Receieved By: </b>Linda Diena<br /><br />\n    \n	To view more details about this query click on the link below:<br />\n	http://q1.bsaconsulting.co.za/public/query/view/id/NTk=/<br /><br />\n	\n	If the page fails to open, copy the activation link and paste it in the address window of the browser.<br />\n    \n 			\n            <br />Q1 Support<br />admin@bsaconsulting.co.za        </td>\n    </tr>\n</table>\n<table style=\"width:700px; margin:0;\">	\n    <tr>\n    	<td style=\"padding:0; margin:0; background-color:#797b79; color:#ffffff; padding-top:10px; padding-bottom:10px; padding-left:10px; font-family: Arial, Helvetica, Tahoma, sans-serif; font-size:15px;\"><a style=\"color:#ffffff;\" href=\"http://q1.bsaconsulting.co.za/public\">http://q1.bsaconsulting.co.za/public</a></td>\n    </tr>\n</table>',	'Electrical Services Middleburg Department allocated to Query Ref No# AA0059',	'francois.iym@mymtnmail.co.za',	NULL),
(606,	59,	NULL,	8,	NULL,	2,	'2014-05-23 09:45:08',	48,	NULL,	'Client notified on Department allocation. Sms sent to 27745036809',	NULL,	'Hello Vicey Zonke, \n This is to let you know that the Electrical Services Middleburg Department has been allocated to handle the Query with Ref No# AA0059. \n ',	NULL,	NULL,	'27745036809'),
(607,	59,	23,	4,	2,	2,	'2014-05-23 09:49:23',	48,	NULL,	'Query No# AA0059 assigned to <b>Water Services</b> Department',	NULL,	NULL,	NULL,	NULL,	NULL),
(608,	59,	NULL,	5,	NULL,	2,	'2014-05-23 09:49:23',	48,	NULL,	'Water Services Department notified on Query assignment. Email sent to mashiyald@gmail.com, amos@iym.gov.za',	NULL,	'<table style=\"width:700px; margin:0; position:relative;\">	\n    <tr>\n    	<td style=\"padding:20px 25px; margin:0; background-color:#797b79;\"><span style=\"color: #6f6f6f; font-size: 25px; font-weight: bold; height:30px; padding:10px 30px; background-color:#dddddd; display:inline-block; width:auto;\">Q1</span></td>\n    </tr>\n</table>\n<table style=\"width:700px; margin:0; padding:25px 25px 25px 15px; background-color:#fafdff; font-family: Arial, Helvetica, Tahoma, sans-serif; font-size:15px; line-height: 1.2em;\">    \n    <tr>\n    	<td>\n    Attn Water Services,<br /><br />\n    \n    A new Query has been allocated to this Department with details below:<br /><br />\n    \n    <b style=\"color:#42B521;\">Summary</b><br />\n    <b>Reference No: </b>AA0059<br />\n    <b>Issue: </b>Drain blocked<br />\n    <b>Synopsis: </b><br />\n	The drain is blocked<br /><br />\n	\n    <b style=\"color:#42B521;\">Client Details</b><br />\n    <b>Client: </b>Vicey Zonke<br />\n    <b>Email: </b><br />\n    <b>Phone: </b>27745036809<br /><br />\n    \n    <b style=\"color:#42B521;\">Query Details</b><br />\n    <b>Date Received: </b>05/23/2014<br />\n    <b>Date Due: </b>05/23/2014<br />\n    <b>Category: </b>Water<br />\n    <b>Type: </b>General<br />\n    <b>Source: </b>Phone<br />\n    <b>Receieved By: </b>Linda Diena<br /><br />\n    \n	To view more details about this query click on the link below:<br />\n	http://q1.bsaconsulting.co.za/public/query/view/id/NTk=/<br /><br />\n	\n	If the page fails to open, copy the activation link and paste it in the address window of the browser.<br />\n    \n 			\n            <br />Q1 Support<br />admin@bsaconsulting.co.za        </td>\n    </tr>\n</table>\n<table style=\"width:700px; margin:0;\">	\n    <tr>\n    	<td style=\"padding:0; margin:0; background-color:#797b79; color:#ffffff; padding-top:10px; padding-bottom:10px; padding-left:10px; font-family: Arial, Helvetica, Tahoma, sans-serif; font-size:15px;\"><a style=\"color:#ffffff;\" href=\"http://q1.bsaconsulting.co.za/public\">http://q1.bsaconsulting.co.za/public</a></td>\n    </tr>\n</table>',	'Water Services Department allocated to Query Ref No# AA0059',	'mashiyald@gmail.com, amos@iym.gov.za',	NULL),
(609,	59,	NULL,	8,	NULL,	2,	'2014-05-23 09:49:24',	48,	NULL,	'Client notified on Department allocation. Sms sent to 27745036809',	NULL,	'Hello Vicey Zonke, \n This is to let you know that the Water Services Department has been allocated to handle the Query with Ref No# AA0059. \n ',	NULL,	NULL,	'27745036809'),
(610,	58,	NULL,	NULL,	5,	3,	'2014-05-23 11:26:19',	48,	'Your matter has been resolved ',	'Status of Query No# AA0058 updated to <b>Resolved</b>',	NULL,	'',	NULL,	NULL,	NULL),
(611,	58,	NULL,	11,	NULL,	3,	'2014-05-23 11:26:19',	48,	NULL,	'Client notified of Status update. Sms sent to 27848773521, 0837495132',	NULL,	'This is to let you know that the status of the Query with Ref No# AA0058 has changed to Resolved',	NULL,	NULL,	'27848773521, 0837495132'),
(612,	59,	NULL,	NULL,	1,	3,	'2014-05-23 11:37:27',	48,	NULL,	'Status of Query No# AA0059 updated to <b>Logged</b>',	NULL,	'',	NULL,	NULL,	NULL),
(613,	59,	NULL,	11,	NULL,	3,	'2014-05-23 11:37:27',	48,	NULL,	'Client notified of Status update. Sms sent to 27745036809',	NULL,	'This is to let you know that the status of the Query with Ref No# AA0059 has changed to Logged',	NULL,	NULL,	'27745036809'),
(614,	60,	NULL,	1,	1,	1,	'2014-05-23 11:49:14',	48,	NULL,	'Query successfully Logged. Reference No# AA0060 generated',	NULL,	NULL,	NULL,	NULL,	NULL),
(615,	60,	NULL,	3,	NULL,	1,	'2014-05-23 11:49:14',	48,	NULL,	'Acknowledgement sms and reference sent to 27845283493',	NULL,	'Hello Ronel Meyron, \nThis is to acknowledge receipt of your Query with Reference No# AA0060. \nWe shall continue to notify you of any updates to this Query. ',	NULL,	NULL,	'27845283493'),
(616,	60,	23,	4,	2,	2,	'2014-05-23 11:51:39',	48,	NULL,	'Query No# AA0060 assigned to <b>Water Services</b> Department',	NULL,	NULL,	NULL,	NULL,	NULL),
(617,	60,	NULL,	5,	NULL,	2,	'2014-05-23 11:51:40',	48,	NULL,	'Water Services Department notified on Query assignment. Email sent to mashiyald@gmail.com, amos@iym.gov.za',	NULL,	'<table style=\"width:700px; margin:0; position:relative;\">	\n    <tr>\n    	<td style=\"padding:20px 25px; margin:0; background-color:#797b79;\"><span style=\"color: #6f6f6f; font-size: 25px; font-weight: bold; height:30px; padding:10px 30px; background-color:#dddddd; display:inline-block; width:auto;\">Q1</span></td>\n    </tr>\n</table>\n<table style=\"width:700px; margin:0; padding:25px 25px 25px 15px; background-color:#fafdff; font-family: Arial, Helvetica, Tahoma, sans-serif; font-size:15px; line-height: 1.2em;\">    \n    <tr>\n    	<td>\n    Attn Water Services,<br /><br />\n    \n    A new Query has been allocated to this Department with details below:<br /><br />\n    \n    <b style=\"color:#42B521;\">Summary</b><br />\n    <b>Reference No: </b>AA0060<br />\n    <b>Issue: </b>Drain blocked<br />\n    <b>Synopsis: </b><br />\n	The drain is blocked <br /><br />\n	\n    <b style=\"color:#42B521;\">Client Details</b><br />\n    <b>Client: </b>Ronel Meyron<br />\n    <b>Email: </b><br />\n    <b>Phone: </b>27845283493<br /><br />\n    \n    <b style=\"color:#42B521;\">Query Details</b><br />\n    <b>Date Received: </b>05/23/2014<br />\n    <b>Date Due: </b>05/23/2014<br />\n    <b>Category: </b>Water<br />\n    <b>Type: </b>General<br />\n    <b>Source: </b>Phone<br />\n    <b>Receieved By: </b>Linda Diena<br /><br />\n    \n	To view more details about this query click on the link below:<br />\n	http://q1.bsaconsulting.co.za/public/query/view/id/NjA=/<br /><br />\n	\n	If the page fails to open, copy the activation link and paste it in the address window of the browser.<br />\n    \n 			\n            <br />Q1 Support<br />admin@bsaconsulting.co.za        </td>\n    </tr>\n</table>\n<table style=\"width:700px; margin:0;\">	\n    <tr>\n    	<td style=\"padding:0; margin:0; background-color:#797b79; color:#ffffff; padding-top:10px; padding-bottom:10px; padding-left:10px; font-family: Arial, Helvetica, Tahoma, sans-serif; font-size:15px;\"><a style=\"color:#ffffff;\" href=\"http://q1.bsaconsulting.co.za/public\">http://q1.bsaconsulting.co.za/public</a></td>\n    </tr>\n</table>',	'Water Services Department allocated to Query Ref No# AA0060',	'mashiyald@gmail.com, amos@iym.gov.za',	NULL),
(618,	60,	NULL,	8,	NULL,	2,	'2014-05-23 11:51:40',	48,	NULL,	'Client notified on Department allocation. Sms sent to 27845283493',	NULL,	'Hello Ronel Meyron, \n This is to let you know that the Water Services Department has been allocated to handle the Query with Ref No# AA0060. \n ',	NULL,	NULL,	'27845283493'),
(619,	60,	NULL,	NULL,	1,	3,	'2014-05-23 11:53:30',	48,	NULL,	'Status of Query No# AA0060 updated to <b>Logged</b>',	NULL,	'',	NULL,	NULL,	NULL),
(620,	60,	NULL,	11,	NULL,	3,	'2014-05-23 11:53:30',	48,	NULL,	'Client notified of Status update. Sms sent to 27845283493',	NULL,	'This is to let you know that the status of the Query with Ref No# AA0060 has changed to Logged',	NULL,	NULL,	'27845283493'),
(621,	61,	NULL,	1,	1,	1,	'2014-05-23 11:58:46',	48,	NULL,	'Query successfully Logged. Reference No# AA0061 generated',	NULL,	NULL,	NULL,	NULL,	NULL),
(622,	61,	NULL,	3,	NULL,	1,	'2014-05-23 11:58:46',	48,	NULL,	'Acknowledgement sms and reference sent to 27835427077',	NULL,	'Hello Nombulelo Maki, \nThis is to acknowledge receipt of your Query with Reference No# AA0061. \nWe shall continue to notify you of any updates to this Query. ',	NULL,	NULL,	'27835427077'),
(623,	61,	23,	4,	2,	2,	'2014-05-23 12:07:09',	48,	NULL,	'Query No# AA0061 assigned to <b>Water Services</b> Department',	NULL,	NULL,	NULL,	NULL,	NULL),
(624,	61,	NULL,	5,	NULL,	2,	'2014-05-23 12:07:10',	48,	NULL,	'Water Services Department notified on Query assignment. Email sent to mashiyald@gmail.com, amos@iym.gov.za',	NULL,	'<table style=\"width:700px; margin:0; position:relative;\">	\n    <tr>\n    	<td style=\"padding:20px 25px; margin:0; background-color:#797b79;\"><span style=\"color: #6f6f6f; font-size: 25px; font-weight: bold; height:30px; padding:10px 30px; background-color:#dddddd; display:inline-block; width:auto;\">Q1</span></td>\n    </tr>\n</table>\n<table style=\"width:700px; margin:0; padding:25px 25px 25px 15px; background-color:#fafdff; font-family: Arial, Helvetica, Tahoma, sans-serif; font-size:15px; line-height: 1.2em;\">    \n    <tr>\n    	<td>\n    Attn Water Services,<br /><br />\n    \n    A new Query has been allocated to this Department with details below:<br /><br />\n    \n    <b style=\"color:#42B521;\">Summary</b><br />\n    <b>Reference No: </b>AA0061<br />\n    <b>Issue: </b>Drain blocked<br />\n    <b>Synopsis: </b><br />\n	The drain is blocked <br /><br />\n	\n    <b style=\"color:#42B521;\">Client Details</b><br />\n    <b>Client: </b>Nombulelo Maki<br />\n    <b>Email: </b><br />\n    <b>Phone: </b>27835427077<br /><br />\n    \n    <b style=\"color:#42B521;\">Query Details</b><br />\n    <b>Date Received: </b>05/23/2014<br />\n    <b>Date Due: </b>05/23/2014<br />\n    <b>Category: </b>Water<br />\n    <b>Type: </b>General<br />\n    <b>Source: </b>Phone<br />\n    <b>Receieved By: </b>Linda Diena<br /><br />\n    \n	To view more details about this query click on the link below:<br />\n	http://q1.bsaconsulting.co.za/public/query/view/id/NjE=/<br /><br />\n	\n	If the page fails to open, copy the activation link and paste it in the address window of the browser.<br />\n    \n 			\n            <br />Q1 Support<br />admin@bsaconsulting.co.za        </td>\n    </tr>\n</table>\n<table style=\"width:700px; margin:0;\">	\n    <tr>\n    	<td style=\"padding:0; margin:0; background-color:#797b79; color:#ffffff; padding-top:10px; padding-bottom:10px; padding-left:10px; font-family: Arial, Helvetica, Tahoma, sans-serif; font-size:15px;\"><a style=\"color:#ffffff;\" href=\"http://q1.bsaconsulting.co.za/public\">http://q1.bsaconsulting.co.za/public</a></td>\n    </tr>\n</table>',	'Water Services Department allocated to Query Ref No# AA0061',	'mashiyald@gmail.com, amos@iym.gov.za',	NULL),
(625,	61,	NULL,	8,	NULL,	2,	'2014-05-23 12:07:10',	48,	NULL,	'Client notified on Department allocation. Sms sent to 27835427077',	NULL,	'Hello Nombulelo Maki, \n This is to let you know that the Water Services Department has been allocated to handle the Query with Ref No# AA0061. \n ',	NULL,	NULL,	'27835427077'),
(626,	61,	NULL,	NULL,	1,	3,	'2014-05-23 12:09:03',	48,	NULL,	'Status of Query No# AA0061 updated to <b>Logged</b>',	NULL,	'',	NULL,	NULL,	NULL),
(627,	61,	NULL,	11,	NULL,	3,	'2014-05-23 12:09:03',	48,	NULL,	'Client notified of Status update. Sms sent to 27835427077',	NULL,	'This is to let you know that the status of the Query with Ref No# AA0061 has changed to Logged',	NULL,	NULL,	'27835427077'),
(628,	62,	NULL,	1,	1,	1,	'2014-05-23 12:24:10',	48,	NULL,	'Query successfully Logged. Reference No# AA0062 generated',	NULL,	NULL,	NULL,	NULL,	NULL),
(629,	62,	NULL,	3,	NULL,	1,	'2014-05-23 12:24:11',	48,	NULL,	'Acknowledgement sms and reference sent to 27730829810',	NULL,	'Hello Mzukisi Makeleni, \nThis is to acknowledge receipt of your Query with Reference No# AA0062. \nWe shall continue to notify you of any updates to this Query. ',	NULL,	NULL,	'27730829810'),
(630,	62,	23,	4,	2,	2,	'2014-05-23 12:25:41',	48,	NULL,	'Query No# AA0062 assigned to <b>Water Services</b> Department',	NULL,	NULL,	NULL,	NULL,	NULL),
(631,	62,	NULL,	5,	NULL,	2,	'2014-05-23 12:25:42',	48,	NULL,	'Water Services Department notified on Query assignment. Email sent to mashiyald@gmail.com, amos@iym.gov.za',	NULL,	'<table style=\"width:700px; margin:0; position:relative;\">	\n    <tr>\n    	<td style=\"padding:20px 25px; margin:0; background-color:#797b79;\"><span style=\"color: #6f6f6f; font-size: 25px; font-weight: bold; height:30px; padding:10px 30px; background-color:#dddddd; display:inline-block; width:auto;\">Q1</span></td>\n    </tr>\n</table>\n<table style=\"width:700px; margin:0; padding:25px 25px 25px 15px; background-color:#fafdff; font-family: Arial, Helvetica, Tahoma, sans-serif; font-size:15px; line-height: 1.2em;\">    \n    <tr>\n    	<td>\n    Attn Water Services,<br /><br />\n    \n    A new Query has been allocated to this Department with details below:<br /><br />\n    \n    <b style=\"color:#42B521;\">Summary</b><br />\n    <b>Reference No: </b>AA0062<br />\n    <b>Issue: </b>Leakage<br />\n    <b>Synopsis: </b><br />\n	Pipe leaks<br /><br />\n	\n    <b style=\"color:#42B521;\">Client Details</b><br />\n    <b>Client: </b>Mzukisi Makeleni<br />\n    <b>Email: </b><br />\n    <b>Phone: </b>27730829810<br /><br />\n    \n    <b style=\"color:#42B521;\">Query Details</b><br />\n    <b>Date Received: </b>05/23/2014<br />\n    <b>Date Due: </b>05/27/2014<br />\n    <b>Category: </b>Water<br />\n    <b>Type: </b>General<br />\n    <b>Source: </b>Physical Delivery<br />\n    <b>Receieved By: </b>Linda Diena<br /><br />\n    \n	To view more details about this query click on the link below:<br />\n	http://q1.bsaconsulting.co.za/public/query/view/id/NjI=/<br /><br />\n	\n	If the page fails to open, copy the activation link and paste it in the address window of the browser.<br />\n    \n 			\n            <br />Q1 Support<br />admin@bsaconsulting.co.za        </td>\n    </tr>\n</table>\n<table style=\"width:700px; margin:0;\">	\n    <tr>\n    	<td style=\"padding:0; margin:0; background-color:#797b79; color:#ffffff; padding-top:10px; padding-bottom:10px; padding-left:10px; font-family: Arial, Helvetica, Tahoma, sans-serif; font-size:15px;\"><a style=\"color:#ffffff;\" href=\"http://q1.bsaconsulting.co.za/public\">http://q1.bsaconsulting.co.za/public</a></td>\n    </tr>\n</table>',	'Water Services Department allocated to Query Ref No# AA0062',	'mashiyald@gmail.com, amos@iym.gov.za',	NULL),
(632,	62,	NULL,	8,	NULL,	2,	'2014-05-23 12:25:43',	48,	NULL,	'Client notified on Department allocation. Sms sent to 27730829810',	NULL,	'Hello Mzukisi Makeleni, \n This is to let you know that the Water Services Department has been allocated to handle the Query with Ref No# AA0062. \n ',	NULL,	NULL,	'27730829810'),
(633,	62,	NULL,	NULL,	1,	3,	'2014-05-23 12:27:58',	48,	NULL,	'Status of Query No# AA0062 updated to <b>Logged</b>',	NULL,	'',	NULL,	NULL,	NULL),
(634,	62,	NULL,	11,	NULL,	3,	'2014-05-23 12:28:02',	48,	NULL,	'Client notified of Status update. Sms sent to 27730829810',	NULL,	'This is to let you know that the status of the Query with Ref No# AA0062 has changed to Logged',	NULL,	NULL,	'27730829810'),
(635,	63,	NULL,	1,	1,	1,	'2014-05-23 12:48:32',	48,	NULL,	'Query successfully Logged. Reference No# AA0063 generated',	NULL,	NULL,	NULL,	NULL,	NULL),
(636,	63,	NULL,	3,	NULL,	1,	'2014-05-23 12:48:33',	48,	NULL,	'Acknowledgement sms and reference sent to 27733058581',	NULL,	'Hello Andrew Belling, \nThis is to acknowledge receipt of your Query with Reference No# AA0063. \nWe shall continue to notify you of any updates to this Query. ',	NULL,	NULL,	'27733058581'),
(637,	63,	38,	4,	2,	2,	'2014-05-23 12:49:17',	48,	NULL,	'Query No# AA0063 assigned to <b>Electrical Services Middleburg</b> Department',	NULL,	NULL,	NULL,	NULL,	NULL),
(638,	63,	NULL,	5,	NULL,	2,	'2014-05-23 12:49:17',	48,	NULL,	'Electrical Services Middleburg Department notified on Query assignment. Email sent to francois.iym@mymtnmail.co.za',	NULL,	'<table style=\"width:700px; margin:0; position:relative;\">	\n    <tr>\n    	<td style=\"padding:20px 25px; margin:0; background-color:#797b79;\"><span style=\"color: #6f6f6f; font-size: 25px; font-weight: bold; height:30px; padding:10px 30px; background-color:#dddddd; display:inline-block; width:auto;\">Q1</span></td>\n    </tr>\n</table>\n<table style=\"width:700px; margin:0; padding:25px 25px 25px 15px; background-color:#fafdff; font-family: Arial, Helvetica, Tahoma, sans-serif; font-size:15px; line-height: 1.2em;\">    \n    <tr>\n    	<td>\n    Attn Electrical Services Middleburg,<br /><br />\n    \n    A new Query has been allocated to this Department with details below:<br /><br />\n    \n    <b style=\"color:#42B521;\">Summary</b><br />\n    <b>Reference No: </b>AA0063<br />\n    <b>Issue: </b>Street light Faulty<br />\n    <b>Synopsis: </b><br />\n	The whole area is dark<br /><br />\n	\n    <b style=\"color:#42B521;\">Client Details</b><br />\n    <b>Client: </b>Andrew Belling<br />\n    <b>Email: </b><br />\n    <b>Phone: </b>27733058581<br /><br />\n    \n    <b style=\"color:#42B521;\">Query Details</b><br />\n    <b>Date Received: </b>05/23/2014<br />\n    <b>Date Due: </b>05/27/2014<br />\n    <b>Category: </b>Electricity<br />\n    <b>Type: </b>General<br />\n    <b>Source: </b>Physical Delivery<br />\n    <b>Receieved By: </b>Linda Diena<br /><br />\n    \n	To view more details about this query click on the link below:<br />\n	http://q1.bsaconsulting.co.za/public/query/view/id/NjM=/<br /><br />\n	\n	If the page fails to open, copy the activation link and paste it in the address window of the browser.<br />\n    \n 			\n            <br />Q1 Support<br />admin@bsaconsulting.co.za        </td>\n    </tr>\n</table>\n<table style=\"width:700px; margin:0;\">	\n    <tr>\n    	<td style=\"padding:0; margin:0; background-color:#797b79; color:#ffffff; padding-top:10px; padding-bottom:10px; padding-left:10px; font-family: Arial, Helvetica, Tahoma, sans-serif; font-size:15px;\"><a style=\"color:#ffffff;\" href=\"http://q1.bsaconsulting.co.za/public\">http://q1.bsaconsulting.co.za/public</a></td>\n    </tr>\n</table>',	'Electrical Services Middleburg Department allocated to Query Ref No# AA0063',	'francois.iym@mymtnmail.co.za',	NULL),
(639,	63,	NULL,	8,	NULL,	2,	'2014-05-23 12:49:21',	48,	NULL,	'Client notified on Department allocation. Sms sent to 27733058581',	NULL,	'Hello Andrew Belling, \n This is to let you know that the Electrical Services Middleburg Department has been allocated to handle the Query with Ref No# AA0063. \n ',	NULL,	NULL,	'27733058581'),
(640,	63,	NULL,	NULL,	1,	3,	'2014-05-23 12:50:58',	48,	NULL,	'Status of Query No# AA0063 updated to <b>Logged</b>',	NULL,	'',	NULL,	NULL,	NULL),
(641,	63,	NULL,	11,	NULL,	3,	'2014-05-23 12:50:58',	48,	NULL,	'Client notified of Status update. Sms sent to 27733058581',	NULL,	'This is to let you know that the status of the Query with Ref No# AA0063 has changed to Logged',	NULL,	NULL,	'27733058581'),
(642,	64,	NULL,	1,	1,	1,	'2014-05-23 13:53:19',	48,	NULL,	'Query successfully Logged. Reference No# AA0064 generated',	NULL,	NULL,	NULL,	NULL,	NULL),
(643,	64,	NULL,	3,	NULL,	1,	'2014-05-23 13:53:20',	48,	NULL,	'Acknowledgement sms and reference sent to 27737695335',	NULL,	'Hello Venessa Stalenberg, \nThis is to acknowledge receipt of your Query with Reference No# AA0064. \nWe shall continue to notify you of any updates to this Query. ',	NULL,	NULL,	'27737695335'),
(644,	64,	38,	4,	2,	2,	'2014-05-23 13:54:39',	48,	NULL,	'Query No# AA0064 assigned to <b>Electrical Services Middleburg</b> Department',	NULL,	NULL,	NULL,	NULL,	NULL),
(645,	64,	NULL,	5,	NULL,	2,	'2014-05-23 13:54:39',	48,	NULL,	'Electrical Services Middleburg Department notified on Query assignment. Email sent to francois.iym@mymtnmail.co.za',	NULL,	'<table style=\"width:700px; margin:0; position:relative;\">	\n    <tr>\n    	<td style=\"padding:20px 25px; margin:0; background-color:#797b79;\"><span style=\"color: #6f6f6f; font-size: 25px; font-weight: bold; height:30px; padding:10px 30px; background-color:#dddddd; display:inline-block; width:auto;\">Q1</span></td>\n    </tr>\n</table>\n<table style=\"width:700px; margin:0; padding:25px 25px 25px 15px; background-color:#fafdff; font-family: Arial, Helvetica, Tahoma, sans-serif; font-size:15px; line-height: 1.2em;\">    \n    <tr>\n    	<td>\n    Attn Electrical Services Middleburg,<br /><br />\n    \n    A new Query has been allocated to this Department with details below:<br /><br />\n    \n    <b style=\"color:#42B521;\">Summary</b><br />\n    <b>Reference No: </b>AA0064<br />\n    <b>Issue: </b>Electricity meter faulty<br />\n    <b>Synopsis: </b><br />\n	The electricity meter is blank<br /><br />\n	\n    <b style=\"color:#42B521;\">Client Details</b><br />\n    <b>Client: </b>Venessa Stalenberg<br />\n    <b>Email: </b><br />\n    <b>Phone: </b>27737695335<br /><br />\n    \n    <b style=\"color:#42B521;\">Query Details</b><br />\n    <b>Date Received: </b>05/23/2014<br />\n    <b>Date Due: </b>05/26/2014<br />\n    <b>Category: </b>Electricity<br />\n    <b>Type: </b>General<br />\n    <b>Source: </b>Phone<br />\n    <b>Receieved By: </b>Linda Diena<br /><br />\n    \n	To view more details about this query click on the link below:<br />\n	http://q1.bsaconsulting.co.za/public/query/view/id/NjQ=/<br /><br />\n	\n	If the page fails to open, copy the activation link and paste it in the address window of the browser.<br />\n    \n 			\n            <br />Q1 Support<br />admin@bsaconsulting.co.za        </td>\n    </tr>\n</table>\n<table style=\"width:700px; margin:0;\">	\n    <tr>\n    	<td style=\"padding:0; margin:0; background-color:#797b79; color:#ffffff; padding-top:10px; padding-bottom:10px; padding-left:10px; font-family: Arial, Helvetica, Tahoma, sans-serif; font-size:15px;\"><a style=\"color:#ffffff;\" href=\"http://q1.bsaconsulting.co.za/public\">http://q1.bsaconsulting.co.za/public</a></td>\n    </tr>\n</table>',	'Electrical Services Middleburg Department allocated to Query Ref No# AA0064',	'francois.iym@mymtnmail.co.za',	NULL),
(646,	64,	NULL,	8,	NULL,	2,	'2014-05-23 13:54:40',	48,	NULL,	'Client notified on Department allocation. Sms sent to 27737695335',	NULL,	'Hello Venessa Stalenberg, \n This is to let you know that the Electrical Services Middleburg Department has been allocated to handle the Query with Ref No# AA0064. \n ',	NULL,	NULL,	'27737695335'),
(647,	64,	NULL,	NULL,	1,	3,	'2014-05-23 13:56:05',	48,	NULL,	'Status of Query No# AA0064 updated to <b>Logged</b>',	NULL,	'',	NULL,	NULL,	NULL),
(648,	64,	NULL,	11,	NULL,	3,	'2014-05-23 13:56:06',	48,	NULL,	'Client notified of Status update. Sms sent to 27737695335',	NULL,	'This is to let you know that the status of the Query with Ref No# AA0064 has changed to Logged',	NULL,	NULL,	'27737695335'),
(649,	65,	NULL,	1,	1,	1,	'2014-05-23 15:05:41',	48,	NULL,	'Query successfully Logged. Reference No# AA0065 generated',	NULL,	NULL,	NULL,	NULL,	NULL),
(650,	65,	NULL,	3,	NULL,	1,	'2014-05-23 15:05:42',	48,	NULL,	'Acknowledgement sms and reference sent to 27736010630',	NULL,	'Hello Unathi Goerge, \nThis is to acknowledge receipt of your Query with Reference No# AA0065. \nWe shall continue to notify you of any updates to this Query. ',	NULL,	NULL,	'27736010630'),
(651,	65,	23,	4,	2,	2,	'2014-05-23 15:06:31',	48,	NULL,	'Query No# AA0065 assigned to <b>Water Services</b> Department',	NULL,	NULL,	NULL,	NULL,	NULL),
(652,	65,	NULL,	5,	NULL,	2,	'2014-05-23 15:06:32',	48,	NULL,	'Water Services Department notified on Query assignment. Email sent to mashiyald@gmail.com, amos@iym.gov.za',	NULL,	'<table style=\"width:700px; margin:0; position:relative;\">	\n    <tr>\n    	<td style=\"padding:20px 25px; margin:0; background-color:#797b79;\"><span style=\"color: #6f6f6f; font-size: 25px; font-weight: bold; height:30px; padding:10px 30px; background-color:#dddddd; display:inline-block; width:auto;\">Q1</span></td>\n    </tr>\n</table>\n<table style=\"width:700px; margin:0; padding:25px 25px 25px 15px; background-color:#fafdff; font-family: Arial, Helvetica, Tahoma, sans-serif; font-size:15px; line-height: 1.2em;\">    \n    <tr>\n    	<td>\n    Attn Water Services,<br /><br />\n    \n    A new Query has been allocated to this Department with details below:<br /><br />\n    \n    <b style=\"color:#42B521;\">Summary</b><br />\n    <b>Reference No: </b>AA0065<br />\n    <b>Issue: </b>Water meter leaks<br />\n    <b>Synopsis: </b><br />\n	water meter leaks<br /><br />\n	\n    <b style=\"color:#42B521;\">Client Details</b><br />\n    <b>Client: </b>Unathi Goerge<br />\n    <b>Email: </b><br />\n    <b>Phone: </b>27736010630<br /><br />\n    \n    <b style=\"color:#42B521;\">Query Details</b><br />\n    <b>Date Received: </b>05/23/2014<br />\n    <b>Date Due: </b>05/26/2014<br />\n    <b>Category: </b>Water<br />\n    <b>Type: </b>General<br />\n    <b>Source: </b>Phone<br />\n    <b>Receieved By: </b>Linda Diena<br /><br />\n    \n	To view more details about this query click on the link below:<br />\n	http://q1.bsaconsulting.co.za/public/query/view/id/NjU=/<br /><br />\n	\n	If the page fails to open, copy the activation link and paste it in the address window of the browser.<br />\n    \n 			\n            <br />Q1 Support<br />admin@bsaconsulting.co.za        </td>\n    </tr>\n</table>\n<table style=\"width:700px; margin:0;\">	\n    <tr>\n    	<td style=\"padding:0; margin:0; background-color:#797b79; color:#ffffff; padding-top:10px; padding-bottom:10px; padding-left:10px; font-family: Arial, Helvetica, Tahoma, sans-serif; font-size:15px;\"><a style=\"color:#ffffff;\" href=\"http://q1.bsaconsulting.co.za/public\">http://q1.bsaconsulting.co.za/public</a></td>\n    </tr>\n</table>',	'Water Services Department allocated to Query Ref No# AA0065',	'mashiyald@gmail.com, amos@iym.gov.za',	NULL),
(653,	65,	NULL,	8,	NULL,	2,	'2014-05-23 15:06:32',	48,	NULL,	'Client notified on Department allocation. Sms sent to 27736010630',	NULL,	'Hello Unathi Goerge, \n This is to let you know that the Water Services Department has been allocated to handle the Query with Ref No# AA0065. \n ',	NULL,	NULL,	'27736010630'),
(654,	65,	NULL,	NULL,	1,	3,	'2014-05-23 15:08:15',	48,	NULL,	'Status of Query No# AA0065 updated to <b>Logged</b>',	NULL,	'',	NULL,	NULL,	NULL),
(655,	65,	NULL,	11,	NULL,	3,	'2014-05-23 15:08:15',	48,	NULL,	'Client notified of Status update. Sms sent to 27736010630',	NULL,	'This is to let you know that the status of the Query with Ref No# AA0065 has changed to Logged',	NULL,	NULL,	'27736010630'),
(656,	66,	NULL,	1,	1,	1,	'2014-05-23 15:15:14',	48,	NULL,	'Query successfully Logged. Reference No# AA0066 generated',	NULL,	NULL,	NULL,	NULL,	NULL),
(657,	66,	NULL,	3,	NULL,	1,	'2014-05-23 15:15:15',	48,	NULL,	'Acknowledgement sms and reference sent to 27849996502',	NULL,	'Hello Popi Westel, \nThis is to acknowledge receipt of your Query with Reference No# AA0066. \nWe shall continue to notify you of any updates to this Query. ',	NULL,	NULL,	'27849996502'),
(658,	66,	38,	4,	2,	2,	'2014-05-23 15:16:15',	48,	NULL,	'Query No# AA0066 assigned to <b>Electrical Services Middleburg</b> Department',	NULL,	NULL,	NULL,	NULL,	NULL),
(659,	66,	NULL,	5,	NULL,	2,	'2014-05-23 15:16:15',	48,	NULL,	'Electrical Services Middleburg Department notified on Query assignment. Email sent to francois.iym@mymtnmail.co.za',	NULL,	'<table style=\"width:700px; margin:0; position:relative;\">	\n    <tr>\n    	<td style=\"padding:20px 25px; margin:0; background-color:#797b79;\"><span style=\"color: #6f6f6f; font-size: 25px; font-weight: bold; height:30px; padding:10px 30px; background-color:#dddddd; display:inline-block; width:auto;\">Q1</span></td>\n    </tr>\n</table>\n<table style=\"width:700px; margin:0; padding:25px 25px 25px 15px; background-color:#fafdff; font-family: Arial, Helvetica, Tahoma, sans-serif; font-size:15px; line-height: 1.2em;\">    \n    <tr>\n    	<td>\n    Attn Electrical Services Middleburg,<br /><br />\n    \n    A new Query has been allocated to this Department with details below:<br /><br />\n    \n    <b style=\"color:#42B521;\">Summary</b><br />\n    <b>Reference No: </b>AA0066<br />\n    <b>Issue: </b>Electricity meter faulty<br />\n    <b>Synopsis: </b><br />\n	Meter is blank<br /><br />\n	\n    <b style=\"color:#42B521;\">Client Details</b><br />\n    <b>Client: </b>Popi Westel<br />\n    <b>Email: </b><br />\n    <b>Phone: </b>27849996502<br /><br />\n    \n    <b style=\"color:#42B521;\">Query Details</b><br />\n    <b>Date Received: </b>05/23/2014<br />\n    <b>Date Due: </b>05/26/2014<br />\n    <b>Category: </b>Electricity<br />\n    <b>Type: </b>Meter not working<br />\n    <b>Source: </b>Phone<br />\n    <b>Receieved By: </b>Linda Diena<br /><br />\n    \n	To view more details about this query click on the link below:<br />\n	http://q1.bsaconsulting.co.za/public/query/view/id/NjY=/<br /><br />\n	\n	If the page fails to open, copy the activation link and paste it in the address window of the browser.<br />\n    \n 			\n            <br />Q1 Support<br />admin@bsaconsulting.co.za        </td>\n    </tr>\n</table>\n<table style=\"width:700px; margin:0;\">	\n    <tr>\n    	<td style=\"padding:0; margin:0; background-color:#797b79; color:#ffffff; padding-top:10px; padding-bottom:10px; padding-left:10px; font-family: Arial, Helvetica, Tahoma, sans-serif; font-size:15px;\"><a style=\"color:#ffffff;\" href=\"http://q1.bsaconsulting.co.za/public\">http://q1.bsaconsulting.co.za/public</a></td>\n    </tr>\n</table>',	'Electrical Services Middleburg Department allocated to Query Ref No# AA0066',	'francois.iym@mymtnmail.co.za',	NULL),
(660,	66,	NULL,	8,	NULL,	2,	'2014-05-23 15:16:16',	48,	NULL,	'Client notified on Department allocation. Sms sent to 27849996502',	NULL,	'Hello Popi Westel, \n This is to let you know that the Electrical Services Middleburg Department has been allocated to handle the Query with Ref No# AA0066. \n ',	NULL,	NULL,	'27849996502'),
(661,	66,	NULL,	NULL,	1,	3,	'2014-05-23 15:19:43',	48,	NULL,	'Status of Query No# AA0066 updated to <b>Logged</b>',	NULL,	'',	NULL,	NULL,	NULL),
(662,	66,	NULL,	11,	NULL,	3,	'2014-05-23 15:19:44',	48,	NULL,	'Client notified of Status update. Sms sent to 27849996502',	NULL,	'This is to let you know that the status of the Query with Ref No# AA0066 has changed to Logged',	NULL,	NULL,	'27849996502'),
(663,	67,	NULL,	1,	1,	1,	'2014-05-23 15:32:29',	48,	NULL,	'Query successfully Logged. Reference No# AA0067 generated',	NULL,	NULL,	NULL,	NULL,	NULL),
(664,	67,	NULL,	2,	NULL,	1,	'2014-05-23 15:32:29',	48,	NULL,	'Acknowledgement email and reference sent to cpw.iym@mtnloaded.co.za',	NULL,	'<table style=\"width:700px; margin:0; position:relative;\">	\n    <tr>\n    	<td style=\"padding:20px 25px; margin:0; background-color:#797b79;\"><span style=\"color: #6f6f6f; font-size: 25px; font-weight: bold; height:30px; padding:10px 30px; background-color:#dddddd; display:inline-block; width:auto;\">Q1</span></td>\n    </tr>\n</table>\n<table style=\"width:700px; margin:0; padding:25px 25px 25px 15px; background-color:#fafdff; font-family: Arial, Helvetica, Tahoma, sans-serif; font-size:15px; line-height: 1.2em;\">    \n    <tr>\n    	<td>\n    Hello Inxuba Yethemba Municipality,<br /><br />\n    \n    This is to acknowledge receipt of your Query that has been successfully logged in to our system with the summary below;<br /><br />\n    \n    <b>Reference No: </b>AA0067<br />\n    <b>Date Received: </b>05/23/2014<br />\n    <b>Category: </b>General<br /><br />\n    \n    <b>Issue: </b>Toilet blocked <br />\n    <b>Synopsis: </b><br />\n	Toilet is blocked<br /><br />\n\n	We shall be notifying you in future of any updates to this Query.<br /><br />\n	\n	If you have any questions please dont hesitate to contact us.<br /><br />\n    \n 			\n            <br />Q1 Support<br />admin@bsaconsulting.co.za        </td>\n    </tr>\n</table>\n<table style=\"width:700px; margin:0;\">	\n    <tr>\n    	<td style=\"padding:0; margin:0; background-color:#797b79; color:#ffffff; padding-top:10px; padding-bottom:10px; padding-left:10px; font-family: Arial, Helvetica, Tahoma, sans-serif; font-size:15px;\"><a style=\"color:#ffffff;\" href=\"http://q1.bsaconsulting.co.za/public\">http://q1.bsaconsulting.co.za/public</a></td>\n    </tr>\n</table>',	'Query with Ref No# AA0067 Logged',	'cpw.iym@mtnloaded.co.za',	NULL),
(665,	67,	NULL,	3,	NULL,	1,	'2014-05-23 15:32:30',	48,	NULL,	'Acknowledgement sms and reference sent to 27833557320',	NULL,	'Hello Inxuba Yethemba Municipality, \nThis is to acknowledge receipt of your Query with Reference No# AA0067. \nWe shall continue to notify you of any updates to this Query. ',	NULL,	NULL,	'27833557320'),
(666,	67,	23,	4,	2,	2,	'2014-05-23 15:33:44',	48,	NULL,	'Query No# AA0067 assigned to <b>Water Services</b> Department',	NULL,	NULL,	NULL,	NULL,	NULL),
(667,	67,	NULL,	5,	NULL,	2,	'2014-05-23 15:33:44',	48,	NULL,	'Water Services Department notified on Query assignment. Email sent to mashiyald@gmail.com, amos@iym.gov.za',	NULL,	'<table style=\"width:700px; margin:0; position:relative;\">	\n    <tr>\n    	<td style=\"padding:20px 25px; margin:0; background-color:#797b79;\"><span style=\"color: #6f6f6f; font-size: 25px; font-weight: bold; height:30px; padding:10px 30px; background-color:#dddddd; display:inline-block; width:auto;\">Q1</span></td>\n    </tr>\n</table>\n<table style=\"width:700px; margin:0; padding:25px 25px 25px 15px; background-color:#fafdff; font-family: Arial, Helvetica, Tahoma, sans-serif; font-size:15px; line-height: 1.2em;\">    \n    <tr>\n    	<td>\n    Attn Water Services,<br /><br />\n    \n    A new Query has been allocated to this Department with details below:<br /><br />\n    \n    <b style=\"color:#42B521;\">Summary</b><br />\n    <b>Reference No: </b>AA0067<br />\n    <b>Issue: </b>Toilet blocked <br />\n    <b>Synopsis: </b><br />\n	Toilet is blocked<br /><br />\n	\n    <b style=\"color:#42B521;\">Client Details</b><br />\n    <b>Client: </b>Inxuba Yethemba Municipality<br />\n    <b>Email: </b>cpw.iym@mtnloaded.co.za<br />\n    <b>Phone: </b>27833557320<br /><br />\n    \n    <b style=\"color:#42B521;\">Query Details</b><br />\n    <b>Date Received: </b>05/23/2014<br />\n    <b>Date Due: </b>05/26/2014<br />\n    <b>Category: </b>Water<br />\n    <b>Type: </b>General<br />\n    <b>Source: </b>Phone<br />\n    <b>Receieved By: </b>Linda Diena<br /><br />\n    \n	To view more details about this query click on the link below:<br />\n	http://q1.bsaconsulting.co.za/public/query/view/id/Njc=/<br /><br />\n	\n	If the page fails to open, copy the activation link and paste it in the address window of the browser.<br />\n    \n 			\n            <br />Q1 Support<br />admin@bsaconsulting.co.za        </td>\n    </tr>\n</table>\n<table style=\"width:700px; margin:0;\">	\n    <tr>\n    	<td style=\"padding:0; margin:0; background-color:#797b79; color:#ffffff; padding-top:10px; padding-bottom:10px; padding-left:10px; font-family: Arial, Helvetica, Tahoma, sans-serif; font-size:15px;\"><a style=\"color:#ffffff;\" href=\"http://q1.bsaconsulting.co.za/public\">http://q1.bsaconsulting.co.za/public</a></td>\n    </tr>\n</table>',	'Water Services Department allocated to Query Ref No# AA0067',	'mashiyald@gmail.com, amos@iym.gov.za',	NULL),
(668,	67,	NULL,	7,	NULL,	2,	'2014-05-23 15:33:44',	48,	NULL,	'Client notified on Department allocation. Email sent to cpw.iym@mtnloaded.co.za',	NULL,	'<table style=\"width:700px; margin:0; position:relative;\">	\n    <tr>\n    	<td style=\"padding:20px 25px; margin:0; background-color:#797b79;\"><span style=\"color: #6f6f6f; font-size: 25px; font-weight: bold; height:30px; padding:10px 30px; background-color:#dddddd; display:inline-block; width:auto;\">Q1</span></td>\n    </tr>\n</table>\n<table style=\"width:700px; margin:0; padding:25px 25px 25px 15px; background-color:#fafdff; font-family: Arial, Helvetica, Tahoma, sans-serif; font-size:15px; line-height: 1.2em;\">    \n    <tr>\n    	<td>\n    Hello Inxuba Yethemba Municipality,<br /><br />\n    \n    This is an automated notification to let you know that the Water Services Department has been allocated to handle your Query.<br /><br />\n    \n	We shall continue to email you any updates to this Query.<br /><br />\n	\n	If you have any questions please dont hesitate to contact us.<br /><br />\n    \n 			\n            <br />Q1 Support<br />admin@bsaconsulting.co.za        </td>\n    </tr>\n</table>\n<table style=\"width:700px; margin:0;\">	\n    <tr>\n    	<td style=\"padding:0; margin:0; background-color:#797b79; color:#ffffff; padding-top:10px; padding-bottom:10px; padding-left:10px; font-family: Arial, Helvetica, Tahoma, sans-serif; font-size:15px;\"><a style=\"color:#ffffff;\" href=\"http://q1.bsaconsulting.co.za/public\">http://q1.bsaconsulting.co.za/public</a></td>\n    </tr>\n</table>',	'Department allocated to Query Ref No# AA0067',	'cpw.iym@mtnloaded.co.za',	NULL),
(669,	67,	NULL,	8,	NULL,	2,	'2014-05-23 15:33:45',	48,	NULL,	'Client notified on Department allocation. Sms sent to 27833557320',	NULL,	'Hello Inxuba Yethemba Municipality, \n This is to let you know that the Water Services Department has been allocated to handle the Query with Ref No# AA0067. \n ',	NULL,	NULL,	'27833557320'),
(671,	67,	NULL,	10,	NULL,	3,	'2014-05-23 15:36:43',	48,	NULL,	'Client notified of Status update. Email sent to cpw.iym@mtnloaded.co.za',	NULL,	'<table style=\"width:700px; margin:0; position:relative;\">	\n    <tr>\n    	<td style=\"padding:20px 25px; margin:0; background-color:#797b79;\"><span style=\"color: #6f6f6f; font-size: 25px; font-weight: bold; height:30px; padding:10px 30px; background-color:#dddddd; display:inline-block; width:auto;\">Q1</span></td>\n    </tr>\n</table>\n<table style=\"width:700px; margin:0; padding:25px 25px 25px 15px; background-color:#fafdff; font-family: Arial, Helvetica, Tahoma, sans-serif; font-size:15px; line-height: 1.2em;\">    \n    <tr>\n    	<td>\n   	Hello Inxuba Yethemba Municipality, <br />\r\n<br />\r\nThis is an automated notification to inform you of the status of your Query with the update below;<br />\r\n<br />\r\nStatus of Query No# AA0067 updated to <b>Logged</b> <br />\r\n<br />\r\nThe plumber Carel Erasmus will attend your query<br />\r\n<br />\r\nIf you have any further questions or inquiries please do not hesitate to contact us. <br />\r\n<br />\r\n    \n 			\n            <br />Q1 Support<br />admin@bsaconsulting.co.za        </td>\n    </tr>\n</table>\n<table style=\"width:700px; margin:0;\">	\n    <tr>\n    	<td style=\"padding:0; margin:0; background-color:#797b79; color:#ffffff; padding-top:10px; padding-bottom:10px; padding-left:10px; font-family: Arial, Helvetica, Tahoma, sans-serif; font-size:15px;\"><a style=\"color:#ffffff;\" href=\"http://q1.bsaconsulting.co.za/public\">http://q1.bsaconsulting.co.za/public</a></td>\n    </tr>\n</table>',	'Status Update on Query Ref No# AA0067',	'cpw.iym@mtnloaded.co.za',	NULL),
(672,	68,	NULL,	1,	1,	1,	'2014-05-23 15:47:07',	48,	NULL,	'Query successfully Logged. Reference No# AA0068 generated',	NULL,	NULL,	NULL,	NULL,	NULL),
(673,	68,	NULL,	3,	NULL,	1,	'2014-05-23 15:47:08',	48,	NULL,	'Acknowledgement sms and reference sent to 27737540992',	NULL,	'Hello Dean Gedonas, \nThis is to acknowledge receipt of your Query with Reference No# AA0068. \nWe shall continue to notify you of any updates to this Query. ',	NULL,	NULL,	'27737540992'),
(674,	68,	23,	4,	2,	2,	'2014-05-23 15:48:14',	48,	NULL,	'Query No# AA0068 assigned to <b>Water Services</b> Department',	NULL,	NULL,	NULL,	NULL,	NULL),
(675,	68,	NULL,	5,	NULL,	2,	'2014-05-23 15:48:15',	48,	NULL,	'Water Services Department notified on Query assignment. Email sent to mashiyald@gmail.com, amos@iym.gov.za',	NULL,	'<table style=\"width:700px; margin:0; position:relative;\">	\n    <tr>\n    	<td style=\"padding:20px 25px; margin:0; background-color:#797b79;\"><span style=\"color: #6f6f6f; font-size: 25px; font-weight: bold; height:30px; padding:10px 30px; background-color:#dddddd; display:inline-block; width:auto;\">Q1</span></td>\n    </tr>\n</table>\n<table style=\"width:700px; margin:0; padding:25px 25px 25px 15px; background-color:#fafdff; font-family: Arial, Helvetica, Tahoma, sans-serif; font-size:15px; line-height: 1.2em;\">    \n    <tr>\n    	<td>\n    Attn Water Services,<br /><br />\n    \n    A new Query has been allocated to this Department with details below:<br /><br />\n    \n    <b style=\"color:#42B521;\">Summary</b><br />\n    <b>Reference No: </b>AA0068<br />\n    <b>Issue: </b>Drain blocked<br />\n    <b>Synopsis: </b><br />\n	The drain is blocked <br /><br />\n	\n    <b style=\"color:#42B521;\">Client Details</b><br />\n    <b>Client: </b>Dean Gedonas<br />\n    <b>Email: </b><br />\n    <b>Phone: </b>27737540992<br /><br />\n    \n    <b style=\"color:#42B521;\">Query Details</b><br />\n    <b>Date Received: </b>05/23/2014<br />\n    <b>Date Due: </b>05/23/2014<br />\n    <b>Category: </b>Water<br />\n    <b>Type: </b>General<br />\n    <b>Source: </b>Phone<br />\n    <b>Receieved By: </b>Linda Diena<br /><br />\n    \n	To view more details about this query click on the link below:<br />\n	http://q1.bsaconsulting.co.za/public/query/view/id/Njg=/<br /><br />\n	\n	If the page fails to open, copy the activation link and paste it in the address window of the browser.<br />\n    \n 			\n            <br />Q1 Support<br />admin@bsaconsulting.co.za        </td>\n    </tr>\n</table>\n<table style=\"width:700px; margin:0;\">	\n    <tr>\n    	<td style=\"padding:0; margin:0; background-color:#797b79; color:#ffffff; padding-top:10px; padding-bottom:10px; padding-left:10px; font-family: Arial, Helvetica, Tahoma, sans-serif; font-size:15px;\"><a style=\"color:#ffffff;\" href=\"http://q1.bsaconsulting.co.za/public\">http://q1.bsaconsulting.co.za/public</a></td>\n    </tr>\n</table>',	'Water Services Department allocated to Query Ref No# AA0068',	'mashiyald@gmail.com, amos@iym.gov.za',	NULL),
(676,	68,	NULL,	8,	NULL,	2,	'2014-05-23 15:48:16',	48,	NULL,	'Client notified on Department allocation. Sms sent to 27737540992',	NULL,	'Hello Dean Gedonas, \n This is to let you know that the Water Services Department has been allocated to handle the Query with Ref No# AA0068. \n ',	NULL,	NULL,	'27737540992'),
(677,	68,	NULL,	NULL,	1,	3,	'2014-05-23 15:50:19',	48,	NULL,	'Status of Query No# AA0068 updated to <b>Logged</b>',	NULL,	'',	NULL,	NULL,	NULL),
(678,	68,	NULL,	11,	NULL,	3,	'2014-05-23 15:50:20',	48,	NULL,	'Client notified of Status update. Sms sent to 27737540992',	NULL,	'This is to let you know that the status of the Query with Ref No# AA0068 has changed to Logged',	NULL,	NULL,	'27737540992'),
(679,	67,	NULL,	NULL,	1,	3,	'2014-05-23 15:52:48',	48,	NULL,	'Status of Query No# AA0067 updated to <b>Logged</b>',	NULL,	'',	NULL,	NULL,	NULL),
(680,	67,	NULL,	10,	NULL,	3,	'2014-05-23 15:52:48',	48,	NULL,	'Client notified of Status update. Email sent to cpw.iym@mtnloaded.co.za',	NULL,	'<table style=\"width:700px; margin:0; position:relative;\">	\n    <tr>\n    	<td style=\"padding:20px 25px; margin:0; background-color:#797b79;\"><span style=\"color: #6f6f6f; font-size: 25px; font-weight: bold; height:30px; padding:10px 30px; background-color:#dddddd; display:inline-block; width:auto;\">Q1</span></td>\n    </tr>\n</table>\n<table style=\"width:700px; margin:0; padding:25px 25px 25px 15px; background-color:#fafdff; font-family: Arial, Helvetica, Tahoma, sans-serif; font-size:15px; line-height: 1.2em;\">    \n    <tr>\n    	<td>\n   	Hello Inxuba Yethemba Municipality, <br />\r\n<br />\r\nThis is an automated notification to inform you of the status of your Query with the update below;<br />\r\n<br />\r\nStatus of Query No# AA0067 updated to <b>Logged</b> <br />\r\n<br />\r\nThe plumber Carel Erasmus will attend your query<br />\r\n<br />\r\nIf you have any further questions or inquiries please do not hesitate to contact us. <br />\r\n<br />\r\n    \n 			\n            <br />Q1 Support<br />admin@bsaconsulting.co.za        </td>\n    </tr>\n</table>\n<table style=\"width:700px; margin:0;\">	\n    <tr>\n    	<td style=\"padding:0; margin:0; background-color:#797b79; color:#ffffff; padding-top:10px; padding-bottom:10px; padding-left:10px; font-family: Arial, Helvetica, Tahoma, sans-serif; font-size:15px;\"><a style=\"color:#ffffff;\" href=\"http://q1.bsaconsulting.co.za/public\">http://q1.bsaconsulting.co.za/public</a></td>\n    </tr>\n</table>',	'Status Update on Query Ref No# AA0067',	'cpw.iym@mtnloaded.co.za',	NULL),
(681,	67,	NULL,	11,	NULL,	3,	'2014-05-23 15:52:49',	48,	NULL,	'Client notified of Status update. Sms sent to 27833557320',	NULL,	'This is to let you know that the status of the Query with Ref No# AA0067 has changed to Logged',	NULL,	NULL,	'27833557320'),
(682,	69,	NULL,	1,	1,	1,	'2014-05-23 15:58:25',	48,	NULL,	'Query successfully Logged. Reference No# AA0069 generated',	NULL,	NULL,	NULL,	NULL,	NULL),
(683,	69,	NULL,	3,	NULL,	1,	'2014-05-23 15:58:26',	48,	NULL,	'Acknowledgement sms and reference sent to 27824260685',	NULL,	'Hello Department of Health, \nThis is to acknowledge receipt of your Query with Reference No# AA0069. \nWe shall continue to notify you of any updates to this Query. ',	NULL,	NULL,	'27824260685'),
(684,	69,	38,	4,	2,	2,	'2014-05-23 15:59:38',	48,	NULL,	'Query No# AA0069 assigned to <b>Electrical Services Middleburg</b> Department',	NULL,	NULL,	NULL,	NULL,	NULL),
(685,	69,	NULL,	5,	NULL,	2,	'2014-05-23 15:59:38',	48,	NULL,	'Electrical Services Middleburg Department notified on Query assignment. Email sent to francois.iym@mymtnmail.co.za',	NULL,	'<table style=\"width:700px; margin:0; position:relative;\">	\n    <tr>\n    	<td style=\"padding:20px 25px; margin:0; background-color:#797b79;\"><span style=\"color: #6f6f6f; font-size: 25px; font-weight: bold; height:30px; padding:10px 30px; background-color:#dddddd; display:inline-block; width:auto;\">Q1</span></td>\n    </tr>\n</table>\n<table style=\"width:700px; margin:0; padding:25px 25px 25px 15px; background-color:#fafdff; font-family: Arial, Helvetica, Tahoma, sans-serif; font-size:15px; line-height: 1.2em;\">    \n    <tr>\n    	<td>\n    Attn Electrical Services Middleburg,<br /><br />\n    \n    A new Query has been allocated to this Department with details below:<br /><br />\n    \n    <b style=\"color:#42B521;\">Summary</b><br />\n    <b>Reference No: </b>AA0069<br />\n    <b>Issue: </b>Power failure<br />\n    <b>Synopsis: </b><br />\n	The Kwanonzame Old Clinic dont have electricity<br /><br />\n	\n    <b style=\"color:#42B521;\">Client Details</b><br />\n    <b>Client: </b>Department of Health<br />\n    <b>Email: </b><br />\n    <b>Phone: </b>27824260685<br /><br />\n    \n    <b style=\"color:#42B521;\">Query Details</b><br />\n    <b>Date Received: </b>05/23/2014<br />\n    <b>Date Due: </b>05/23/2014<br />\n    <b>Category: </b>Electricity<br />\n    <b>Type: </b>General<br />\n    <b>Source: </b>Phone<br />\n    <b>Receieved By: </b>Linda Diena<br /><br />\n    \n	To view more details about this query click on the link below:<br />\n	http://q1.bsaconsulting.co.za/public/query/view/id/Njk=/<br /><br />\n	\n	If the page fails to open, copy the activation link and paste it in the address window of the browser.<br />\n    \n 			\n            <br />Q1 Support<br />admin@bsaconsulting.co.za        </td>\n    </tr>\n</table>\n<table style=\"width:700px; margin:0;\">	\n    <tr>\n    	<td style=\"padding:0; margin:0; background-color:#797b79; color:#ffffff; padding-top:10px; padding-bottom:10px; padding-left:10px; font-family: Arial, Helvetica, Tahoma, sans-serif; font-size:15px;\"><a style=\"color:#ffffff;\" href=\"http://q1.bsaconsulting.co.za/public\">http://q1.bsaconsulting.co.za/public</a></td>\n    </tr>\n</table>',	'Electrical Services Middleburg Department allocated to Query Ref No# AA0069',	'francois.iym@mymtnmail.co.za',	NULL),
(686,	69,	NULL,	8,	NULL,	2,	'2014-05-23 15:59:39',	48,	NULL,	'Client notified on Department allocation. Sms sent to 27824260685',	NULL,	'Hello Department of Health, \n This is to let you know that the Electrical Services Middleburg Department has been allocated to handle the Query with Ref No# AA0069. \n ',	NULL,	NULL,	'27824260685'),
(687,	69,	NULL,	NULL,	1,	3,	'2014-05-23 16:01:34',	48,	NULL,	'Status of Query No# AA0069 updated to <b>Logged</b>',	NULL,	'',	NULL,	NULL,	NULL),
(688,	70,	NULL,	1,	1,	1,	'2014-05-23 16:15:00',	48,	NULL,	'Query successfully Logged. Reference No# AA0070 generated',	NULL,	NULL,	NULL,	NULL,	NULL),
(689,	70,	NULL,	3,	NULL,	1,	'2014-05-23 16:15:00',	48,	NULL,	'Acknowledgement sms and reference sent to 27748323855',	NULL,	'Hello Lizzette De Klerk, \nThis is to acknowledge receipt of your Query with Reference No# AA0070. \nWe shall continue to notify you of any updates to this Query. ',	NULL,	NULL,	'27748323855'),
(690,	70,	38,	4,	2,	2,	'2014-05-23 16:15:44',	48,	NULL,	'Query No# AA0070 assigned to <b>Electrical Services Middleburg</b> Department',	NULL,	NULL,	NULL,	NULL,	NULL),
(691,	70,	NULL,	5,	NULL,	2,	'2014-05-23 16:15:44',	48,	NULL,	'Electrical Services Middleburg Department notified on Query assignment. Email sent to francois.iym@mymtnmail.co.za',	NULL,	'<table style=\"width:700px; margin:0; position:relative;\">	\n    <tr>\n    	<td style=\"padding:20px 25px; margin:0; background-color:#797b79;\"><span style=\"color: #6f6f6f; font-size: 25px; font-weight: bold; height:30px; padding:10px 30px; background-color:#dddddd; display:inline-block; width:auto;\">Q1</span></td>\n    </tr>\n</table>\n<table style=\"width:700px; margin:0; padding:25px 25px 25px 15px; background-color:#fafdff; font-family: Arial, Helvetica, Tahoma, sans-serif; font-size:15px; line-height: 1.2em;\">    \n    <tr>\n    	<td>\n    Attn Electrical Services Middleburg,<br /><br />\n    \n    A new Query has been allocated to this Department with details below:<br /><br />\n    \n    <b style=\"color:#42B521;\">Summary</b><br />\n    <b>Reference No: </b>AA0070<br />\n    <b>Issue: </b>Connection<br />\n    <b>Synopsis: </b><br />\n	Connect the electricity<br /><br />\n	\n    <b style=\"color:#42B521;\">Client Details</b><br />\n    <b>Client: </b>Lizzette De Klerk<br />\n    <b>Email: </b><br />\n    <b>Phone: </b>27748323855<br /><br />\n    \n    <b style=\"color:#42B521;\">Query Details</b><br />\n    <b>Date Received: </b>05/23/2014<br />\n    <b>Date Due: </b>05/23/2014<br />\n    <b>Category: </b>Electricity<br />\n    <b>Type: </b>General<br />\n    <b>Source: </b>Phone<br />\n    <b>Receieved By: </b>Linda Diena<br /><br />\n    \n	To view more details about this query click on the link below:<br />\n	http://q1.bsaconsulting.co.za/public/query/view/id/NzA=/<br /><br />\n	\n	If the page fails to open, copy the activation link and paste it in the address window of the browser.<br />\n    \n 			\n            <br />Q1 Support<br />admin@bsaconsulting.co.za        </td>\n    </tr>\n</table>\n<table style=\"width:700px; margin:0;\">	\n    <tr>\n    	<td style=\"padding:0; margin:0; background-color:#797b79; color:#ffffff; padding-top:10px; padding-bottom:10px; padding-left:10px; font-family: Arial, Helvetica, Tahoma, sans-serif; font-size:15px;\"><a style=\"color:#ffffff;\" href=\"http://q1.bsaconsulting.co.za/public\">http://q1.bsaconsulting.co.za/public</a></td>\n    </tr>\n</table>',	'Electrical Services Middleburg Department allocated to Query Ref No# AA0070',	'francois.iym@mymtnmail.co.za',	NULL),
(692,	70,	NULL,	8,	NULL,	2,	'2014-05-23 16:15:45',	48,	NULL,	'Client notified on Department allocation. Sms sent to 27748323855',	NULL,	'Hello Lizzette De Klerk, \n This is to let you know that the Electrical Services Middleburg Department has been allocated to handle the Query with Ref No# AA0070. \n ',	NULL,	NULL,	'27748323855'),
(693,	70,	NULL,	NULL,	1,	3,	'2014-05-23 16:18:22',	48,	NULL,	'Status of Query No# AA0070 updated to <b>Logged</b>',	NULL,	'',	NULL,	NULL,	NULL),
(694,	70,	NULL,	11,	NULL,	3,	'2014-05-23 16:18:23',	48,	NULL,	'Client notified of Status update. Sms sent to 27748323855',	NULL,	'This is to let you know that the status of the Query with Ref No# AA0070 has changed to Logged',	NULL,	NULL,	'27748323855');

DROP TABLE IF EXISTS `ticket_uploads`;
CREATE TABLE `ticket_uploads` (
  `id` int(11) unsigned NOT NULL auto_increment,
  `ticketid` int(11) unsigned default NULL,
  `filename` varchar(255) default NULL,
  `type` tinyint(4) unsigned default '1',
  `dateuploaded` datetime default NULL,
  `uploadedbyid` int(11) unsigned default NULL,
  `notes` varchar(1000) default NULL,
  PRIMARY KEY  (`id`),
  KEY `fk_ticket_ledger_ticketid` (`ticketid`),
  KEY `fk_ticket_ledger_uploadedbyid` (`uploadedbyid`),
  CONSTRAINT `ticket_uploads_ticketid` FOREIGN KEY (`ticketid`) REFERENCES `ticket` (`id`) ON DELETE CASCADE ON UPDATE CASCADE
) ENGINE=InnoDB DEFAULT CHARSET=utf8;


DROP TABLE IF EXISTS `useraccount`;
CREATE TABLE `useraccount` (
  `id` int(11) unsigned NOT NULL auto_increment,
  `type` tinyint(4) default NULL,
  `firstname` varchar(50) default NULL,
  `lastname` varchar(50) default NULL,
  `othernames` varchar(50) default NULL,
  `username` varchar(15) default NULL,
  `email` varchar(50) default NULL,
  `email2` varchar(50) default NULL,
  `phone` varchar(15) default NULL,
  `phone2` varchar(15) default NULL,
  `password` varchar(50) default '',
  `gender` tinyint(4) default NULL,
  `dateofbirth` date default NULL,
  `isactive` tinyint(4) unsigned default '0',
  `activationkey` varchar(50) default NULL,
  `activationdate` datetime default NULL,
  `agreedtoterms` tinyint(1) unsigned default '0',
  `bio` mediumtext,
  `profilephoto` varchar(255) default '',
  `notes` varchar(1000) default NULL,
  `securityquestion` tinyint(4) unsigned default NULL,
  `securityanswer` tinyint(4) unsigned default NULL,
  `phone_actkey` varchar(10) default NULL,
  `phone2_actkey` varchar(10) default NULL,
  `phone_isactivated` tinyint(4) unsigned default NULL,
  `phone2_isactivated` tinyint(4) unsigned default NULL,
  `country` varchar(2) default NULL,
  `city` varchar(50) default NULL,
  `town` varchar(50) default NULL,
  `postalcode` varchar(15) default NULL,
  `address` varchar(255) default NULL,
  `isinvited` tinyint(4) unsigned default NULL,
  `hasacceptedinvite` tinyint(4) unsigned default NULL,
  `invitedbyid` int(11) unsigned default NULL,
  `dateinvited` date default NULL,
  `datecreated` datetime default NULL,
  `createdby` int(11) unsigned default NULL,
  `lastupdatedate` datetime default NULL,
  `lastupdatedby` int(11) unsigned default NULL,
  `departmentid` int(11) unsigned default NULL,
  PRIMARY KEY  (`id`),
  KEY `index_useraccount_isactive` USING BTREE (`isactive`),
  KEY `index_useraccount_username` (`username`),
  KEY `index_useraccount_phone` (`phone`),
  KEY `index_useraccount_email` (`email`),
  KEY `index_useraccount_phone_isactivated` (`phone_isactivated`),
  KEY `index_useraccount_phone2_isactivated` (`phone2_isactivated`),
  KEY `fk_profile_departmentid` (`departmentid`),
  CONSTRAINT `fk_profile_departmentid` FOREIGN KEY (`departmentid`) REFERENCES `department` (`id`) ON DELETE CASCADE ON UPDATE CASCADE
) ENGINE=InnoDB DEFAULT CHARSET=utf8;

INSERT INTO `useraccount` (`id`, `type`, `firstname`, `lastname`, `othernames`, `username`, `email`, `email2`, `phone`, `phone2`, `password`, `gender`, `dateofbirth`, `isactive`, `activationkey`, `activationdate`, `agreedtoterms`, `bio`, `profilephoto`, `notes`, `securityquestion`, `securityanswer`, `phone_actkey`, `phone2_actkey`, `phone_isactivated`, `phone2_isactivated`, `country`, `city`, `town`, `postalcode`, `address`, `isinvited`, `hasacceptedinvite`, `invitedbyid`, `dateinvited`, `datecreated`, `createdby`, `lastupdatedate`, `lastupdatedby`, `departmentid`) VALUES
(1,	1,	'Unathi',	'Torico',	'Peterson',	'amalinzi',	'admin@bsaconsulting.co.za',	'',	'0836246789',	'',	'538dfdc60c01d6cfdc326e7eaa6a0ff45875887f',	2,	'1950-01-01',	1,	'',	'2013-10-01 00:00:00',	1,	'',	'1397411346.jpg',	'',	NULL,	NULL,	NULL,	NULL,	NULL,	NULL,	'ZA',	'East London',	'Chiselhurst',	'5247',	'3 Linden Road Chiselhurst',	NULL,	0,	NULL,	NULL,	'2013-09-27 15:23:38',	1,	'2014-04-13 19:51:12',	1,	NULL),
(39,	1,	'Jin',	'Browning',	NULL,	'jbrowning',	'm.herman@fituganda.com',	NULL,	'',	NULL,	'5baa61e4c9b93f3f0682250b6cf8331b7ee68fd8',	1,	NULL,	1,	'',	'2014-04-04 15:24:29',	1,	NULL,	'',	NULL,	NULL,	NULL,	NULL,	NULL,	0,	0,	'ZA',	'',	'',	'',	'',	NULL,	0,	1,	'2014-03-30',	'2014-03-30 21:43:57',	1,	'2014-05-24 12:53:17',	1,	NULL),
(40,	3,	'test',	'department',	NULL,	'department',	'hmanmstw@gmail.com',	NULL,	'1234567892',	NULL,	'5baa61e4c9b93f3f0682250b6cf8331b7ee68fd8',	1,	NULL,	1,	'',	'2014-04-04 15:29:38',	1,	NULL,	'',	NULL,	NULL,	NULL,	NULL,	NULL,	0,	0,	'ZA',	NULL,	NULL,	NULL,	NULL,	NULL,	0,	39,	'2014-04-04',	'2014-04-04 15:26:30',	1,	'2014-04-04 15:29:38',	NULL,	1),
(41,	2,	'test',	'customer care',	NULL,	'custocare',	'hmusiitwa@outlook.com',	NULL,	'1254878584',	NULL,	'5baa61e4c9b93f3f0682250b6cf8331b7ee68fd8',	1,	NULL,	1,	'',	'2014-04-04 15:30:32',	1,	NULL,	'1396614748.jpg',	NULL,	NULL,	NULL,	NULL,	NULL,	0,	0,	'ZA',	NULL,	NULL,	NULL,	NULL,	NULL,	0,	39,	'2014-04-04',	'2014-04-04 15:28:46',	1,	'2014-04-04 15:32:29',	NULL,	NULL),
(42,	7,	'Amos',	'Mthetho',	NULL,	'amos001',	'amos@iym.gov.za',	NULL,	'0734678798',	NULL,	'f7c3bc1d808e04732adf679965ccc34ca7ae3441',	1,	NULL,	1,	'',	'2014-04-06 17:06:42',	1,	NULL,	'1396796352.jpg',	NULL,	NULL,	NULL,	NULL,	NULL,	0,	0,	'ZA',	'Cradock',	'Cradock',	'5880',	'Inxuba Yethemba Municipality\r\nP.O. Box 24\r\nCradock\r\n5880',	NULL,	0,	1,	'2014-04-05',	'2014-04-05 09:48:38',	1,	'2014-04-30 08:56:53',	1,	NULL),
(43,	3,	'Mtheza',	'Sipunzi',	NULL,	'mteza001',	'mteza@iym.gov.za',	NULL,	'0715808668',	NULL,	'85512f17e19d85600a7e92175fc16d0c3d900661',	1,	NULL,	1,	'',	'2014-04-07 09:27:35',	1,	NULL,	'',	NULL,	NULL,	NULL,	NULL,	NULL,	0,	0,	'ZA',	'Cradock',	'Cradock',	'5880',	'Inxuba Yethemba Municipality\r\nP.O. Box 24\r\nCradock\r\n5880',	NULL,	0,	1,	'2014-04-07',	'2014-04-05 10:05:16',	1,	'2014-04-07 09:27:35',	1,	22),
(44,	3,	'Lulama',	'Mashiya',	NULL,	'mashiya001',	'mashiyald@gmail.com',	NULL,	'0760783803',	NULL,	'818123518bfcc05ddda99f9e39b91cf9c331b5a6',	1,	NULL,	1,	'',	'2014-04-08 20:20:38',	1,	NULL,	'1396992377.jpg',	NULL,	NULL,	NULL,	NULL,	NULL,	0,	0,	'ZA',	'Cradock',	'Cradock',	'5880',	'Ixuba Yethemba Municipality \r\nTechnical Services\r\nHigh Street\r\nCradock\r\n5880',	NULL,	0,	1,	'2014-04-07',	'2014-04-07 17:36:02',	1,	'2014-04-08 23:26:17',	NULL,	23),
(45,	2,	'Nomzamo',	'Myo',	NULL,	'Nomzamo001',	'nomzamo@iym.gov.za',	NULL,	'0822964667',	NULL,	'5f249f96f0ab043c9d82cf489bee827fff425f06',	2,	NULL,	1,	'',	'2014-04-24 09:14:45',	1,	NULL,	'',	NULL,	NULL,	NULL,	NULL,	NULL,	0,	0,	'ZA',	'Cradock',	'Cradock',	'5880',	'Ixuba Yethemba Municipality\r\nTechnical Services\r\nHigh Street Cradock\r\n5880',	NULL,	0,	1,	'2014-04-14',	'2014-04-07 17:39:04',	1,	'2014-04-24 09:14:45',	1,	NULL),
(46,	3,	'Avela',	'Mashaba',	NULL,	'Avela001',	'avelamashaba@yahoo.com',	NULL,	'0722619996',	NULL,	'71852e6d715b0d46c404f53a97f4b804ccd80c24',	1,	NULL,	1,	'',	'2014-04-24 09:04:31',	1,	NULL,	'',	NULL,	NULL,	NULL,	NULL,	NULL,	0,	0,	'ZA',	'Cradock',	'Cradock',	'5880',	'Ixuba Yethemba Municipality\r\nTechnical Services\r\nHigh Street\r\nCradock\r\n5880',	NULL,	0,	1,	'2014-04-14',	'2014-04-07 17:48:03',	1,	'2014-04-24 09:04:31',	1,	33),
(47,	2,	'Ncedisa',	'Sindelo',	NULL,	'ncedisa001',	'ncedisa_sindelo@yahoo.com',	NULL,	'0796272759',	NULL,	'0eef1471010fd9c398da1a8070e0a4e1049d3802',	2,	NULL,	1,	'',	'2014-04-10 09:48:09',	1,	NULL,	'1397128657.jpg',	NULL,	NULL,	NULL,	NULL,	NULL,	0,	0,	'ZA',	'Cradock',	'Cradock',	'5880',	'Inxuba Yethemba Municipality\r\nTechnical Services\r\nHigh Street\r\nCradock\r\n5880',	NULL,	0,	1,	'2014-04-10',	'2014-04-10 08:54:36',	1,	'2014-04-10 13:17:37',	1,	NULL),
(48,	2,	'Linda',	'Diena',	NULL,	'linda001',	'linda@iym.gov.za',	NULL,	'0787758486',	NULL,	'30ad6a6cf299ddcbda5695bfd9ad40d62e64b886',	2,	NULL,	1,	'',	'2014-05-22 12:23:13',	1,	NULL,	'',	NULL,	NULL,	NULL,	NULL,	NULL,	0,	0,	'ZA',	'Middleburg',	'Middleburg',	'',	'Inxuba Yethemba Municipality\r\nTechnical Services Department\r\nMidlleburg',	NULL,	0,	1,	'2014-04-10',	'2014-04-10 09:13:35',	1,	'2014-05-22 12:23:13',	1,	NULL),
(49,	7,	'Lennox',	'Sobahle',	NULL,	'lennox001',	'lennox@iym.gov.za',	NULL,	'0488015000',	NULL,	'e3a7bd45945072f9ad0b0f275df3d7cf60d7a9ea',	1,	NULL,	1,	'',	'2014-04-22 11:44:09',	1,	NULL,	'',	NULL,	NULL,	NULL,	NULL,	NULL,	0,	0,	'ZA',	'Cradock',	'Cradock',	'5880',	'Inxuba Yethemba Municipality\r\nNo 1 JA Calata Street\r\nCradock\r\n5880',	NULL,	0,	1,	'2014-04-14',	'2014-04-10 11:24:43',	1,	'2014-04-22 11:44:09',	1,	NULL),
(50,	7,	'Bafo',	'Sigenu',	NULL,	'Bafo001',	'thanduxolo@iym.gov.za',	NULL,	'0488015045',	NULL,	'ef995496fc6aab4961b4688f7231cf3120fc36b7',	1,	NULL,	1,	'',	'2014-04-10 16:27:07',	1,	NULL,	'',	NULL,	NULL,	NULL,	NULL,	NULL,	0,	0,	'ZA',	'Cradock',	'Cradock',	'5880',	'Inxuba Yethemba Municipality\r\nNo. 1 Calata Street\r\nCradock\r\n5880',	NULL,	0,	1,	'2014-04-10',	'2014-04-10 15:37:35',	1,	'2014-04-10 16:27:07',	1,	NULL),
(51,	7,	'Lulamile ',	'Joyiyasi',	NULL,	'lulamile001',	'lulamile@iym.gov.za',	NULL,	'0488015000',	NULL,	'',	1,	NULL,	0,	'2bf9c8',	NULL,	0,	NULL,	'',	NULL,	NULL,	NULL,	NULL,	NULL,	0,	0,	'ZA',	'Cradock',	'Cradock',	'5880',	'Inxuba Yethemba Municipality\r\nNo. 1 Calata Street\r\nCradock\r\n5880',	1,	0,	1,	'2014-05-20',	'2014-04-10 15:41:31',	1,	'2014-05-20 19:05:29',	1,	NULL),
(52,	7,	'Noluthando',	'Majiba',	NULL,	'noluthando001',	'majiba@iym.gov.za',	NULL,	'0488015000',	NULL,	'03e30b5dae0aaded715f0acbcc18dc471d11a1ab',	2,	NULL,	1,	'',	'2014-04-22 11:26:11',	1,	NULL,	'',	NULL,	NULL,	NULL,	NULL,	NULL,	0,	0,	'ZA',	'Cradock',	'Cradock',	'5880',	'Inxuba Yethemba Municipality\r\nNo. 1 Calata Street\r\nCradock\r\n5880',	NULL,	0,	1,	'2014-04-22',	'2014-04-10 15:43:52',	1,	'2014-04-22 11:26:11',	1,	NULL),
(53,	6,	'Mzwandile',	'Tantsi',	NULL,	'mzwandile001',	'mzwandile@iym.gov.za',	NULL,	'0488015000',	NULL,	'5027f39a0337ab35f5174a2a89f1eba8a4332f6d',	1,	NULL,	1,	'',	'2014-04-15 14:46:04',	1,	NULL,	'',	NULL,	NULL,	NULL,	NULL,	NULL,	0,	0,	'ZA',	'Cradock',	'Cradock',	'5880',	'Inxuba Yethemba Municipality\r\nNo. 1 Calata Street\r\nCradock\r\n5880',	NULL,	0,	1,	'2014-04-14',	'2014-04-10 15:48:40',	1,	'2014-04-15 14:46:04',	1,	NULL),
(54,	2,	'Khanyisile',	'Claasen',	NULL,	'khanyi001',	'khanyiclaasen@iym.gov.za',	NULL,	'0488015000',	NULL,	'8d6e34f987851aa599257d3831a1af040886842f',	2,	NULL,	1,	'',	'2014-04-10 16:08:17',	1,	NULL,	'',	NULL,	NULL,	NULL,	NULL,	NULL,	0,	0,	'ZA',	'Cradock',	'Cradock',	'5880',	'Inxuba Yethemba Municipality\r\nNo. 1 Calata Street\r\nCradock\r\n5880',	NULL,	0,	1,	'2014-04-10',	'2014-04-10 16:00:18',	1,	'2014-04-10 16:08:17',	1,	NULL),
(55,	3,	'Francois',	'Joubert',	NULL,	'francois001',	'francois.iym@mymtnmail.co.za',	NULL,	'0498021380',	NULL,	'8eae5a81b498b6901ac2960d91e28a8de19d8e8c',	1,	NULL,	1,	'',	'2014-04-11 09:47:38',	1,	NULL,	'',	NULL,	NULL,	NULL,	NULL,	NULL,	0,	0,	'ZA',	'Middleburg',	'Middleburg',	'5900',	'Inxuba Yethemba Municipality\r\nElectrical section\r\nVin Niekerk Street\r\nMiddleburg\r\n5900',	NULL,	0,	1,	'2014-04-11',	'2014-04-11 08:56:40',	1,	'2014-04-11 09:47:38',	1,	22),
(56,	2,	'Portia',	'Nyembe',	NULL,	'portia001',	'portia@iym.gov.za',	NULL,	'0488015084',	NULL,	'20352ce9e0b2336023b3def7fc7095910d3a0a3b',	2,	NULL,	1,	'',	'2014-04-11 10:55:09',	1,	NULL,	'',	NULL,	NULL,	NULL,	NULL,	NULL,	0,	0,	'ZA',	'Cradock',	'Cradock',	'5880',	'Inxuba Yethemba Municipality\r\nNo. 1 Calata Street\r\nCradock\r\n5880',	NULL,	0,	1,	'2014-04-11',	'2014-04-11 10:23:33',	1,	'2014-04-11 10:55:09',	NULL,	NULL),
(57,	3,	'Siyabulela',	'Salman',	NULL,	'siyabulela001',	'siyabulela@iym.gov.za',	NULL,	'0488015094',	NULL,	'fe32ba2f477d5b12d8de0753ba0e876daa0bccdc',	1,	NULL,	1,	'',	'2014-04-11 11:06:25',	1,	NULL,	'',	NULL,	NULL,	NULL,	NULL,	NULL,	0,	0,	'ZA',	'Cradock',	'Cradock',	'5880',	'Inxuba Yethemba Municipality\r\nNo. 1 Calata Street\r\nCradock\r\n5880',	NULL,	0,	1,	'2014-04-11',	'2014-04-11 10:26:56',	1,	'2014-04-11 11:06:25',	1,	15),
(58,	3,	'Lineo',	'Bebeza',	NULL,	'lineo001',	'lineobebeza@gmail.com',	NULL,	'0488015000',	NULL,	'',	2,	NULL,	0,	'7117a4',	NULL,	0,	NULL,	'',	NULL,	NULL,	NULL,	NULL,	NULL,	0,	0,	'ZA',	'Cradock',	'Cradock',	'5880',	'Inxuba Yethemba Municipality\r\nNo. 1 Calata Street\r\nCradock\r\n5880',	1,	0,	1,	'2014-05-20',	'2014-04-11 10:38:09',	1,	'2014-05-20 19:04:37',	1,	27),
(59,	3,	'Nokuzola',	'James',	NULL,	'nokuzola001',	'zola@iym.gov.za',	NULL,	'0488015089',	NULL,	'2eb35aa62cccb9eae7da326426819477d25aebc5',	2,	NULL,	1,	'',	'2014-04-14 12:07:10',	1,	NULL,	'1397470216.jpg',	NULL,	NULL,	NULL,	NULL,	NULL,	0,	0,	'ZA',	'Cradock',	'Cradock',	'5880',	'Inxuba Yethemba Municipality\r\nNo. 1 Calata Street\r\nCradock\r\n5880',	NULL,	0,	1,	'2014-04-11',	'2014-04-11 10:43:42',	1,	'2014-04-14 12:10:16',	NULL,	10),
(61,	3,	'Frieda',	'De Jager',	NULL,	'frieda001',	'frieda@iym.gov.za',	NULL,	'0488015117',	NULL,	'81506e60eee71dc76c4134679bb4df3d66491c5e',	2,	NULL,	1,	'',	'2014-05-15 10:13:10',	1,	NULL,	'',	NULL,	NULL,	NULL,	NULL,	NULL,	0,	0,	'ZA',	'Cradock',	'Cradock',	'5880',	'Inxuba Yethemba Municipality\r\nNo. 1 Calata Street \r\nCradock\r\n5880',	1,	0,	1,	'2014-04-14',	'2014-04-11 16:18:00',	1,	'2014-05-15 10:13:10',	1,	6),
(62,	2,	'Nondumiso',	'Klaas',	NULL,	'nomdumiso001',	'nondumiso@iym.gov.za',	NULL,	'0488015019',	NULL,	'',	2,	NULL,	0,	'c4ed88',	NULL,	0,	NULL,	'',	NULL,	NULL,	NULL,	NULL,	NULL,	0,	0,	'ZA',	'Cradock',	'Cradock',	'5880',	'Inxuba Yethemba Municipality\r\nNo. 1 Calata Street \r\nCradock\r\n5880',	1,	0,	70,	'2014-05-14',	'2014-04-11 16:28:11',	1,	'2014-05-14 12:52:42',	70,	NULL),
(63,	3,	'Renthia',	'Crouse',	NULL,	'renwil123',	'renthia@iym.gov.za',	NULL,	'0835093924',	NULL,	'd96e1bcbfb79586ef9bff4163a0d5d0c00920320',	2,	NULL,	1,	'',	'2014-04-24 12:00:46',	1,	NULL,	'1397541834.jpg',	NULL,	NULL,	NULL,	NULL,	NULL,	0,	0,	'ZA',	'Cradock',	'Cradock',	'5880',	'Inxuba Yethemba Municipality\r\nNo. 1 Calata Street \r\nCradock\r\n5880',	NULL,	0,	1,	'2014-04-11',	'2014-04-11 16:32:06',	1,	'2014-04-24 12:00:46',	NULL,	1),
(64,	3,	'Ludwe',	'Hanana',	NULL,	'ludwe001',	'ludwe@iym.gov.za',	NULL,	'0488015015',	NULL,	'0584499f22e80f1d21fe6c0aab6d1540c77a9ff4',	1,	NULL,	1,	'',	'2014-04-23 09:54:23',	1,	NULL,	'',	NULL,	NULL,	NULL,	NULL,	NULL,	0,	0,	'ZA',	'Cradock',	'Cradock',	'5880',	'Inxuba Yethemba Municipality\r\nNo. 1 Calata Street \r\nCradock\r\n5880',	NULL,	0,	1,	'2014-04-14',	'2014-04-11 16:40:05',	1,	'2014-04-23 09:54:23',	1,	1),
(65,	3,	'Alda-Lea',	'Hufkie',	NULL,	'alda001',	'alda@iym.gov.za',	NULL,	'0488015031',	NULL,	'bd43603cdea5b89753c2db1f8887bf7231745d3b',	2,	NULL,	1,	'',	'2014-04-25 08:41:22',	1,	NULL,	'',	NULL,	NULL,	NULL,	NULL,	NULL,	0,	0,	'ZA',	'Cradock',	'Cradock',	'5880',	'Inxuba Yethemba Municipality\r\nNo. 1 Calata Street \r\nCradock\r\n5880',	NULL,	0,	1,	'2014-04-14',	'2014-04-11 16:46:10',	1,	'2014-04-25 08:41:22',	1,	1),
(66,	6,	'Nyameka',	'Goniwe',	NULL,	'nyameka001',	'nyameka@iym.gov.za',	NULL,	'0488015000',	NULL,	'55f7cf422ef0465d5012f983441b17c88583ce20',	2,	NULL,	1,	'',	'2014-04-22 14:38:14',	1,	NULL,	'',	NULL,	NULL,	NULL,	NULL,	NULL,	0,	0,	'ZA',	'Cradock',	'Cradock',	'5880',	'Inxuba Yethemba Municipality\r\nNo. 1 Calata Street \r\nCradock\r\n5880',	NULL,	0,	1,	'2014-04-22',	'2014-04-11 16:56:16',	1,	'2014-04-22 14:38:14',	1,	NULL),
(67,	2,	'Sonwabise',	'Panziso',	NULL,	'sosh001',	'sosh@iym.gov.za',	NULL,	'0488015119',	NULL,	'72643a955463dfb52fe11f0161050cb31c517370',	1,	NULL,	1,	'',	'2014-04-22 08:55:15',	1,	NULL,	'1398159533.jpg',	NULL,	NULL,	NULL,	NULL,	NULL,	0,	0,	'ZA',	'Cradock',	'Cradock',	'5880',	'Inxuba Yethemba Municipality\r\nNo. 1 Calata Street\r\nCradock\r\n5880',	NULL,	0,	1,	'2014-04-22',	'2014-04-22 08:50:32',	1,	'2014-04-22 11:38:53',	NULL,	NULL),
(68,	2,	'Siviwe',	'Lemoen',	NULL,	'siviwe001',	'slemoen1@gmail.com',	NULL,	'0783252997',	NULL,	'2ff5e238f0a783b1c4e1cb6abe837ec0a187fc63',	1,	NULL,	1,	'',	'2014-04-24 11:43:40',	1,	NULL,	'',	NULL,	NULL,	NULL,	NULL,	NULL,	0,	0,	'ZA',	'Cradock',	'Cradock',	'5880',	'Inxuba Yethemba Municipality\r\nNo. 1 Calata Street\r\nCradock\r\n5880',	NULL,	0,	1,	'2014-04-24',	'2014-04-24 10:33:04',	1,	'2014-04-24 11:43:40',	1,	NULL),
(69,	3,	'Lucille',	'Charmaine',	NULL,	'lucille001',	'lucille@iym.gov.za',	NULL,	'0733770290',	NULL,	'0f418541e056e5cf804c4ce89755c4670358df0b',	2,	NULL,	1,	'',	'2014-04-26 09:26:11',	1,	NULL,	'',	NULL,	NULL,	NULL,	NULL,	NULL,	0,	0,	'ZA',	'Cradock',	'Cradock',	'5880',	'Inxuba Yethemba Municipality\r\nNo. 1 Calata Street\r\nCradock\r\n5880',	NULL,	0,	1,	'2014-04-24',	'2014-04-24 10:44:16',	1,	'2014-04-26 09:26:11',	NULL,	29),
(70,	1,	'Sonwabo',	'Luzipo',	NULL,	'sonwabo001',	'sonwabo@iym.gov.za',	NULL,	'0732125608',	NULL,	'92412a4a94f8d8463c8e124e749474888331e838',	1,	NULL,	1,	'',	'2014-04-29 08:32:58',	1,	NULL,	'',	NULL,	NULL,	NULL,	NULL,	NULL,	0,	0,	'ZA',	'Cradock',	'Cradock',	'5880',	'Inxuba Yethemba Municipality\r\nNumber 1 Calata Street\r\nCradock\r\n5880',	NULL,	0,	1,	'2014-04-25',	'2014-04-25 16:38:37',	1,	'2014-04-29 08:32:58',	NULL,	NULL),
(71,	6,	'Lena',	'Davids',	NULL,	'lena001',	'lena@iym.gov.za',	NULL,	'0743771704',	NULL,	'',	2,	NULL,	0,	'2861a3',	NULL,	0,	NULL,	'',	NULL,	NULL,	NULL,	NULL,	NULL,	0,	0,	'ZA',	'Cradock',	'Cradock',	'5880',	'Inxuba Yethemba Municipality\r\nNo. 1 Calata Street\r\nCradock\r\n5880',	1,	0,	1,	'2014-05-20',	'2014-04-29 17:41:55',	1,	'2014-05-20 19:03:19',	1,	NULL),
(72,	2,	'Thando',	'Sindelo',	NULL,	'thando001',	'thando@iym.gov.za',	NULL,	'0835468723',	NULL,	'ed82d78e50c7136b01146bfcbae901663947af6f',	1,	NULL,	1,	'',	'2014-05-14 13:08:05',	1,	NULL,	'',	NULL,	NULL,	NULL,	NULL,	NULL,	0,	0,	'ZA',	'Cradock ',	'Cradock',	'5881',	'24 Qhina Street\r\nLingelihle ',	NULL,	0,	1,	'2014-05-14',	'2014-05-14 13:05:04',	1,	'2014-05-14 13:15:06',	1,	NULL);

DROP TABLE IF EXISTS `userdetail`;
CREATE TABLE `userdetail` (
  `id` int(11) unsigned NOT NULL auto_increment,
  `type` tinyint(4) unsigned default NULL,
  `userid` int(11) unsigned default NULL,
  `clientid` int(11) unsigned default NULL,
  `departmentid` int(11) unsigned default NULL,
  PRIMARY KEY  (`id`),
  KEY `fk_userdetail_userid` (`userid`),
  KEY `fk_userdetail_clientid` (`clientid`),
  KEY `fk_userdetail_departmentid` (`departmentid`),
  KEY `fk_userdetail_type` (`type`),
  CONSTRAINT `fk_userdetail_clientid` FOREIGN KEY (`clientid`) REFERENCES `client` (`id`) ON DELETE CASCADE ON UPDATE CASCADE,
  CONSTRAINT `fk_userdetail_departmentid` FOREIGN KEY (`departmentid`) REFERENCES `department` (`id`) ON DELETE CASCADE ON UPDATE CASCADE,
  CONSTRAINT `fk_userdetail_userid` FOREIGN KEY (`userid`) REFERENCES `useraccount` (`id`) ON DELETE CASCADE ON UPDATE CASCADE
) ENGINE=InnoDB DEFAULT CHARSET=utf8;


-- 2014-05-24 13:16:14
